volume_1d,vw,open_1d,close_1d,high_1d,low_1d,t,transactions_1d,timestamp,sma20_1d,sma50_1d,sma100_1d,sma200_1d,close_over_sma20_1d,close_over_sma50_1d,close_over_sma100_1d,close_over_sma200_1d,rsi14_1d,macd_1d,macd_signal_1d,macd_hist_1d,bb_upper_1d,bb_lower_1d,prev_close_1d,tr_1d,atr14_1d,obv_1d,news_count,avg_sentiment,log_return_1d,ret_5_1d,vol_5_1d,avg_vol_20_1d,vol_ratio_1d,cum_vol_price_1d,cum_vol_1d,vwap_1d,stoch_k_1d,stoch_d_1d,dow_1d,month_1d,avg_sentiment_lag1_1d,sentiment_5d_ma_1d,close_lag1_1d,close_lag2_1d,close_lag3_1d,close_lag4_1d,close_lag5_1d,ema12_1d,ema26_1d,ema_diff_1d,ema_cross_1d,upper_atr_band_1d,lower_atr_band_1d,cmf20_1d,plus_di14_1d,minus_di14_1d,adx14_1d,cci20_1d,vpt_1d,roll_skew_10_1d,roll_kurt_10_1d,ret_10_1d,ret_20_1d,ret_50_1d,mom_vol_ratio_1d,vol_spike_1d,is_day_end_1d,is_week_end_1d,is_month_end_1d,is_quarter_end_1d,is_year_end_1d
4152919.0,181.3254,180.99,181.56,181.6307,180.64,1689566400000,31564,2023-07-17,,,,,0,0,0,0,,0.0,0.0,0.0,,,,0.990700000000004,,0.0,2.0,-0.075,,,,,,754003973.64,4152919.0,181.56,,,0,7,,,,,,,,181.56,181.56,0.0,0,,,0.8572726355102681,0.0,0.0,0.0,0.0,0.0,,,,,,,0,1,0,0,0,0
8242597.0,183.4917,182.79,183.64,184.23,182.32,1689652800000,70296,2023-07-18,,,,,0,0,0,0,,0.1659259259259329,0.0331851851851865,0.1327407407407463,,,181.56,2.6699999999999875,,8242597.0,1.0,0.16,0.0113911417927562,,,,,2267674486.72,12395516.0,182.94312933160668,,,1,7,-0.075,,181.56,,,,,181.88,181.71407407407406,0.16592592592593292,1,,,0.5413647772790587,71.00554519352723,0.0,49.9999999929583,66.66666603766753,94429.39942718523,,,,,,,0,1,0,0,0,0
3847365.0,183.5,183.45,183.67,183.835,182.87,1689739200000,37709,2023-07-19,,,,,0,0,0,0,,0.2964271393900901,0.0858335760261673,0.2105935633639228,,,183.64,0.9650000000000034,,12089962.0,1.0,0.0,0.0001633497594223,,,,,2974320016.2699995,16242881.0,183.1152993283642,,,2,7,0.16,,183.64,181.56,,,,182.1553846153846,181.85895747599452,0.29642713939009013,1,,,0.5689989070166138,56.19257613724938,0.0,66.66666665604022,52.15056208807471,95057.91690703738,,,,,,,0,1,0,0,0,0
4972856.0,182.9377,183.73,182.74,183.77,182.47,1689825600000,39338,2023-07-20,,,,,0,0,0,0,,0.321105558606888,0.1328879725423114,0.1882175860645766,,,183.67,1.3000000000000114,,7117106.0,2.0,0.0666666666666666,-0.0050762915699689,,,,,3883059721.71,21215737.0,183.02733116035515,,,3,7,0.0,,183.67,183.64,181.56,,,182.24532544378698,181.9242198851801,0.32110555860688805,1,,,0.29859784803724054,43.86485977375687,6.7502573421702,68.33177740313837,18.791440460539288,69878.21374375606,1.0075372339695263,,,,,,0,1,0,0,0,0
3845361.0,182.1428,182.06,182.18,182.46,181.68,1689912000000,31811,2023-07-21,,,,,0,0,0,0,,0.2921088151601339,0.1647321410658759,0.1273766740942579,,,182.74,1.0600000000000025,,3271745.0,0.0,0.0,-0.0030691682538107,,,,,4583607588.69,25061098.0,182.89731713630425,,,4,7,0.0666666666666666,0.0303333333333333,182.74,183.67,183.64,181.56,,182.23527537551206,181.94316656035193,0.2921088151601339,1,,,0.29605895211471,37.2088694945261,17.034799637781703,62.10373506604748,-47.11530229748331,58094.24657729006,1.5136481117972964,2.271143884743884,,,,,0,1,1,0,0,0
4370026.0,181.7945,182.22,181.4,182.54,181.34,1690171200000,38720,2023-07-24,,,,,0,0,0,0,,0.2038394712612898,0.1725536071049587,0.0312858641563311,,,182.18,1.1999999999999886,,-1098281.0,2.0,0.125,-0.0042906716356276,-0.0008812513769552,0.0067680818859499,,,5376330305.089999,29431124.0,182.6749907713344,,,0,7,0.0,0.0703333333333333,182.18,182.74,183.67,183.64,181.56,182.10677147158714,181.90293200032585,0.20383947126128987,1,,,0.11846435130116258,31.754156600224594,18.691132073382708,56.069017590550125,-62.800138065364706,39384.06829207743,1.7960081385337878,3.2218371964119874,,,,-0.13020676902815373,0,1,0,0,0,0
4090149.0,182.1618,181.72,182.41,182.47,181.1,1690257600000,32946,2023-07-25,,,,,0,0,0,0,,0.2129294215255583,0.1806287699890786,0.0323006515364797,,,181.4,1.3700000000000043,,2991868.0,2.0,0.0,0.0055523630177869,-0.0066978871705509,0.0043422633997346,,,6122414384.179999,33521273.0,182.6426575201962,,,1,7,0.125,0.0383333333333333,181.4,182.18,182.74,183.67,183.64,182.15342201441987,181.94049259289432,0.21292942152555838,1,,,0.2153386831832637,27.201565529263604,18.522975796097743,50.77060893481485,-39.34036303701916,62157.22424577069,1.005398242095998,-0.22780410736986312,,,,-1.5424839833807504,0,1,0,0,0,0
6158432.0,182.9677,182.66,183.3,183.64,182.31,1690344000000,47004,2023-07-26,,,,,0,0,0,0,,0.2886217823135268,0.2022273724539683,0.0863944098595585,,,182.41,1.329999999999984,,9150300.0,4.0,-0.275,0.0048672541468361,-0.0020144824957804,0.0051793828056363,,,7251254969.78,39679705.0,182.74467942188585,,,2,7,0.0,-0.0166666666666666,182.41,181.4,182.18,182.74,183.67,182.32981862758604,182.0411968452725,0.28862178231352686,1,,,0.25776872046923954,34.62616089491145,16.259863843152264,48.93590883480421,52.89945452529908,92204.9435594048,0.5986534827728389,-0.8492132066233615,,,,-0.38894182607432426,0,1,0,0,0,0
7592752.0,180.7189,181.64,180.42,181.64,180.32,1690430400000,67059,2023-07-27,,,,,0,0,0,0,,0.1148921871210291,0.1847603353873805,-0.0698681482663513,,,183.3,2.980000000000018,,1557548.0,1.0,0.0,-0.0158366886171667,-0.0126956331399804,0.0086674588048499,,,8621139285.619999,47272457.0,182.3712967917026,,,3,7,-0.275,-0.03,183.3,182.41,181.4,182.18,182.74,182.03600037718817,181.92110819006714,0.11489218712102911,1,,,0.08008578348580014,27.184346966121804,27.117274982786952,43.51230979298586,-124.98163028600833,-27091.978208190194,-0.4308561055263167,0.5882942025115568,,,,-1.4647451783012513,0,1,0,0,0,0
3829197.0,181.8748,181.48,181.86,182.27,181.25,1690516800000,33617,2023-07-28,,,,,0,0,0,0,,0.0923417386127312,0.1662766160324506,-0.0739348774197194,,,180.42,1.8500000000000227,,5386745.0,1.0,0.03125,0.0079496940692741,-0.0017565045559336,0.0098273719271423,,,9317517052.04,51101654.0,182.3329838216195,,,4,7,0.0,-0.02375,180.42,183.3,182.41,181.4,182.18,182.0089233960823,181.91658165746958,0.0923417386127312,1,,,0.08877745321746973,27.993026064385937,23.925119451297114,39.9446019098804,-40.67545723375959,3470.2858423586913,-0.6308090331478992,0.37958165090387025,,,,-0.1787357577995723,0,1,1,0,0,0
5496890.0,182.6997,182.43,182.35,183.09,182.31,1690776000000,42913,2023-07-31,,,,,0,0,0,0,,0.1127099998826963,0.1555632928024997,-0.0428532929198034,,,181.86,1.2299999999999898,,10883635.0,1.0,0.35,0.0026907569569222,0.0052370452039691,0.0096215990657799,,,10319874943.54,56598544.0,182.33463644471135,,,0,7,0.03125,0.0212499999999999,181.86,180.42,183.3,182.41,181.4,182.06139671976194,181.94868671987925,0.11270999988269637,1,,,-0.007004274048749351,30.80014397115483,22.18851978838976,37.79071297586822,26.202980534204197,18280.99792857794,-0.7556491727551001,0.8049199876883638,0.004351178673716705,,,0.5443003522763269,0,1,0,1,0,0
6289869.0,180.5679,180.85,180.46,181.375,180.19,1690862400000,50506,2023-08-01,,,,,0,0,0,0,,-0.0233856358730975,0.1197735070673803,-0.1431591429404778,,,182.35,2.1599999999999966,,4593766.0,2.0,0.0625,-0.0104187706883345,-0.0106902033879721,0.0103727602035447,,,11454944703.28,62888413.0,182.1471421656005,,,1,8,0.35,0.0337499999999999,182.35,181.86,180.42,183.3,182.41,181.81502799364472,181.83841362951782,-0.0233856358730975,0,,,-0.06074300674775456,27.3180254964131,30.77615579079753,35.13753919805922,-125.86387336134538,-46911.50226336049,-0.5973538710697929,-0.272553166018399,-0.01731648878240022,,,-1.0306025466869904,0,1,0,0,0,0
6348266.0,179.87,180.57,179.6,180.79,179.41,1690948800000,53305,2023-08-02,,,,,0,0,0,0,,-0.1983507563555804,0.0561486543827881,-0.2544994107383685,,,180.46,1.3799999999999957,,-1754500.0,1.0,0.0,-0.0047769906982555,-0.0201854882705947,0.0096104398114827,,,12595093276.88,69236679.0,181.91359635952497,,,2,8,0.0625,0.08875,180.46,182.35,181.86,180.42,183.3,181.4742544561609,181.6726052125165,-0.19835075635558042,0,,,-0.12161507701485479,25.477772287264894,32.510482906363826,33.36756071952709,-156.28992187884631,-77164.79252159022,-0.35686970838855664,-0.5147529089729096,-0.022159307453585186,,,-2.1003687305537766,0,1,0,0,0,0
4638874.0,179.5824,179.44,179.54,179.95,179.28,1691035200000,36033,2023-08-03,,,,,0,0,0,0,,-0.337957608512994,-0.0226725981963682,-0.3152850103166258,,,179.6,0.6699999999999875,1.5111214285714285,-6393374.0,3.0,0.0833333333333333,-0.0003341315395567,-0.0048775080368029,0.0070203017572381,,,13427956714.839998,73875553.0,181.76455091767636,5.252525252525081,,3,8,0.0,0.1054166666666666,179.6,180.46,182.35,181.86,180.42,181.17667684752078,181.51463445603378,-0.33795760851299406,0,182.56224285714285,176.51775714285714,-0.12803664467235668,24.67089246648854,32.095369081573686,31.918379983545776,-150.6883861426075,-78714.52771089967,-0.5921278183881747,-0.2281533797660862,-0.017511218124110828,,,-0.6947708599655962,0,1,0,0,0,0
5326191.0,180.2657,180.25,180.19,180.77,179.85,1691121600000,43018,2023-08-04,,,,,0,0,0,0,45.29209621993126,-0.3916329757757921,-0.096464673712253,-0.295168302063539,,,179.54,1.2300000000000182,1.5282142857142864,-1067183.0,1.0,0.8,0.0036138254101804,-0.0091828879357748,0.0058043238793888,,,14387683071.129995,79201744.0,181.6586648790208,18.383838383838356,,4,8,0.0833333333333333,0.2591666666666666,179.54,179.6,180.46,182.35,181.86,181.02488040944067,181.41651338521646,-0.39163297577579215,0,183.24642857142857,177.13357142857143,-0.13696944678225348,28.22762326327301,31.73638699147641,32.336340656088204,-93.2177992726606,-59431.782083184386,-0.8336433049697876,-0.15526727361065948,-0.010923262707212666,,,-1.582074382106662,0,1,1,0,0,0
4510408.0,179.6451,180.15,179.78,180.15,179.27,1691380800000,35464,2023-08-07,,,,,0,0,0,0,35.01552795031064,-0.4619298250469228,-0.169557703979187,-0.2923721210677358,,,180.19,0.9199999999999876,1.4032142857142864,-5577591.0,1.0,0.0,-0.0022779685934696,-0.0140937757060597,0.0052306024859941,,,15198564221.369995,83712152.0,181.55744247704916,11.171960569550738,11.602774735304726,0,8,0.8,0.1891666666666666,180.19,179.54,179.6,180.46,182.35,180.8333603464498,181.29529017149673,-0.4619298250469228,0,182.58642857142857,176.97357142857143,-0.12101772453273954,17.510816992868122,37.51590733646429,27.790285416764952,-111.7867916922053,-69694.65616054721,-0.9457109903284093,0.13766933791825306,-0.008930540242557905,,,-2.694479039270889,0,1,0,0,0,0
6162879.0,178.775,178.64,178.64,179.33,178.46,1691467200000,49146,2023-08-08,,,,,0,0,0,0,32.02287348105794,-0.602681717495301,-0.2561825066824098,-0.3464992108128911,,,179.78,1.3199999999999932,1.4285714285714286,-11740470.0,1.0,0.0,-0.0063612736133508,-0.0100853374709077,0.0039081989550675,,,16299500925.929996,89875031.0,181.35738863811903,3.389830508474168,10.981876487287757,1,8,0.0,0.1766666666666667,179.78,180.19,179.54,179.6,180.46,180.49592029314982,181.09860201064512,-0.602681717495301,0,181.49714285714285,175.78285714285713,-0.15291651274304355,17.19999999140013,40.89999997955003,23.56112387339885,-143.53127694914454,-108773.98678686848,-0.5596286440444443,-0.3137255458783156,-0.020667726550079535,,,-2.5805522649526584,0,1,0,0,0,0
4643998.0,178.1247,178.68,177.79,178.92,177.78,1691553600000,42098,2023-08-09,,,,,0,0,0,0,32.20704529115744,-0.7738955167924928,-0.3597251087044264,-0.4141704080880664,,,178.64,1.1399999999999864,1.4171428571428553,-16384468.0,2.0,0.0,-0.004769529003422,-0.0100779510022271,0.0039068877076846,,,17125157330.349997,94519029.0,181.18211233792928,0.1706484641636677,4.910813180729524,2,8,0.0,0.1766666666666667,178.64,179.78,180.19,179.54,179.6,180.07962486343447,180.85352038022697,-0.7738955167924928,0,180.6242857142857,174.9557142857143,-0.1936742354184595,17.338709668680238,42.64112901076565,21.336678466121242,-154.1799420085704,-130870.93203989095,-0.2826044846136046,-0.016195033831833832,-0.030060010911074797,,,-2.5795277369060527,0,1,0,0,0,0
5934598.0,177.9707,178.22,177.6,178.7,177.54,1691640000000,46396,2023-08-10,,,,,0,0,0,0,33.08714918759233,-0.9143747553667368,-0.4706550380368885,-0.4437197173298482,,,177.79,1.1599999999999966,1.4242857142857122,-22319066.0,1.0,-0.5,-0.0010692479704105,-0.0108053915561991,0.0038405804858201,,,18179141935.15,100453627.0,180.97048835429305,0.9836065573770874,1.5146951766716412,3,8,0.0,0.06,177.79,178.64,179.78,180.19,179.54,179.69814411521378,180.61251887058052,-0.9143747553667367,0,180.44857142857143,174.75142857142856,-0.23519882206976647,17.251755257145717,39.66900700116919,21.49322805092776,-144.15271284045113,-137213.09762850654,0.19408293015406833,-0.1088357414873811,-0.01563019620884598,,,-2.8134714169849255,0,1,0,0,0,0
5289694.0,177.8252,177.7,177.6,178.36,177.49,1691726400000,40079,2023-08-11,180.8365,,,,0,0,0,0,35.109717868338564,-1.0140166117383842,-0.5793273527771877,-0.4346892589611965,184.7876611884156,176.8853388115844,177.6,0.8700000000000045,1.4007142857142847,-22319066.0,3.0,0.0,0.0,-0.0143737166324435,0.0026279285166451,5287166.05,1.00047812948867,19118591589.55,105743321.0,180.80188336008473,1.7886178861786282,0.980957635906461,4,8,-0.5,-0.1,177.6,177.79,178.64,179.78,180.19,179.3753527128732,180.38936932461158,-1.0140166117383842,0,180.40142857142857,174.79857142857142,-0.2608074411897933,17.542070363313726,38.85772563036327,22.34311530079473,-134.23723992536253,-137213.09762850654,-0.4325225265700959,-0.12159417476013092,-0.023424612339162043,,,-5.469578736869914,0,1,1,0,0,0
9554477.0,177.042,176.86,177.06,177.58,176.5787,1691985600000,47064,2023-08-14,180.6115,,,,0,0,0,0,28.234336859235256,-1.1236047714399433,-0.6881828365097389,-0.4354219349302044,184.88827830049428,176.33472169950574,177.6,1.0212999999999963,1.3758071428571412,-31873543.0,1.0,0.0,-0.0030451723751665,-0.0151296028479251,0.0026051492414423,5557243.95,1.7192833508775514,20810307287.17,115297798.0,180.49180164889185,6.816025377763376,3.1960832737730307,0,8,0.0,-0.1,177.6,177.6,177.79,178.64,179.78,179.0191446032004,180.14274937464035,-1.1236047714399433,0,179.81161428571428,174.30838571428572,-0.28348680812684085,17.85964601669703,43.04641948204625,23.941209313646272,-142.39366522139437,-166263.87229066814,-0.32290009196247843,0.6410837955969585,-0.02901014532492452,-0.024785194976867153,,-5.807553951883904,0,1,0,0,0,0
7582703.0,176.8324,176.75,176.59,177.43,176.33,1692072000000,58487,2023-08-15,180.259,,,,0,0,0,0,21.73546756529069,-1.2341527054347523,-0.7973768102947416,-0.4367758951400107,184.64550994227577,175.8724900577243,177.06,1.0999999999999943,1.3593785714285704,-39456246.0,2.0,0.0,-0.0026579967578701,-0.0114755933721449,0.0018429877718844,5524249.25,1.3726214471586342,22149336809.94,122880501.0,180.25102949360533,3.8461538461537166,4.15026570336524,1,8,0.0,-0.1,177.06,177.6,177.6,177.79,178.64,178.64543004886187,179.87958275429662,-1.2341527054347523,0,179.30875714285713,173.87124285714287,-0.34988076814846364,11.927719067048852,44.873445300702805,25.506126598919042,-136.08962606143083,-186391.91030038244,0.5847634157253273,0.5613234718177813,-0.021445195611215828,-0.03839032890437799,,-6.226591017747955,0,1,0,0,0,0
6559418.0,176.1564,176.62,175.57,176.945,175.56,1692158400000,49835,2023-08-16,179.85399999999998,,,,0,0,0,0,25.774225774225854,-1.3880674377049331,-0.91551493577678,-0.4725525019281531,184.40703900823675,175.30096099176322,176.59,1.384999999999991,1.245449999999997,-46015664.0,2.0,-0.025,-0.0057928376439157,-0.0124866415433938,0.0022057399765778,5659851.9,1.1589380987159752,23300973828.199997,129439919.0,180.01381651204522,0.1328021248338765,3.598327116250323,2,8,0.0,-0.105,176.59,177.06,177.6,177.6,177.79,178.17228696442157,179.5603544021265,-1.3880674377049331,0,178.06089999999998,173.0791,-0.4209735095747678,13.018817058080911,41.98138364103549,29.258662480654067,-146.3655791356726,-224279.70892997683,0.49230042333575574,0.2681286935647762,-0.022438752783964344,-0.04410083301573475,,-5.660950550146533,0,1,0,0,0,0
7937672.0,175.4457,176.53,175.3,176.56,174.93,1692244800000,51703,2023-08-17,179.482,,,,0,0,0,0,12.89592760180983,-1.5143759323587176,-1.0352871350931676,-0.47908879726555,184.25275565017571,174.71124434982428,175.57,1.6299999999999957,1.2297357142857095,-53953336.0,2.0,0.0,-0.0015390318539283,-0.0129504504504504,0.0021378237856397,5808092.7,1.3666572504946417,24692447729.799995,137377591.0,179.74145237267987,4.534313725490254,2.8377565654926156,3,8,-0.025,-0.005,175.57,176.59,177.06,177.6,177.6,177.73039666220288,179.2447725945616,-1.5143759323587176,0,177.75947142857143,172.8405285714286,-0.4225123037722857,9.525856305056461,46.17716928365736,33.398839264221756,-142.64513233104492,-236486.64314424995,0.6408318810232785,0.7797060173164121,-0.023615907318703222,-0.04071358213855747,,-6.057744309890425,0,1,0,0,0,0
6253027.0,175.4886,175.83,175.33,176.055,175.1,1692331200000,40725,2023-08-18,179.1395,,,,0,0,0,0,8.114558472553782,-1.5936845713910657,-1.1469666223527473,-0.4467179490383184,184.07538993735508,174.2036100626449,175.3,0.9550000000000124,1.210092857142854,-47700309.0,2.0,0.2166666666666666,0.0001711205548481,-0.0127815315315313,0.0021907083994917,5928476.0,1.0547444233560193,25788790953.709995,143630618.0,179.5493977036985,6.2063615205586675,3.6244924569609327,4,8,0.0,0.0383333333333333,175.3,175.57,176.59,177.06,177.6,177.36110486801783,178.9547894394089,-1.5936845713910657,0,177.75018571428572,172.9098142857143,-0.4504150755472199,4.84024248148607,46.92674113147949,38.045129430183366,-126.99182944707374,-235416.53013797515,-0.38784006106671737,-1.03216646426827,-0.026971530051612125,-0.03760017565045559,,-5.834401872233751,0,1,1,0,0,0
4046360.0,175.5262,175.9,175.81,175.94,174.96,1692590400000,35674,2023-08-21,178.86,,,,0,0,0,0,16.6427546628407,-1.599368723665492,-1.2374470426152964,-0.3619216810501957,183.88912778877096,173.830872211229,175.33,0.9799999999999898,1.1258071428571392,-43653949.0,2.0,0.36,0.0027339539726612,-0.007059753755789,0.0031802305570326,5912292.7,0.6843977802384513,26500181505.309994,147676978.0,179.4469379330744,15.017064846416345,8.585913364155088,0,8,0.2166666666666666,0.1103333333333333,175.33,175.3,175.57,176.59,177.06,177.12247334986125,178.72184207352674,-1.599368723665492,0,178.06161428571428,173.55838571428572,-0.3932454155223932,5.20261653213734,37.877586215681646,43.03757271011376,-110.64682476611975,-224338.83208287912,0.10006890078848966,-0.6147124990950376,-0.02208254533318499,-0.03081587651598683,,-2.219880423880976,0,1,0,0,0,0
5892540.0,175.9666,175.83,176.1,176.25,175.31,1692676800000,39416,2023-08-22,178.5445,,,,0,0,0,0,22.6562499999999,-1.562461791986891,-1.3024499924896151,-0.2600117994972757,183.425438110866,173.663561889134,175.81,0.9399999999999976,1.094378571428568,-37761409.0,1.0,0.2272727272727272,0.0016481490474621,-0.0027747890594032,0.0033392212503369,6002412.25,0.981695317578362,27537857799.309994,153569518.0,179.31851423346913,20.03424657534224,13.752557647439083,1,8,0.36,0.1557878787878787,175.81,175.33,175.3,175.57,176.59,176.9651697575749,178.5276315495618,-1.562461791986891,0,178.28875714285712,173.91124285714287,-0.3850084242055631,7.375353261554125,33.874410112800774,46.75990751985648,-91.07729920443846,-214619.0402621643,-0.12282839468545749,-0.6850724580862833,-0.014218540080608966,-0.03459240173236122,,-0.8309664265160573,0,1,0,0,0,0
7949056.0,177.8012,177.32,177.89,178.22,177.07,1692763200000,58060,2023-08-23,178.274,,,,0,0,0,0,39.852398523985165,-1.3729482495949696,-1.3165496439106863,-0.0563986056842833,182.6150423196568,173.9329576803432,176.1,2.1200000000000045,1.1979499999999976,-29812353.0,1.0,0.1,0.0101133662350179,0.0132141026371248,0.0044833698800297,6091943.45,1.304847306158103,28951915371.149994,161518574.0,179.24821061848894,50.68493150684893,28.57874764286917,2,8,0.2272727272727272,0.1807878787878787,176.1,175.81,175.33,175.3,175.57,177.10745133333262,178.4803995829276,-1.3729482495949696,0,180.28589999999997,175.4941,-0.3762539568373114,18.483957702453793,30.170589024004844,47.541377335742986,-24.79106334262816,-133819.43640072196,1.378027382885898,3.1226362774575835,0.0005624613307835258,-0.029514457174031783,,2.947352887937139,0,1,0,0,0,0
5526428.0,177.9756,177.66,177.85,178.49,177.41,1692849600000,39875,2023-08-24,178.1455,,,,0,0,0,0,34.44148936170201,-1.212013727782562,-1.2956424606850616,0.0836287329024996,182.3696484971902,173.92135150280978,177.89,1.0800000000000125,1.1872357142857115,-35338781.0,2.0,0.125,-0.0002248833427141,0.0145464917284654,0.0042082761861484,5988627.25,0.9228205011423946,29934790590.949993,167045002.0,179.20195296205267,55.938697318007435,42.2192918000662,3,8,0.1,0.2057878787878787,177.89,176.1,175.81,175.33,175.3,177.221689589743,178.43370331752556,-1.212013727782562,0,180.2244714285714,175.47552857142858,-0.33750167135650677,15.341760262228833,30.442865461520448,49.47933932084253,-13.645323255865774,-135062.09827041632,1.3223107312901794,3.067474108821567,0.0014076576576576016,-0.014244540516572424,,3.4566308195353415,0,1,0,0,0,0
6132927.0,177.4103,177.58,177.62,178.38,176.63,1692936000000,50983,2023-08-25,177.9335,,,,0,0,0,0,35.286103542234244,-1.0904608833109537,-1.2546061452102402,0.1641452618992867,181.78156321755688,174.08543678244314,177.85,1.75,1.2465214285714268,-41471708.0,0.0,0.0,-0.0012940615641061,0.0130610848114982,0.0044865969071194,6103813.75,1.0047696819058411,31024121084.689995,173177929.0,179.14592964493758,61.136363636363505,55.91999748707329,4,8,0.125,0.1624545454545454,177.85,177.89,176.1,175.81,175.33,177.2829681143979,178.37342899770886,-1.0904608833109535,0,180.11304285714286,175.12695714285715,-0.33068026712818005,14.612091927471338,30.14102099548971,49.36104482584564,-22.372774244242144,-142993.3505054456,1.40779586748368,3.1601918944560845,0.00011261261261275024,-0.023314637633344404,,2.9111275139287818,0,1,1,0,0,0
4740683.0,178.1627,177.65,178.13,178.73,177.51,1693195200000,39483,2023-08-28,177.7225,,,,1,0,0,0,46.19970193740688,-0.9421165079179444,-1.192108217751781,0.2499917098338364,180.96623971958593,174.47876028041406,177.62,1.2199999999999989,1.23937857142857,-36731025.0,2.0,0.0,0.0028671839740354,0.0131960639326544,0.0044880216090966,6066003.4,0.7815167067001644,31868578947.479996,177918612.0,179.11885996210444,80.20050125313294,65.75852073583464,0,8,0.0,0.0904545454545454,177.62,177.85,177.89,176.1,175.81,177.41328071218285,178.3553972201008,-0.9421165079179445,0,180.60875714285714,175.65124285714285,-0.2914389456326591,16.713445092463758,25.6464933315391,47.953666039709375,15.04820642927158,-129381.43557469475,1.037127548545053,2.447392331658114,0.006043149214955301,-0.023142308746915252,,2.9402787417779908,0,1,0,0,0,0
7576640.0,179.4431,178.03,179.87,179.88,177.9,1693281600000,55259,2023-08-29,177.69299999999998,,,,1,0,0,0,63.68421052631599,-0.6763524929186531,-1.0889570727851554,0.4126045798665023,180.84123994270453,174.54476005729543,178.13,1.9799999999999895,1.2993785714285704,-29154385.0,2.0,0.1,0.0097207469354858,0.0214082907438954,0.0054078785145677,6130341.95,1.2359245310940608,33231389184.279995,185495252.0,179.1495406269482,99.79797979797998,80.37828156249213,1,8,0.0,0.065,178.13,177.62,177.85,177.89,176.1,177.7912375256932,178.46759001861184,-0.6763524929186531,0,182.46875714285716,177.27124285714285,-0.19928484443592723,22.263389630063138,20.72419232230553,45.196215233742784,79.87816637348124,-55371.703356651284,0.6130239409379814,0.1543282292882568,0.0185740981935556,-0.0032694225867228033,,3.9587152520297018,0,1,0,0,0,0
6593692.0,180.5117,180.58,180.32,180.88,180.29,1693368000000,49263,2023-08-30,177.72899999999998,,,,1,0,0,0,67.30279898218845,-0.4245276664329651,-0.9560711915147174,0.5315435250817523,180.9837222373197,174.47427776268026,179.87,1.009999999999991,1.2886642857142845,-22560693.0,2.0,-0.0249999999999999,0.0024986825515866,0.0136601270448029,0.0042972642828913,6142613.25,1.0734343400180697,34420363725.71999,192088944.0,179.18971810121457,90.5882352941176,90.19557211507684,2,8,0.1,0.04,179.87,178.13,177.62,177.85,177.89,178.18027790635577,178.60480557278873,-0.42452766643296513,0,182.89732857142857,177.7426714285714,-0.2096553867697922,27.991330986131178,19.566217501196448,43.64852650566549,145.5335411729166,-38875.559474959606,1.145359933881471,0.2749255165580128,0.027054736002734003,0.004008908685968704,,3.178788726423129,0,1,0,0,0,0
4795626.0,180.1823,180.37,180.02,180.49,179.94,1693454400000,39029,2023-08-31,177.753,,,,1,0,0,0,64.82843137254929,-0.2463227150104785,-0.8141214962138696,0.5677987812033911,181.07042512706505,174.43557487293492,180.32,0.5500000000000114,1.2658071428571418,-27356319.0,1.0,-0.1545454545454545,-0.0016650944625269,0.0122012932246275,0.0045822802608025,6150450.85,0.7797194249589037,35283672318.23999,196884570.0,179.20994173509885,85.54621848739518,91.97747785983093,3,8,-0.0249999999999999,-0.0159090909090909,180.32,179.87,178.13,177.62,177.85,178.46331207460872,178.7096347896192,-0.24632271501047853,0,182.5516142857143,177.48838571428573,-0.22858990941715066,28.496780694138337,21.61240991258399,41.93030415029381,122.8929298756156,-46854.08542881905,1.131502993209025,0.26153202837544043,0.0269252709640615,0.002673498941740071,,2.662706317187921,0,1,0,1,0,0
4970732.0,180.1651,180.8,180.11,181.12,179.51,1693540800000,41608,2023-09-01,177.749,,,,1,0,0,0,69.779507133593,-0.0967168674286256,-0.6706405704568209,0.5739237030281953,181.054223298452,174.443776701548,180.02,1.6100000000000136,1.307857142857143,-22385587.0,0.0,0.0,0.0004998195200269,0.0140186915887849,0.0042783964668474,6132677.9,0.8105320515854908,36178950858.75999,201855302.0,179.2321058713632,83.68336025848156,86.60593801333145,4,9,-0.1545454545454545,-0.0159090909090909,180.02,180.32,179.87,178.13,177.62,178.71664867851507,178.8133655459437,-0.09671686742862562,0,182.7257142857143,177.49428571428572,-0.22824464258051735,31.021299819212867,15.940469679988668,41.2702699101142,128.15788767609232,-44368.99554991655,1.1291500365667895,0.2844014639916078,0.0272628757200708,-0.0004439758033186747,,3.2766151831092283,0,1,1,0,0,0
6894834.0,178.8418,179.33,178.64,179.4438,178.64,1693886400000,44203,2023-09-05,177.692,,,,1,0,0,0,61.76808266360502,-0.0956670795234231,-0.5556458722701414,0.4599787927467182,180.88723724512437,174.49676275487565,180.11,1.4700000000000273,1.3342857142857167,-29280421.0,0.0,0.0,-0.0081951678170637,0.0028630775276483,0.0065054728715006,6251899.2,1.1028383183145372,37410644004.51999,208750136.0,179.21254913347693,59.935379644587734,76.38831946348814,1,9,0.0,-0.0159090909090909,180.11,180.02,180.32,179.87,178.13,178.70485657412814,178.80052365365157,-0.09566707952342313,0,181.3085714285714,175.97142857142856,-0.2847727968489127,30.406852232116226,18.950749454523073,38.78516719684667,61.5574941495382,-100642.41723666433,0.13523738214477046,0.6180592644712632,0.016096922814401893,-0.006341083546556936,,0.4401022313333495,0,1,0,0,0,0
6427224.0,178.0226,178.33,177.83,179.01,177.7,1693972800000,53936,2023-09-06,177.6515,,,,1,0,0,0,63.294117647059075,-0.1583697576088241,-0.4761906493378779,0.3178208917290538,180.8165344639345,174.4864655360655,178.64,1.3100000000000025,1.3289285714285748,-35707645.0,1.0,-0.175,-0.004544569776333,-0.0113415244343135,0.0042148188239515,6265116.45,1.0258746267996344,38553597248.43999,215177360.0,179.1712531859299,46.84975767366731,63.48949919224554,2,9,0.0,-0.0709090909090909,178.64,180.11,180.02,180.32,179.87,178.5702632550315,178.72863301264033,-0.1583697576088241,0,180.48785714285717,175.17214285714286,-0.2964532766134015,30.529427556823702,19.940876097854783,36.52236333265483,24.28784329501681,-129785.11450491265,0.348373670736795,-0.06871945317174674,0.009823963657013213,-0.004534258844603567,,-2.6908624070005662,0,1,0,0,0,0
3203213.0,178.0943,178.31,178.02,178.3701,177.9,1694059200000,29385,2023-09-07,177.66299999999998,,,,1,0,0,0,66.15201900237543,-0.1905343087286155,-0.4190593812160255,0.2285250724874099,180.83182246102112,174.49417753897885,177.83,0.5400999999999954,1.2510785714285748,-32504432.0,0.0,0.0,0.0010678657752161,-0.0127551020408162,0.0038411625533932,6193077.2,0.5172247812444515,39123833226.69999,218380573.0,179.15436656858662,49.67532467532474,52.153487331193254,3,9,-0.175,-0.0659090909090908,177.83,178.64,180.11,180.02,180.32,178.48560736964205,178.67614167837067,-0.19053430872861554,0,180.52215714285717,175.51784285714285,-0.2757243148696691,32.42916110531527,17.584826796544085,33.94255328686845,19.890943124692427,-126362.68594955099,0.3427684611437861,1.6474336801676546,0.0007307886896397164,0.001293661060802087,,-3.3206271948258737,0,1,0,0,0,0
3293699.0,178.3968,178.36,178.08,179.045,177.9,1694145600000,32623,2023-09-08,177.68699999999998,,,,1,0,0,0,66.27218934911255,-0.2087767996774232,-0.377002864908305,0.1682260652308818,180.86107989154223,174.5129201084577,178.02,1.1449999999999818,1.2646500000000012,-29210733.0,1.0,0.0,0.0003369839964491,-0.0107765803799577,0.0040570267457097,6061032.25,0.5434221208771822,39710375144.61999,221674272.0,179.1384033263905,50.64935064935075,49.058144332780934,4,9,0.0,-0.0349999999999999,178.02,177.83,178.64,180.11,180.02,178.42320623585098,178.6319830355284,-0.20877679967742324,0,180.60930000000002,175.5507,-0.2564669640589494,35.89304774562513,17.396117493040816,30.61473927341085,31.97036491523497,-125252.57506313402,0.29853960549810526,1.6265500958197248,0.0012932246274952597,0.002702702702702897,,-2.656268862083611,0,1,1,0,0,0
3689085.0,178.5034,178.97,178.41,179.07,178.261,1694404800000,32616,2023-09-11,177.72750000000002,,,,1,0,0,0,65.66265060240974,-0.1943653404529755,-0.3404753600172391,0.1461100195642636,180.9175362974339,174.53746370256613,178.08,0.9899999999999808,1.2653642857142862,-25521648.0,3.0,0.0,0.0018513848593772,-0.009438676364444,0.0043159021577091,5981001.8,0.6168005165957315,40368544799.469986,225363357.0,179.12647972966602,53.356282271944806,51.22698586554011,0,9,0.0,-0.0349999999999999,178.08,178.02,177.83,178.64,180.11,178.4211745072585,178.6155398477115,-0.1943653404529755,0,180.94072857142856,175.87927142857143,-0.24634007799924612,36.013909017722725,16.596011303014915,27.83347932601503,41.79903713184749,-118416.33264399656,0.059976212524689446,1.5546182869723577,0.004447697331381617,0.004560810810810834,,-2.186948209217974,0,1,0,0,0,0
4445435.0,177.4168,177.11,177.49,177.7,177.05,1694491200000,37889,2023-09-12,177.749,,,,0,0,0,0,57.78275475923867,-0.2542496349015835,-0.323230214994108,0.0689805800925245,180.92586306714136,174.57213693285863,178.41,1.3599999999999852,1.2953642857142853,-29967083.0,2.0,0.0,-0.0051700030863567,-0.006437527989252,0.003306113324105,5725549.7,0.7764206465625475,41157565057.61999,229808792.0,179.0948235680208,19.1536748329624,41.05310258475265,1,9,0.0,-0.0349999999999999,178.41,178.08,178.02,177.83,178.64,178.2779168907572,178.5321665256588,-0.2542496349015835,0,180.08072857142858,174.89927142857144,-0.24036932841004804,33.47045230879866,22.88931407993919,24.585891463231754,-21.772959691923113,-141339.9367020645,0.44837158517984776,1.0694562281370696,-0.0035928816033233835,0.0024285552919913744,,-1.9471530122049219,0,1,0,0,0,0
3829788.0,177.288,177.53,177.08,177.75,177.035,1694577600000,33328,2023-09-13,177.77349999999998,,,,0,0,0,0,44.6357615894041,-0.3309766503823823,-0.3247795020717629,-0.0061971483106194,180.9201424880127,174.62685751198728,177.49,0.7150000000000034,1.1950071428571425,-33796871.0,1.0,0.1363636363636363,-0.0023126614363148,-0.0042175111061125,0.002880378201359,5537903.95,0.691559123194977,41835743916.65999,233638580.0,179.06179671465213,10.02227171492241,27.510742939943203,2,9,0.0,0.0272727272727272,177.49,178.41,178.08,178.02,177.83,178.09362198448687,178.42459863486926,-0.33097665038238233,0,179.47001428571429,174.68998571428574,-0.24264139698246717,24.804992184861444,24.811567160500097,22.87115173015515,-30.61254423145728,-150186.705984841,-0.7368102374101153,-0.39509493786540617,-0.015511202535164248,0.0027747890594032043,,-1.464216213676556,0,1,0,0,0,0
6184382.0,176.9585,176.5,177.17,177.39,176.36,1694664000000,44583,2023-09-14,177.8535,,,,0,0,0,0,45.526315789473585,-0.3801391080909013,-0.3358514232755906,-0.0442876848153107,180.841625798803,174.865374201197,177.08,1.0299999999999727,1.191435714285711,-27612489.0,1.0,0.0099999999999999,0.0005081157484055,-0.0047747444107404,0.0027971055090393,5519152.15,1.1205311670923948,42931430875.59999,239822962.0,179.01301242205486,17.01680672268856,15.397584423524457,3,9,0.1363636363636363,0.0292727272727272,177.08,177.49,178.41,178.08,178.02,177.9515262945658,178.3316654026567,-0.38013910809090135,0,179.55287142857142,174.78712857142855,-0.15280687429073375,23.260651900611734,28.932680242364917,21.291467846397815,-53.02203639773853,-147043.5256143879,-0.886311783192517,-0.16148244578514287,-0.017468944099378936,0.00911317423249991,,-1.7070243954209594,0,1,0,0,0,0
5616888.0,178.6634,178.55,178.34,179.105,178.34,1694750400000,48635,2023-09-15,178.0055,,,,1,0,0,0,54.215456674473096,-0.32099130022047,-0.3328793986645665,0.0118880984440964,180.7457072530143,175.26529274698572,177.17,1.9350000000000025,1.204649999999997,-21995601.0,1.0,0.0,0.0065821170943874,0.0014600179694519,0.004434571538252,5403112.95,1.039565164004206,43933146681.51999,245439850.0,178.99761054091252,41.59663865546205,22.878572364357677,4,9,0.0099999999999999,0.0292727272727272,177.17,177.08,177.49,178.41,178.08,178.01129148001723,178.3322827802377,-0.32099130022047007,0,180.7493,175.9307,-0.16795974502792177,33.17442527279748,23.9903706328509,19.96052668544504,35.323495346416934,-109950.56992211462,-0.08289780527460958,0.20829441412082517,-0.0093322964115099,0.01734169994295498,,0.3292346655164677,0,1,1,0,0,0
5049308.0,179.0891,178.82,179.39,179.41,178.38,1695009600000,40045,2023-09-18,178.20850000000002,,,,1,0,0,0,56.93832599118944,-0.1872317208323011,-0.3037498630981134,0.1165181422658123,180.70484912369383,175.71215087630617,178.34,1.0699999999999932,1.1939357142857108,-16946293.0,1.0,-0.1399999999999999,0.0058703660042657,0.0054929656409392,0.0051019463448163,5342927.0,0.9450452907179904,44838942043.63999,250489158.0,179.00552024547102,63.6554621848735,40.75630252100803,0,9,0.0,0.0012727272727272,178.34,177.17,177.08,177.49,178.41,178.2234004830915,178.4106322039238,-0.1872317208323011,0,181.77787142857142,177.00212857142856,-0.09410378745069507,33.20291231688553,24.20565834233364,19.573661186450526,58.30671293586204,-80222.11079909143,-0.07555471659441247,-0.6325291315666378,-0.00399755704847049,0.023156333770603776,,1.0766390909087598,0,1,0,0,0,0
4225102.0,179.3226,179.54,179.22,179.65,179.03,1695096000000,32214,2023-09-19,178.379,,,,1,0,0,0,45.67243675099857,-0.0938618883107267,-0.2617722681406361,0.1679103798299094,180.6403354228719,176.11766457712804,179.39,0.6200000000000045,1.096792857142855,-21171395.0,3.0,-0.0077777777777777,-0.0009481052549256,0.0097470280015774,0.0040457879889235,5351864.1,0.7894636188538495,45596164824.079994,254714260.0,179.0090779529972,60.084033613445186,55.112044817926915,1,9,-0.1399999999999999,-0.0002828282828282,179.39,178.34,177.17,177.08,177.49,178.3767234856928,178.47058537400352,-0.09386188831072673,0,181.41358571428572,177.02641428571428,-0.1370004201775016,30.217321912447915,26.349551597612635,19.806300873345183,66.99924872800737,-84226.05382824535,0.28118585642584193,-0.46728134662849946,0.0032467532467532756,0.019395938797565515,,2.4091731787554904,0,1,0,0,0,0
9330262.0,180.0865,179.34,179.35,180.66,179.32,1695182400000,66230,2023-09-20,178.5415,,,,1,0,0,0,43.254520166898395,-0.0092688641036602,-0.2112715873332409,0.2020027232295807,180.56819837809877,176.51480162190126,179.22,1.4399999999999975,1.1275071428571408,-11841133.0,2.0,-0.15,0.000725102522218,0.0128190648294554,0.0034285219253244,5523750.2,1.6891172957097154,47269547313.77999,264044522.0,179.0211247547866,62.815126050419885,62.184873949579526,2,9,-0.0077777777777777,-0.0575555555555555,179.22,179.39,178.34,177.17,177.08,178.52645833404776,178.53572719815142,-0.009268864103660235,0,181.60501428571428,177.0949857142857,-0.2497269319939928,29.45752638281834,25.631766649795022,19.03694618507822,93.86009874288588,-77458.203923102,0.19687841166403677,0.3336876936693289,0.008547489175054768,0.01845542305508241,,3.738936987801999,0,1,0,0,0,0
7573300.0,178.0598,177.86,178.05,178.485,177.69,1695268800000,55255,2023-09-21,178.5495,,,,0,0,0,0,37.973137973137845,-0.0465903538091936,-0.1783353406284315,0.1317449868192378,180.56661075290185,176.53238924709814,179.35,1.6599999999999966,1.206792857142854,-19414433.0,2.0,0.1,-0.0072747942545047,0.0049669808658352,0.0056396584174754,5504962.4,1.375722384588857,48617973378.77999,271617822.0,178.99404766886022,35.50420168067229,52.80112044817912,3,9,-0.15,-0.0395555555555555,179.35,179.22,179.39,178.34,177.17,178.45315705188656,178.49974740569576,-0.04659035380919363,0,180.46358571428573,175.6364142857143,-0.2878315313593751,27.522180971096923,31.523932955990702,18.53970294481283,-43.60471960717531,-132352.48884085956,-0.08703594607977073,-0.1902819003870912,0.00016852039096737492,0.0008994322334028304,,0.8807221450190631,0,1,0,0,0,0
3637075.0,178.6991,178.65,178.62,178.95,178.51,1695355200000,29605,2023-09-22,178.58800000000002,,,,1,0,0,0,41.40715109573226,-0.0298298075236687,-0.1486342340074789,0.1188044264838102,180.57810816950095,176.5978918304991,178.05,0.8999999999999773,1.1560785714285655,-15777358.0,1.0,-0.2333333333333333,0.0031962345319531,0.0015700347650555,0.0049631691483298,5410494.75,0.6722259549369307,49267627715.27999,275254897.0,178.98910519757254,52.558139534883715,50.292489088658634,4,9,0.1,-0.0862222222222222,178.05,179.35,179.22,179.39,178.34,178.47882519775018,178.50865500527385,-0.029829807523668705,0,180.93215714285714,176.30784285714287,-0.3002050788494224,27.710054292089627,32.906809329008226,16.8582832187863,3.3801523954889747,-120708.9462966308,-0.2713284876030835,-0.4909685534742166,0.0030323450134770447,0.0043294911442226525,,0.31633650894585286,0,1,1,0,0,0
5582074.0,177.9265,178.41,177.7,178.71,177.64,1695614400000,43949,2023-09-25,178.592,179.0738,,,0,0,0,0,44.21182266009846,-0.0897486979549739,-0.1368571267969779,0.047108428842004,180.57422203865383,176.60977796134617,178.62,1.0700000000000216,1.1275071428571368,-21359432.0,2.0,-0.0875,-0.0051639090951345,-0.0094208149841128,0.0042810673517044,5382952.1,1.036991207854144,50259562265.079994,280836971.0,178.96348221573717,31.16279069767396,39.74171063774332,0,9,-0.2333333333333333,-0.0757222222222222,178.62,178.05,179.35,179.22,179.39,178.35900593655785,178.44875463451282,-0.08974869795497398,0,179.95501428571427,175.4449857142857,-0.3552627646862609,28.412236838276492,33.740679480180205,15.812762183834208,-56.703239224150714,-149459.97126583994,0.1143826464741644,-1.0735028366867465,-0.003979597556190817,0.0004503997297600204,,-2.2005710736252277,0,1,0,0,0,0
7181080.0,176.5139,176.825,176.28,177.14,176.16,1695700800000,55776,2023-09-26,178.49949999999998,178.9682,,,0,0,0,0,41.122565864833746,-0.2489472736723428,-0.1592751561720509,-0.0896721175002918,180.72965198915577,176.2693480108442,177.7,1.539999999999992,1.1439357142857074,-28540512.0,1.0,-0.35,-0.0080230951868192,-0.0164044191496485,0.0049995739970151,5504971.95,1.3044716785523311,51525443047.48,288018051.0,178.89657564372587,2.666666666666768,28.79586563307481,1,9,-0.0875,-0.1441666666666666,177.7,178.62,178.05,179.35,179.22,178.0391588693951,178.28810614306744,-0.24894727367234282,0,178.5678714285714,173.9921285714286,-0.3973445603334422,28.004196022501194,36.627932365937134,15.267264712618067,-162.79605288203803,-206843.95325796062,-0.049858479191352806,-1.0988084510320435,-0.006817285480872237,-0.01038567338460672,-0.02908129543952409,-3.2811568241362528,0,1,0,0,0,0
10919579.0,174.3984,175.27,174.1,175.32,173.7,1695787200000,75735,2023-09-27,178.211,178.77739999999997,,,0,0,0,0,31.716417910447532,-0.544741630446083,-0.2363684510268573,-0.3083731794192256,181.0924170490446,175.32958295095543,176.28,2.5800000000000125,1.2896428571428515,-39460091.0,1.0,-0.175,-0.0124437931996428,-0.0292723724560914,0.0057552881823359,5672118.9,1.9251322464343967,53426541751.38,298937630.0,178.7213665652598,5.747126436781684,13.192194600374137,2,9,-0.35,-0.1491666666666666,176.28,177.7,178.62,178.05,179.35,177.43313442794968,177.97787605839576,-0.544741630446083,0,176.6792857142857,171.5207142857143,-0.5004718410776253,24.84021045425633,46.114649655987456,15.288885855779998,-258.6708483616559,-341882.9946693516,-0.31115810634815955,-0.9693745327528853,-0.016828552066862512,-0.03207872352254415,-0.05194946634720099,-5.086160877977418,0,1,0,0,0,0
10019917.0,173.1547,173.91,173.23,174.135,172.32,1695873600000,67232,2023-09-28,177.8565,178.56859999999998,,,0,0,0,0,28.967909800520133,-0.8396831734403634,-0.3570313955095586,-0.4826517779308047,181.3292891111504,174.38371088884963,174.1,1.8149999999999975,1.3374999999999957,-49480008.0,2.0,-0.0333333333333333,-0.0050096554832938,-0.0270710474585791,0.0057131326975802,5843430.15,1.714732056821112,55162291973.28999,308957547.0,178.5432740158634,10.911270983213385,6.441688028887278,3,9,-0.175,-0.1758333333333333,174.1,176.28,177.7,178.62,178.05,176.78649836211127,177.62618153555164,-0.8396831734403634,0,175.90499999999997,170.555,-0.43488126272803573,20.3471294951418,51.83444590022189,15.925448977668058,-261.47157912324917,-391953.8033425277,-0.005939996441407506,-1.1054721470324924,-0.02223852796748882,-0.03931898846495119,-0.056841073664724795,-4.738381113786119,0,1,0,0,0,0
10427383.0,172.1612,173.92,171.45,174.03,171.265,1695960000000,72372,2023-09-29,177.428,178.34279999999998,,,0,0,0,0,23.189522342064535,-1.2031879928981084,-0.5262627149872686,-0.6769252779108398,181.78028965754305,173.07571034245697,173.23,2.765000000000015,1.4642857142857122,-59907391.0,1.0,0.5,-0.0103285123819202,-0.0401410816257978,0.0032391200379961,6125018.0,1.7024248745064912,56950066788.63999,319384930.0,178.31169050036266,1.969132517296456,6.209176645763841,4,9,-0.0333333333333333,-0.0291666666666666,173.23,174.1,176.28,177.7,178.62,175.96549861409414,177.16868660699225,-1.2031879928981084,0,174.3785714285714,168.52142857142857,-0.46085960758538513,18.463414625139805,52.49268290122299,16.714663782170774,-235.77725883324203,-499098.8806386086,0.2941267928405597,-0.9670044787754054,-0.038634069754401756,-0.047605821575380625,-0.06178176644412836,-12.392550207904351,0,1,1,0,0,0
12706027.0,169.8979,170.23,169.65,170.46,169.5,1696219200000,85272,2023-10-02,176.905,178.09219999999996,,,0,0,0,0,21.717171717171567,-1.6178634156311205,-0.744582855116039,-0.8732805605150814,182.2913394463751,171.5186605536249,171.45,1.9499999999999889,1.5064285714285697,-72613418.0,4.0,0.05,-0.0105541876786901,-0.0453010692177826,0.0028525356989435,6511782.75,1.951236318502794,59105644269.189995,332090957.0,177.98028830152697,1.3440860215054278,4.7414965073384225,0,10,0.5,-0.0016666666666666,171.45,173.23,174.1,176.28,177.7,174.99388344269505,176.61174685832617,-1.6178634156311205,0,172.66285714285715,166.63714285714286,-0.4908411818354771,17.946894254174072,53.65101941505395,18.93561188412331,-249.686111887896,-632495.4895624924,0.4533935845543375,-0.9087729812933105,-0.054295111210212244,-0.05807562045416692,-0.0687781315182786,-15.880926722597572,0,1,0,0,0,0
11459840.0,169.3055,169.14,169.16,170.08,168.745,1696305600000,72902,2023-10-03,176.43099999999998,177.8474,,,0,0,0,0,21.592539454806143,-1.963402696511622,-0.9883468233951556,-0.9750558731164664,182.76040306489415,170.1015969351058,169.65,1.335000000000008,1.5507142857142842,-84073258.0,3.0,0.0777777777777777,-0.0028924786259514,-0.0403902881778988,0.0040749286031862,6740033.05,1.7002646596814537,61044190803.59,343550797.0,177.68606953221533,3.4830046160301498,2.2654077182773444,1,10,0.05,0.0838888888888888,169.65,171.45,173.23,174.1,176.28,174.09636291304966,176.05976560956128,-1.963402696511622,0,172.26142857142855,166.05857142857144,-0.455229106574992,17.204053423673805,55.596499283465334,22.701556471010914,-201.81978025674198,-665594.9390172532,0.5553846008452136,-0.4758561156144313,-0.056132128110701895,-0.053067622033139195,-0.06747519294377069,-9.911876499517707,0,1,0,0,0,0
10034600.0,168.8898,169.21,169.14,169.41,168.5,1696392000000,58569,2023-10-04,175.9965,177.582,,,0,0,0,0,21.052631578947313,-2.213344837412137,-1.233346426198552,-0.9799984112135852,183.0707982542066,168.9222017457934,169.16,0.9099999999999966,1.5421428571428577,-94107858.0,3.0,-0.0895833333333333,-0.0001182382502116,-0.0284893739230327,0.0045953396899265,6920401.85,1.4500025023835863,62741443047.59,353585397.0,177.4435357905632,5.2631578947367315,3.363416177424103,2,10,0.0777777777777777,0.1009722222222222,169.16,169.65,171.45,173.23,174.1,173.33384554181126,175.5471903792234,-2.213344837412137,0,172.2242857142857,166.05571428571426,-0.37666591947418093,17.299675767809248,53.91384897919685,25.59779156420641,-165.03409137680455,-666781.3424223139,0.5500168913658663,-0.3295360387926353,-0.0569277948146083,-0.04886689534949118,-0.0727482045940464,-6.199609571712131,0,1,0,0,0,0
6970219.0,168.6814,168.74,168.83,169.0,168.3,1696478400000,48894,2023-10-05,175.53699999999998,177.29260000000002,,,0,0,0,0,13.45119139123736,-2.4086744938167044,-1.4684120397221827,-0.9402624540945216,183.22511002714384,167.8488899728561,169.14,0.839999999999975,1.4639285714285697,-101078077.0,3.0,-0.1277777777777777,-0.0018344828649738,-0.0253997575477686,0.0049353272486742,7108752.15,0.9805123111515428,63918225121.35999,360555616.0,177.27701992404965,4.288025889967652,4.34472946691151,3,10,-0.0895833333333333,0.0820833333333333,169.14,169.16,169.65,171.45,173.23,172.64094622768644,175.04962072150315,-2.4086744938167044,0,171.75785714285715,165.90214285714288,-0.3304449765662615,9.85606244944805,57.77018782250778,29.51103752054916,-140.96170750472473,-679556.3683771433,0.17706991864795515,-0.8854482987281089,-0.051783206964335804,-0.05162341309965168,-0.07894162575013641,-5.146508995832421,0,1,0,0,0,0
9948433.0,169.6342,169.17,169.7,170.23,168.5,1696564800000,67383,2023-10-06,175.118,177.0782,,,0,0,0,0,12.236944660950698,-2.4648595580218,-1.6677015433821063,-0.7971580146396937,183.12918849189228,167.1068115081077,168.83,1.7299999999999898,1.5110714285714266,-91129644.0,1.0,0.0,0.0051398807510781,-0.0102070574511519,0.0056679691367891,7441488.85,1.3368874428939044,65606474201.45999,370504049.0,177.07356877349534,11.32686084142378,6.959348208709387,4,10,-0.1277777777777777,-0.0179166666666666,168.83,169.14,169.16,169.65,171.45,172.18849296188853,174.65335251991033,-2.4648595580218,0,172.72214285714284,166.67785714285714,-0.27460930685865614,13.921058844754727,55.9678562722912,32.68889525559148,-107.78929620865675,-628290.9729497925,0.4655198125157743,-0.20129707591469628,-0.04993841675064392,-0.04705750224618166,-0.05941691608469124,-1.8008283384286028,0,1,1,0,0,0
10201547.0,171.9377,171.18,172.82,172.86,171.075,1696824000000,59120,2023-10-09,174.83849999999998,176.89739999999998,,,0,0,0,0,29.721166032953025,-2.2319007387178544,-1.780541382449256,-0.4513593562685984,182.7555974878155,166.92140251218447,169.7,3.160000000000025,1.6924999999999994,-80928097.0,2.0,-0.0875,0.0182184181730726,0.0186855290303564,0.0086822794653752,7767111.95,1.3134286032789833,67369505553.99999,380705596.0,176.9595883586644,36.569579288025786,17.394822006472406,0,10,0.0,-0.0454166666666666,169.7,168.83,169.14,169.16,169.65,172.28564789082876,174.5175486295466,-2.2319007387178544,0,176.20499999999998,169.435,-0.1853682479006535,22.515298576697408,49.96834773160221,34.90584523907193,-49.667294508394896,-440731.59381013346,1.4152754743255327,2.3286653649063536,-0.027462014631401188,-0.03133232442127687,-0.04970856702958326,2.1521430614440953,0,1,0,0,0,0
5843995.0,172.4217,172.08,172.53,172.795,171.9,1696910400000,46529,2023-10-10,174.5905,176.701,,,0,0,0,0,28.60727728983683,-2.0470822821268086,-1.8338495623847664,-0.213232719742042,182.468526669828,166.71247333017195,172.82,0.9199999999999876,1.6553571428571416,-86772092.0,3.0,1.8503717077085938e-17,-0.0016794560194807,0.019921967368172,0.008466183303009,7837039.95,0.7456890659336246,68377770011.34999,386549591.0,176.8926202572285,39.71830985915492,29.20491666286816,1,10,-0.0875,-0.0609722222222222,172.82,169.7,168.83,169.14,169.16,172.32324052300893,174.37032280513574,-2.0470822821268086,0,175.84071428571428,169.21928571428572,-0.17854453786377616,18.66235166400758,51.08953611603465,37.73046500435497,-42.067419809316625,-450538.0892967669,1.2670900132613776,2.249546231122885,-0.021272974812797774,-0.027945236351343827,-0.053852481491636905,2.3531198326279013,0,1,0,0,0,0
7128002.0,173.6869,173.6,173.79,174.125,173.26,1696996800000,56720,2023-10-11,174.426,176.56760000000003,,,0,0,0,0,36.60377358490556,-1.7784401035198414,-1.8227676706117817,0.0443275670919403,182.2221215728683,166.62987842713167,172.53,1.5949999999999989,1.6507142857142847,-79644090.0,3.0,-0.3277777777777778,0.0072765393828699,0.0274920184462574,0.0082212289692625,8001950.65,0.8907830492556211,69616545478.93,393677593.0,176.83644361981757,51.54929577464782,42.61239497394284,2,10,1.8503717077085938e-17,-0.1086111111111111,172.53,172.82,169.7,168.83,169.14,172.5488958271614,174.32733593068124,-1.7784401035198414,0,177.09142857142857,170.48857142857142,-0.14390619938627108,24.469926428182657,44.180008635144894,39.29715540993056,-14.56799139536365,-398481.73666244274,0.9731286405202435,1.2450049890859154,-0.0017805858701895882,-0.018579173255026116,-0.036961099412612275,3.3440237595628015,0,1,0,0,0,0
5912663.0,173.5766,174.06,173.26,174.23,173.24,1697083200000,46600,2023-10-12,174.2305,176.44079999999997,,,0,0,0,0,33.10214375788138,-1.5899775407534946,-1.7762096446401243,0.1862321038866297,181.93242450317624,166.52857549682378,173.79,0.9899999999999808,1.6571428571428564,-85556753.0,3.0,0.0481481481481481,-0.0030543173146482,0.0262394124267013,0.0085037279132249,7988364.7,0.740159372042691,70640973470.31,399590256.0,176.78352364605706,47.646493756003665,46.30469979660213,3,10,-0.3277777777777778,-0.0734259259259259,173.79,172.53,172.82,169.7,168.83,172.65829646913656,174.24827400989005,-1.5899775407534946,0,176.5742857142857,169.94571428571427,-0.2018365768733782,22.823275852231426,44.00862067068587,40.949036419327925,-14.605974286126308,-416513.3345104203,0.9417661920127857,1.3505246171981804,0.00017318016509837442,-0.022069199074335355,-0.03530066815144772,3.0856327763693323,0,1,0,0,0,0
18702885.0,178.2312,176.8921,178.83,179.095,176.72,1697169600000,119149,2023-10-13,174.255,176.4266,,,1,1,0,0,52.75475377864462,-0.9798718002299438,-1.6169420757580883,0.6370702755281445,182.01486570692228,166.4951342930777,173.26,5.835000000000008,1.9974999999999985,-66853868.0,3.0,-0.0777777777777777,0.0316422774379507,0.0538008249852681,0.0145689513656122,8642664.55,2.16401838713039,73985610394.86,418293141.0,176.87502648976022,97.54515979620206,65.58031644228451,4,10,0.0481481481481481,-0.0889814814814814,173.26,173.79,172.53,172.82,169.7,173.60778932003862,174.58766112026856,-0.9798718002299438,0,182.82500000000002,174.835,-0.07000622949890878,36.33112818296771,33.398891459539044,40.63703717297447,78.28515979144598,184751.0626383762,1.400219052774714,1.878411221136454,0.04304461942257243,0.002747560838847196,-0.003954550517990318,3.6928387436222256,1,1,1,0,0,0
8348028.0,178.0,177.84,177.96,178.33,177.535,1697428800000,63409,2023-10-16,174.1835,176.382,,,1,1,0,0,54.20841683366735,-0.5601038063698525,-1.4055744218804411,0.8454706155105889,181.7685303402922,166.59846965970783,178.83,1.295000000000016,1.98,-75201896.0,4.0,0.0,-0.0048768279621039,0.0297419280175905,0.015151900253396,8807600.55,0.9478209136085308,75471225457.74,426641169.0,176.8962560144776,89.48587308939331,78.22584221386634,0,10,-0.0777777777777777,-0.0714814814814814,178.83,173.26,173.79,172.53,172.82,174.27736019387882,174.83746400024867,-0.5601038063698525,0,181.92000000000002,174.0,-0.0929679366534036,36.65223663901443,28.354978344749235,40.59566537979294,75.33210426390849,144138.27753520492,1.6754297557655542,2.3438432214264995,0.04898320070733875,-0.007971458832710776,-0.012375825517509265,1.9629160627403028,0,1,0,0,0,0
8231866.0,178.4579,178.37,178.29,179.13,177.98,1697515200000,63163,2023-10-17,174.137,176.35219999999998,,,1,1,0,0,61.568194367752646,-0.198518012817118,-1.1641631400677768,0.9656451272506588,181.60248577754533,166.67151422245468,177.96,1.1699999999999875,1.8792857142857124,-66970030.0,4.0,0.045770202020202,0.0018526321088377,0.0333854981742305,0.0147904461478423,9007938.75,0.9138456897256324,76938884846.88,434873035.0,176.92263868896816,92.24376731301936,93.09160006620492,1,10,0.0,-0.062327441077441,177.96,178.83,173.26,173.79,172.53,174.89468939482055,175.09320740763766,-0.198518012817118,0,182.04857142857142,174.53142857142856,-0.10288026297651454,41.65716456037364,20.524515385585445,40.88154172070349,88.08955902179055,159403.03242394284,1.6727077751134969,2.453775661675727,0.053972570347599946,-0.005189152996317392,-0.008287907442429687,2.2572324910412536,0,1,0,0,0,0
13920793.0,180.9696,180.894,180.87,182.02,179.75,1697601600000,98614,2023-10-18,174.213,176.3968,,,1,1,0,0,69.27346115035326,0.2928499794286665,-0.8727605161684882,1.165610495597155,181.92869037058455,166.4973096294154,178.29,3.730000000000018,2.0160714285714283,-53049237.0,5.0,0.1,0.014367103122745,0.0407388227170724,0.0152093481978442,9237465.3,1.5069927245085293,79456738676.79001,448793828.0,177.04507887481466,91.61807580174924,91.1159054013873,2,10,0.045770202020202,0.0232281144781144,178.29,177.96,178.83,173.26,173.79,175.81396794946355,175.52111797003488,0.29284997942866653,1,184.90214285714285,176.83785714285716,-0.05307878294701322,49.069973410427025,14.242692643315193,41.69482889716262,134.21343207184503,360848.12715724437,1.2148183053690678,1.023077709559933,0.06935083362894656,0.008475048787287554,0.012483206448723694,2.6785366079974886,0,1,0,0,0,0
13406560.0,182.1862,181.04,183.09,183.43,180.82,1697688000000,107299,2023-10-19,174.465,176.50279999999998,,,1,1,0,0,78.72655478775923,0.8515815975194982,-0.5278920934308909,1.3794736909503893,182.9946374946107,165.9353625053893,180.87,2.6100000000000136,2.004999999999999,-39642677.0,5.0,0.02,0.0121992940550894,0.0567355419600601,0.0139160025374283,9529128.3,1.4069030847239197,81911345747.19,462200388.0,177.2204175371441,97.75280898876402,93.87155070117753,3,10,0.1,0.0175984848484848,180.87,178.29,177.96,178.83,173.26,176.93335749569994,176.08177589818044,0.8515815975194982,1,187.1,179.08,0.004312341419140766,54.36408975619385,10.562878514227602,43.087977148650786,150.10663613381058,525400.3646759046,0.9226834815798975,0.6600076380945704,0.08446366167150376,0.0283066554338669,0.029810450531525978,4.076997042612963,0,1,0,0,0,0
12785667.0,184.1479,183.43,183.59,185.23,183.09,1697774400000,106472,2023-10-20,174.7135,176.62260000000003,,,1,1,0,0,86.76160337552746,1.3195156960519796,-0.1584105355343168,1.4779262315862964,184.00811026617015,165.41888973382987,183.09,2.1399999999999864,2.018571428571428,-26857010.0,6.0,0.0643939393939393,0.002727175247601,0.0266174579209304,0.0079352627558548,9986557.9,1.2802876754962789,84258666351.72,474986055.0,177.39187385558088,90.3130537507384,93.22797951375054,4,10,0.02,0.0460328282828282,183.09,180.87,178.29,177.96,178.83,177.95745634251534,176.63794064646336,1.3195156960519796,1,187.62714285714287,179.55285714285714,-0.02088137725215971,60.368011302063714,4.246284499558954,45.73004624162561,159.54959738005846,560316.7090966821,0.9668516543806324,0.6273066080456289,0.08185032410135551,0.02782443175456284,0.03372747747747762,3.3543217403953145,0,1,1,0,0,0
9479805.0,183.1979,183.5099,182.97,183.56,182.705,1698033600000,59943,2023-10-23,174.977,176.73,,,1,1,0,0,86.17077003666847,1.6216348251466286,0.1975985366018722,1.4240362885447564,184.90530530935592,165.04869469064408,183.59,0.8849999999999909,1.9864285714285697,-36336815.0,5.0,0.04,-0.0033828054956395,0.0281523937963585,0.0074730894871131,10181444.45,0.9310864530621684,85993186272.57,484465860.0,177.50102406095243,86.65091553455407,91.5722594246855,0,10,0.0643939393939393,0.0540328282828282,183.59,183.09,180.87,178.29,177.96,178.72861690520529,177.10698208005866,1.6216348251466286,1,186.94285714285715,178.99714285714285,-0.013839142927239433,61.344839963558194,2.9845379349210033,48.443231771597695,129.57773138114658,528302.5520075163,1.4844379616140402,2.2815979172686522,0.05873162828376355,0.02965672481710757,0.03023648648648658,3.7671643265161356,0,1,0,0,0,0
6593963.0,182.5608,182.07,182.95,183.4,181.68,1698120000000,53130,2023-10-24,175.3105,176.84779999999998,,,1,1,0,0,86.17077003666847,1.8382622359740708,0.525731276476312,1.3125309594977588,185.85224553607532,164.7687544639247,182.97,1.7199999999999989,2.0442857142857127,-42930778.0,3.0,-0.0777777777777777,-0.0001093135112589,0.0261371922149307,0.0077618656774087,10152088.6,0.649517873593026,87199551803.42001,491059823.0,177.57419303965335,86.53278204370936,87.8322504430006,1,10,0.04,0.0293232323232323,182.97,183.59,183.09,180.87,178.29,179.37806045825062,177.53979822227654,1.8382622359740708,1,187.0385714285714,178.86142857142858,0.028309605116797972,59.608665248215054,5.6254367555466205,50.681692175552705,108.59523803073981,527581.7821545342,1.4941461485905936,2.3714698159529086,0.06039529357213236,0.03783753120036293,0.033265559697277736,3.367380940022553,0,1,0,0,0,0
10087016.0,183.5212,183.42,183.72,184.2993,182.04,1698206400000,83470,2023-10-25,175.79149999999998,176.99040000000002,,,1,1,0,0,88.081841432225,2.048460210428942,0.8302770632668381,1.218183147162104,186.9599429014121,164.6230570985879,182.95,2.259299999999996,2.1456642857142856,-32843762.0,2.0,-0.6166666666666667,0.004199967992377,0.0157571736606401,0.0058409958955767,10110460.45,0.9976811689125396,89052738382.94002,501146839.0,177.69789501344138,90.9742976688584,88.05266508237395,2,10,-0.0777777777777777,-0.114010101010101,182.95,182.97,183.59,183.09,180.87,180.0460511569813,177.99759094655235,2.048460210428942,1,188.01132857142858,179.42867142857142,0.0800630334564581,59.786013635542055,4.693851053555215,51.72379983529854,102.82512524647846,570036.0173007506,1.5971610133146283,2.641394686773905,0.057137925081995444,0.055255600229753066,0.04037601223172316,2.697681519645915,0,1,0,0,0,0
7671406.0,183.8221,183.4,184.01,184.49,182.87,1698292800000,62280,2023-10-26,176.33049999999997,177.15919999999997,,,1,1,0,0,87.71744860305742,2.2129348603815515,1.1068086226897809,1.1061262376917709,188.00736957869665,164.65363042130332,183.72,1.6200000000000043,2.137807142857144,-25172356.0,3.0,0.0888888888888888,0.0015772445006903,0.005024851166093,0.0029152903404397,9993034.9,0.7676752935186887,90464353801.00002,508818245.0,177.79306204124032,91.38113740727658,89.62940570661478,3,10,-0.6166666666666667,-0.1002323232323232,183.72,182.95,182.97,183.59,183.09,180.65588944052263,178.44295458014108,2.2129348603815515,1,188.28561428571427,179.7343857142857,0.0965035517781762,56.53322995976079,4.711102496646717,53.47044683013627,96.20022375120944,582145.2473247005,1.6380642401538554,2.916797910912049,0.06204548078033012,0.06222940599203364,0.0480719940764367,1.7236135489680378,0,1,0,0,0,0
14102828.0,185.0897,183.76,186.15,186.36,183.47,1698379200000,102637,2023-10-27,177.0655,177.37619999999998,,,1,1,0,0,87.04836020011113,2.487290385439792,1.382904975239783,1.1043854102000088,189.286774763383,164.84422523661698,184.01,2.890000000000015,2.118521428571429,-11069528.0,3.0,-0.0777777777777777,0.011562696360443,0.013944114603192,0.0056330818433083,10176807.15,1.3857811975929994,93089595233.2,522921073.0,178.01844301118845,98.5477178423236,93.63438430615284,4,10,0.0888888888888888,-0.1286666666666666,184.01,183.72,182.95,182.97,183.59,181.50113721890375,179.01384683346396,2.487290385439792,1,190.38704285714286,181.91295714285715,0.1983558579712097,54.48543962450715,4.753989472187804,56.7615251564769,103.7859493025415,746158.3548732055,0.4247919564578031,-1.0606032776045555,0.04093272940781745,0.08573928258967634,0.06189389617798047,2.475392731215023,0,1,1,0,0,0
8718005.0,185.2505,185.54,185.1,185.7,184.73,1698638400000,75384,2023-10-30,177.838,177.5716,,,1,1,0,0,83.51999999999988,2.590135422047382,1.6243510646013029,0.9657843574460792,190.0388310329557,165.6371689670443,186.15,1.420000000000016,2.1542357142857163,-19787533.0,2.0,-0.1166666666666666,-0.0056565807392741,0.0116412526643712,0.0063055664054356,9977406.05,0.8737747021932619,94703297958.7,531639078.0,178.13456887888896,90.3963414634145,93.44173223767154,0,10,-0.0777777777777777,-0.16,186.15,184.01,183.72,182.95,182.97,182.0548084159955,179.4646729939481,2.590135422047382,1,189.40847142857143,180.79152857142856,0.235736742470622,53.58214545643222,4.675174820146614,59.437281286668124,94.10478439562277,696983.4676854535,0.3544452010260535,-0.9993167551003259,0.04012137559002005,0.09106984969053933,0.05572349284206912,1.8461837452855354,0,1,0,0,0,0
10104569.0,184.7268,185.08,184.09,186.21,183.495,1698724800000,86170,2023-10-31,178.5845,177.7372,,,1,1,0,0,77.83783783783778,2.5606250043234127,1.811605852545725,0.7490191517776876,190.36960116518665,166.79939883481336,185.1,2.7150000000000034,2.2342357142857168,-29892102.0,6.0,0.1238888888888889,-0.005471451120981,0.0062312107133097,0.0072117885844826,9909642.5,1.0196703866965935,96563448065.91002,541743647.0,178.2456492118495,82.69817073170725,90.54741001248176,1,10,-0.1166666666666666,-0.1196666666666666,185.1,186.15,184.01,183.72,182.95,182.36791481353464,179.80728980921123,2.5606250043234127,1,188.55847142857144,179.62152857142857,0.23058420596924029,47.41154691843747,8.456071584576291,62.36708014780526,80.6844094713465,641847.7859458538,0.3598905827816222,-1.3024646511311242,0.032531269280385855,0.08825963584771812,0.0470962971389568,0.8640300530185633,0,1,0,1,0,0
9048562.0,183.7393,183.91,183.51,185.0,182.67,1698811200000,82007,2023-11-01,179.303,177.8854,,,1,1,0,0,77.62803234501337,2.462055588678453,1.9416957997722708,0.5203597889061822,190.3955107024609,168.21048929753908,184.09,2.3300000000000125,2.3299500000000046,-38940664.0,2.0,0.2375,-0.0031556065358876,-0.0011430437622469,0.0072078702500633,9860340.6,0.9176723570786186,98223949678.53,550792209.0,178.3321333772352,70.43568464730271,81.17673228080815,2,11,0.1238888888888889,0.0511666666666666,184.09,185.1,186.15,184.01,183.72,182.543620226837,180.08156463815854,2.462055588678453,1,188.1699,178.85009999999997,0.1982480290561113,45.1419864788201,10.637873893480867,64.52123739104366,63.09705127006786,613339.0893300674,0.7280058044996313,-0.5511512040882701,0.014596118759329757,0.08495920539198298,0.04207836456558778,-0.1585825128319608,0,1,0,0,0,0
7343699.0,183.9612,184.13,184.12,184.28,183.5,1698897600000,58625,2023-11-02,180.0675,178.01,,,1,1,0,0,69.46284032376735,2.4054321936440317,2.034443078546623,0.3709891150974087,190.18562937776855,169.9493706222314,183.51,0.7800000000000011,1.9688785714285757,-31596965.0,2.0,0.0,0.0033185570264574,0.000597793598174,0.0073574600706488,9879014.6,0.7433635131989784,99576071538.41002,558135908.0,178.40828749977152,74.61756373937672,75.91713970612889,3,11,0.2375,0.0333888888888888,183.51,184.09,185.1,186.15,184.01,182.78614019193898,180.38070799829495,2.4054321936440317,1,188.05775714285716,180.18224285714285,0.20165005702366567,35.77090655820345,12.588747034175062,67.64494139330247,61.43550267843724,637750.0554354567,0.7843991390671606,0.6966863237570452,0.0056256485881260865,0.09056447313866012,0.035021642588116464,0.08124988514173936,0,1,0,0,0,0
8530399.0,184.8336,184.48,184.79,185.47,184.35,1698984000000,71218,2023-11-03,180.822,178.14880000000002,,,1,1,0,0,75.50410754294235,2.3871040956125853,2.1049752819598155,0.2821288136527697,189.87994353331,171.76405646669,184.12,1.3499999999999943,1.9728071428571456,-23066566.0,0.0,0.0,0.0036323262402934,-0.0073059360730594,0.0046190986873739,9808112.9,0.8697288751641511,101152403969.62004,566666307.0,178.504355597094,81.26491646778022,75.43938828481988,4,11,0.0,0.0489444444444444,184.12,183.51,184.09,185.1,186.15,183.09442631625606,180.70732222064348,2.3871040956125853,1,188.7356142857143,180.8443857142857,0.1741480421296702,40.00825508249355,12.563678292873556,70.46210287450997,71.87747333364564,668791.5899238338,0.7167734336794662,0.4540818915535425,0.006536303720246162,0.0889216263995285,0.03902164745572101,-1.581676589041909,0,1,1,0,0,0
8274666.0,183.7821,184.14,183.35,184.23,183.34,1699246800000,58349,2023-11-06,181.3485,178.2634,,,1,1,0,0,67.44827586206891,2.2306692142989277,2.130114068427638,0.1005551458712896,189.6397110092556,173.05728899074438,184.79,1.4499999999999886,1.9928071428571457,-31341232.0,3.0,0.1178571428571428,-0.0078231506719991,-0.0094543490005402,0.0051782114610656,9711768.85,0.8520246031185144,102669563980.72005,574940973.0,178.5740950849228,54.462934947049725,70.11513838473556,0,11,0.0,0.0958492063492063,184.79,184.12,183.51,184.09,185.1,183.13374534452436,180.90307613022543,2.2306692142989277,1,187.33561428571429,179.3643857142857,0.08406408844601614,36.73927301518697,16.057750547125586,70.83256203458552,46.279758827973744,604310.1837871377,0.45183438393298886,-0.013057888066464431,0.0020768431983384517,0.060930447864830484,0.03225988064407148,-1.8257907800248152,0,1,0,0,0,0
6648895.0,182.2518,182.25,182.59,182.65,181.75,1699333200000,59931,2023-11-07,181.8515,178.35260000000002,,,1,1,0,0,56.782334384858025,2.0220587606850984,2.1085030068791304,-0.086444246194032,189.03701254444093,174.6659874555591,183.35,1.5999999999999943,1.8406642857142868,-37990127.0,0.0,0.0,-0.0041536923686934,-0.0081481883861155,0.0049807556790417,9752013.85,0.6817971243960036,103883585718.77003,581589868.0,178.62000601215777,31.94945848375458,55.89243663286151,1,11,0.1178571428571428,0.0710714285714285,183.35,184.79,184.12,183.51,184.09,183.05009221459753,181.02803345391243,2.0220587606850984,1,186.27132857142857,178.90867142857144,0.10104215733182194,28.561117287407377,23.55516058893518,67.58948826189182,12.947323130765199,576749.9972586405,0.6158980336812834,-0.19112769538981414,-0.0019677507515714066,0.05830869993624299,0.025037893673160116,-1.6359308811498259,0,1,0,0,0,0
6738304.0,181.1382,182.01,180.77,182.065,180.5699,1699419600000,62607,2023-11-08,182.2005,178.37059999999997,,,0,1,0,0,40.55374592833881,1.6903889322333896,2.0248801919499826,-0.334491259716593,188.33917626738793,176.06182373261208,182.59,2.0201000000000136,1.7985285714285726,-44728431.0,0.0,0.0,-0.0100176971618785,-0.0149310664268975,0.0062799959198015,9732528.95,0.6923487240179235,105101668932.85004,588328172.0,178.6446305563794,3.455898861850738,29.956097430885013,2,11,0.0,0.0235714285714285,182.59,183.35,184.79,184.12,183.51,182.69930879696713,181.00891986473374,1.6903889322333896,1,184.36705714285716,177.17294285714286,0.06763795565780517,23.630428038940334,28.79377585296163,63.4742661708875,-30.00643943345381,509584.69094394665,0.8014580470752304,0.27182805505847896,-0.01605704332680158,0.0401634156165489,0.005003613721020761,-2.3775561070441547,0,1,0,0,0,0
6442536.0,181.7045,180.98,181.49,182.28,180.89,1699506000000,58507,2023-11-09,182.612,178.394,,,0,1,0,0,41.60000000000005,1.46870585943239,1.9136453254464645,-0.4449394660140742,187.11186011478517,178.11213988521484,180.77,1.509999999999991,1.7535285714285729,-38285895.0,3.0,0.1266666666666666,0.0039750507815462,-0.0142841625027155,0.0064499192419682,9759022.6,0.6601620125359685,106270924791.49004,594770708.0,178.67545150103464,15.890917255315374,17.098758200306897,3,11,0.0,0.0489047619047618,180.77,182.59,183.35,184.79,184.12,182.51326128974142,181.04455543030903,1.46870585943239,1,184.99705714285716,177.98294285714286,0.09201177758905286,17.78047527932234,29.532697324768538,59.04445909558781,-38.263256261713494,535245.0655636291,0.6728138488145093,-0.2548039391871499,-0.013694907885440921,0.04750086575089463,0.006488464951198036,-2.214623132572022,0,1,0,0,0,0
7611618.0,179.7286,180.51,179.51,180.585,179.245,1699592400000,62944,2023-11-10,182.646,178.38379999999998,,,0,1,0,0,37.51803751803753,1.1203364336261077,1.754983547082393,-0.6346471134562854,187.03443647975504,178.257563520245,181.49,2.2450000000000045,1.850671428571431,-45897513.0,3.0,-0.3177777777777777,-0.0109696390853305,-0.0285729747280697,0.0060594801597236,9204459.25,0.8269489595491446,107637286338.67004,602382326.0,178.68599673800858,3.724525650034941,7.690447255733684,4,11,0.1266666666666666,-0.0146507936507936,181.49,180.77,182.59,183.35,184.79,182.05122109131966,180.93088465769355,1.1203364336261075,1,183.21134285714285,175.80865714285713,-0.006362898995843242,16.84716743079842,32.8456081449799,54.8640039657832,-115.02306780873386,452204.65760726726,0.33442248645957956,-1.3061627187572802,-0.035670158474348734,0.0038024939887042475,-0.00283301855349416,-4.7154090484360225,0,1,1,0,0,0
5385908.0,180.1048,179.4,180.51,180.73,179.11,1699851600000,50319,2023-11-13,182.7735,178.3918,,,0,1,0,0,41.77897574123992,0.9144021378106402,1.5868672652280424,-0.6724651274174023,186.71400637942872,178.83299362057124,179.51,1.619999999999976,1.8435285714285723,-40511605.0,4.0,0.0666666666666666,0.0055552612173912,-0.0154895009544586,0.0076789234211826,9056353.25,0.594710459201666,108609496591.75005,607768234.0,178.70216065249312,19.310344827585897,12.975262577645402,0,11,-0.3177777777777777,-0.0248888888888889,179.51,181.49,180.77,182.59,183.35,181.81411015419357,180.89970801638293,0.9144021378106402,1,184.19705714285715,176.82294285714283,0.012003680242041105,17.474253559759482,29.00144907320527,50.72468596148548,-114.39659902718425,482208.04460520577,0.010968888364524343,-1.7299029566319923,-0.024797406807131273,0.014329062710721319,0.002220865026927754,-2.0171422390159397,0,1,0,0,0,0
6831639.0,182.0756,181.7,182.12,182.75,181.62,1699938000000,59681,2023-11-14,182.96499999999995,178.4614,,,0,1,0,0,44.8979591836735,0.8710701153021034,1.4437078352428547,-0.5726377199407513,186.31628883298768,179.61371116701227,180.51,2.240000000000009,1.8421500000000015,-33679966.0,1.0,0.0,0.0088796325662112,-0.0025740730598609,0.0092853174277083,8986341.9,0.7602246916512269,109853674686.43002,614599873.0,178.74015194667967,41.51724137931022,21.517370618977015,1,11,0.0666666666666666,-0.0248888888888889,180.51,179.51,181.49,180.77,182.59,181.8611701304715,180.9901000151694,0.8710701153021034,1,185.8043,178.4357,0.028833017725909862,21.83279629709359,29.023152283619165,45.631671272968084,-38.436579755114764,543140.6178144463,-0.17141176616638934,-1.5616425290031708,-0.01070128741376497,0.021481855404116956,0.019480519480519654,-0.27721941739820843,0,1,0,0,0,0
4909399.0,181.8076,182.03,181.64,182.18,181.31,1700024400000,45863,2023-11-15,183.0035,178.5376,,,0,1,0,0,42.53308128544425,0.7889032017663169,1.3127469085475472,-0.5238437067812303,186.2700724834261,179.7369275165739,182.12,0.8700000000000045,1.7885785714285731,-38589365.0,4.0,0.0486111111111111,-0.002639104236831,0.0048127454776787,0.007877140607168,8535772.2,0.5751558130850775,110745417920.79002,619509272.0,178.76313225024666,34.89655172413755,31.908045977011223,2,11,0.0,-0.0151666666666666,182.12,180.51,179.51,181.49,180.77,181.8271439565528,181.03824075478647,0.7889032017663169,1,185.21715714285713,178.06284285714284,0.024491135078167938,21.72515284614469,31.13046671893058,40.858740220664636,-65.5333879878456,530201.2837489946,-0.19798500186026635,-1.5304200850049692,-0.010190180371641877,0.004257201304804559,0.021424956419051844,0.6109754297828491,0,1,0,0,0,0
8253348.0,183.7765,182.8457,183.69,184.32,182.8,1700110800000,71093,2023-11-16,183.0335,178.65099999999998,,,1,1,0,0,42.20532319391634,0.879069828463173,1.2260114925306724,-0.3469416640674994,186.31440664619635,179.75259335380363,181.64,2.680000000000007,1.7735785714285726,-30336017.0,3.0,-0.0333333333333333,0.0112228479282225,0.0121218799933879,0.0091367841405063,8278111.6,0.9970085447990336,112261475414.91002,627762620.0,178.8279069800461,64.50704225352095,46.97361178565624,3,11,0.0486111111111111,-0.0471666666666666,181.64,182.12,180.51,179.51,181.49,182.1137371940062,181.23466736554303,0.879069828463173,1,187.23715714285714,180.14284285714285,-0.026098290630028543,22.99628272822239,31.39375192552833,35.9651286438803,30.04466562564007,623349.067276853,-0.02704456449628763,-1.5217193829133357,-0.0023354334129915832,0.003277076847451932,0.03185035389282098,1.3267104201951723,0,1,0,0,0,0
4871297.0,183.7411,183.96,183.67,184.125,183.45,1700197200000,38394,2023-11-17,183.0375,178.7628,,,1,1,0,0,45.15254237288135,0.9380998655793746,1.168429167140413,-0.2303293015610383,186.32145701619453,179.75354298380546,183.69,0.6750000000000114,1.7203642857142865,-35207314.0,0.0,0.0,-0.0001088850175292,0.0231741964235976,0.0058665682667088,7882393.1,0.6179972171141782,113156186534.90002,632633917.0,178.86519121753005,64.22535211267574,54.54298203011141,4,11,-0.0333333333333333,0.0163888888888888,183.69,181.64,182.12,180.51,179.51,182.35316224108217,181.4150623755028,0.9380998655793746,1,187.11072857142855,180.22927142857142,0.005038012977394515,23.707603446235293,32.36482305144469,31.07151706711911,38.46617173943043,622818.6848934895,0.1341137561687598,-1.352607230933524,-0.006060934033226939,0.0004357535813497293,0.03139038634321634,3.950206640062184,0,1,1,0,0,0
5393464.0,183.0182,182.32,183.37,183.48,182.225,1700456400000,46334,2023-11-20,183.0575,178.86199999999997,,,1,1,0,0,47.435897435897445,0.9497262494672328,1.124688583605777,-0.1749623341385442,186.34459678335773,179.77040321664228,183.67,1.4449999999999932,1.62965,-40600778.0,0.0,0.0,-0.0016346995793703,0.015843997562462,0.0064231376677298,7678076.05,0.7024499321024569,114145186028.58002,638027381.0,178.90327190923492,66.9811320754717,65.23784214722279,0,11,0.0,0.0030555555555555,183.67,183.69,181.64,182.12,180.51,182.50959881937723,181.55987256991,0.9497262494672327,1,186.6293,180.1107,0.0576033811941012,25.027284550570677,34.12257669958817,27.189267722264983,0.5540217739112849,614009.1939586612,-0.029647086337607383,-0.9185215630962854,0.0001090809926371783,0.0021861507350933174,0.02780113222353009,2.4667029908191274,0,1,0,0,0,0
7322379.0,185.5779,185.57,185.35,186.115,185.065,1700542800000,65590,2023-11-21,183.1775,179.01919999999998,,,1,1,0,0,55.95854922279793,1.1059608664794496,1.1209430401805116,-0.014982173701062,186.6196466680276,179.73535333197242,183.37,2.7450000000000045,1.659292857142857,-33278399.0,2.0,0.1666666666666666,0.010739960035668,0.0177355589721062,0.0068763345849429,7714496.85,0.9491712994866284,115502388976.23,645349760.0,178.97641888985905,89.07922912205545,73.42857110340097,1,11,0.0,0.0363888888888888,183.37,183.67,183.69,181.64,182.12,182.9465836163961,181.84062274991666,1.1059608664794496,1,188.6685857142857,182.03141428571428,0.015261241894928956,35.92322028922682,29.96155848233038,23.417193764357016,116.79366361271329,693075.073982656,-0.3760709205261972,-1.0374214327513107,0.015115833287693725,0.013118338343809821,0.04428418502450837,2.5792132364834757,0,1,0,0,0,0
4338209.0,184.81,185.47,184.56,185.72,184.2715,1700629200000,38538,2023-11-22,183.2195,179.16879999999998,,,1,1,0,0,51.40845070422534,1.1527434197912498,1.1273031161026592,0.0254403036885906,186.70968156668445,179.7293184333155,185.35,1.4484999999999957,1.7070428571428562,-37616608.0,2.0,-0.00625,-0.0042713157312429,0.0160757542391545,0.0072691151857341,7427056.5,0.5841087919554672,116303048829.27,649687969.0,179.01370254444407,77.80157030692351,77.95397716815022,2,11,0.1666666666666666,0.0254166666666666,185.35,183.37,183.67,183.69,181.64,183.19480152156595,182.0420581017747,1.1527434197912498,1,187.9740857142857,181.1459142857143,-0.0348032443157309,34.918363404166634,32.44374146082033,20.25552427387407,76.92624308700022,674584.7307940943,-0.31496362492572594,-0.6707677706562519,0.02096586823034796,0.004572175048987548,0.04224079512084922,2.211511540715202,0,1,0,0,0,0
2445058.0,185.4905,185.47,185.52,185.75,185.16,1700802000000,27897,2023-11-24,183.295,179.33579999999998,,,1,1,0,0,52.29415461973607,1.252840936832797,1.1524106802486869,0.1004302565841102,186.91991088819736,179.6700891118027,184.56,1.1899999999999975,1.695614285714285,-35171550.0,1.0,0.1666666666666666,0.0051880790817781,0.0099624367140291,0.005990348043585,7165739.1,0.3412150464702239,116756655989.43,652133027.0,179.0380967615523,91.5060670949322,86.12895550797039,4,11,-0.00625,0.0654166666666666,184.56,185.35,183.37,183.67,183.69,183.55252436440196,182.29968342756916,1.252840936832797,1,188.91122857142858,182.12877142857144,-0.054121139260664544,30.26715980290872,32.66241478745056,16.79855214273174,97.95493383695532,687302.8478292051,-0.36317831560199476,-0.7203078703402801,0.022205080169706237,0.008206075756752362,0.04712987526104895,1.6630786743536556,0,1,1,0,0,0
6320420.0,186.5109,186.56,186.77,186.8,185.93,1701061200000,55802,2023-11-27,183.326,179.50439999999998,,,1,1,0,0,60.87786259541989,1.4167026275424632,1.2052690697074422,0.211433557835021,187.06259794606393,179.58940205393606,185.52,1.2800000000000011,1.6834714285714287,-28851130.0,1.0,0.0,0.0067152203782394,0.0168780965862689,0.0061694084615841,6776618.7,0.932680482671985,117937120832.83,658453447.0,179.1123144243028,99.60988296488944,89.63917345558173,0,11,0.1666666666666666,0.0654166666666666,185.52,184.56,185.35,183.37,183.67,184.04752061603244,182.63081798848998,1.4167026275424632,1,190.13694285714286,183.40305714285716,-0.1027438091765457,34.94055648831902,28.612645626548545,14.711774535107805,137.2949463606862,729888.6876308441,-0.18701618156456204,-1.6153065722512778,0.04044342933541323,0.0033306473274241633,0.04726926096220696,2.735767834742591,0,1,0,0,0,0
10901890.0,188.7553,187.9,189.26,189.4,187.52,1701147600000,88675,2023-11-28,183.534,179.7018,,,1,1,0,0,69.1117478510028,1.7275720133971504,1.309729658445384,0.4178423549517664,188.0650688874879,179.0029311125121,186.77,2.6299999999999955,1.7570428571428576,-17949240.0,3.0,0.0833333333333333,0.0132438177545707,0.032120848557561,0.0067284593771842,6885812.95,1.5832393472146231,120000412534.23,669355337.0,179.2775912896471,98.63945578231278,96.58513528071148,1,11,0.0,0.0820833333333332,186.77,185.52,184.56,185.35,183.37,184.84944052125823,183.12186850786108,1.7275720133971504,1,192.77408571428572,185.74591428571426,-0.01873237270727105,44.04722218173101,20.950785808561882,16.563825027111275,207.85102061687334,875231.6554522265,-0.16624477794818768,-1.7302298975564088,0.048473768766273295,0.022474338195569876,0.055019789285913445,4.77387155338489,0,1,0,0,0,0
8372753.0,189.4458,189.16,189.54,189.99,189.02,1701234000000,67233,2023-11-29,183.8065,179.9082,,,1,1,0,0,77.5612822124449,1.973779401022341,1.4425396069607754,0.5312397940615656,189.07403822457624,178.53896177542376,189.26,0.9699999999999988,1.6820357142857136,-9576487.0,4.0,0.225,0.0014783529619621,0.0226058807661182,0.0064787552694665,6799222.15,1.2314280685769328,121587384137.85,677728090.0,179.40437460375884,95.86397058823512,98.03776977847912,2,11,0.0833333333333333,0.0937499999999999,189.26,186.77,185.52,184.56,185.35,185.57106505644927,183.59728565542693,1.973779401022341,1,192.90407142857143,186.17592857142856,0.027210066355120466,48.516890651839084,16.87368621488675,19.31681854411867,200.2777877176347,887618.6936008045,0.20856946130457069,-1.585619313172734,0.04074236766966832,0.02960508446955279,0.057582859055908875,3.4892267007506046,0,1,0,0,0,0
7204123.0,188.7786,188.89,188.75,189.24,188.28,1701320400000,52038,2023-11-30,184.06850000000003,180.09619999999998,,,1,1,0,0,72.71589486858568,2.081163771372303,1.570264439843081,0.5108993315292221,189.77676648955645,178.3602335104436,189.54,1.259999999999991,1.6641785714285706,-16780610.0,2.0,0.0,-0.0041766959129146,0.0227026441265711,0.0064468961726662,6707000.2,1.0741199918258535,122947162354.1,684932213.0,179.50267197332124,88.6029411764705,94.36878918233948,3,11,0.225,0.0949999999999999,189.54,189.26,186.77,185.52,184.56,186.0601319708417,183.9789681994694,2.081163771372303,1,192.07835714285713,185.42164285714287,0.0452835589169238,48.11468547412299,20.23091614471701,20.45674521819534,143.86391923249803,857592.0123198088,0.151475689387353,-1.5793786642117331,0.0391433604932836,0.028554302217862926,0.052411485921382894,3.5214789107411706,0,1,0,1,0,0
16727571.0,191.2433,188.805,192.01,192.395,188.685,1701406800000,109502,2023-12-01,184.463,180.3754,,,1,1,0,0,86.21089223638472,2.4016368390667537,1.7365389196878156,0.6650979193789381,191.18652695665347,177.73947304334652,188.75,3.710000000000008,1.768821428571428,-53039.0,4.0,0.0744791666666666,0.017124065875691,0.0349827511858558,0.0086153131572765,7176193.8,2.33098094424373,126159023261.81,701659784.0,179.80084670466164,97.10199473089936,93.85630216520168,4,12,0.0,0.0765624999999999,188.75,189.54,189.26,186.77,185.52,186.9754962830199,184.57385944395315,2.4016368390667537,1,195.54764285714285,188.47235714285713,0.10450699049631175,58.008762873580615,12.391220945184966,22.785527952131265,172.478721707596,1146502.6425714632,0.4542119561897259,-1.0420151795358303,0.04529370134465682,0.04285248750814685,0.0784049424319011,4.060526871393022,1,1,1,0,0,0
18441644.0,188.2357,189.599,187.86,190.38,187.26,1701666000000,139995,2023-12-04,184.6165,180.5602,,,1,1,0,0,68.0058794708477,2.294296515020335,1.8480904387543196,0.4462060762660154,191.5095026304334,177.72349736956662,192.01,4.75,1.9923928571428584,-18494683.0,4.0,0.1620454545454545,-0.0218504494384557,0.0058360550409595,0.0154833170957406,7671756.05,2.4038360813102235,129623470503.65,720101428.0,180.00723990183505,59.08885881822288,81.59793157519758,0,12,0.0744791666666666,0.1089715909090908,192.01,188.75,189.54,189.26,186.77,187.11157377793992,184.8172772629196,2.294296515020335,1,191.84478571428573,183.8752142857143,0.03570556044977009,50.97961888935435,16.109487867743596,24.726472135851786,94.54849225632634,747914.9513053858,-0.9239319169862923,1.4146455371322912,0.02281265312789249,0.016613453108934584,0.051729929459187085,0.3769251275822349,1,1,0,0,0,0
7027722.0,187.1402,187.5501,187.15,187.88,186.3,1701752400000,64089,2023-12-05,184.8065,180.74919999999997,179.91150000000002,,1,1,1,0,62.89082521783703,2.1274139646703247,1.9039551439375209,0.2234588207328041,191.7617200010612,177.8512799989388,187.86,1.579999999999984,1.9452499999999997,-25522405.0,4.0,0.305,-0.0037865702159313,-0.0111486843495719,0.013959813467009,7609408.85,0.9235568936475268,130938708675.95,727129150.0,180.07627486251926,52.683806946323855,69.62488683181537,1,12,0.1620454545454545,0.1533049242424242,187.86,192.01,188.75,189.54,189.26,187.1174855044107,184.99007153974037,2.1274139646703247,1,191.0405,183.2595,0.09265474331423502,44.7977674390741,20.024969240081134,26.44629680036615,55.22037696246694,721354.3071022556,-0.8428049303218713,1.1157283587188402,0.02061405900638058,0.020725388601036343,0.05317951603826687,-0.7986264565536509,0,1,0,0,0,0
5778604.0,187.9762,188.32,187.84,188.46,187.5,1701838800000,55472,2023-12-06,185.069,180.9804,179.9743,,1,1,1,0,65.72008113590273,2.027464229043744,1.9286569609587656,0.0988072680849787,192.0681394959819,178.06986050401804,187.15,1.3100000000000025,1.9766785714285704,-19743801.0,3.0,0.1766666666666666,0.0036801022892937,-0.008969083043157,0.0141400799105538,7565894.3,0.7637701203412266,132024161651.31,732907754.0,180.13748787723972,55.21140609636185,55.661357286969526,2,12,0.305,0.1436382575757575,187.15,187.86,192.01,188.75,189.54,187.2286415806552,185.20117735161145,2.027464229043744,1,191.79335714285713,183.88664285714287,0.043968064965321206,46.181364826935145,18.586373238445997,28.218562939390868,67.30186888735192,742659.339215534,-0.763774152700282,1.4929081323699802,0.013434043701106013,0.028752943753765248,0.06557749035625138,-0.6343016982135811,0,1,0,0,0,0
5802025.0,188.0698,188.45,188.15,188.59,187.26,1701925200000,50172,2023-12-07,185.438,181.2614,180.0194,,1,1,1,0,62.402669632925544,1.9507803708856952,1.9330816429441515,0.0176987279415439,192.2587226041021,178.61727739589787,187.84,1.3300000000000125,1.88025,-13941776.0,2.0,0.1927777777777777,0.0016489803997147,-0.0031788079470198,0.0141354940572734,7519080.35,0.7716402445413422,133115812655.06,738709779.0,180.20042029937713,58.259587020648986,55.38493335444489,3,12,0.1766666666666666,0.1821938131313131,187.84,187.15,187.86,192.01,188.75,187.37038902978517,185.41960865889948,1.9507803708856954,1,191.9105,184.3895,0.09010994480666314,40.42015687867506,20.451307759055094,29.458962239169985,62.64987314989655,752234.6573053981,-0.9904856865892298,2.185404628780017,0.019451668833983637,0.04082535818996513,0.08070074669730043,-0.22488111737226305,0,1,0,0,0,0
7883204.0,185.8472,185.93,185.64,186.78,184.9,1702011600000,74324,2023-12-08,185.6455,181.50960000000003,180.0391,,0,1,1,0,54.81191988275526,1.6682413894696992,1.8801135922492611,-0.2118722027795618,192.2081325751023,179.0828674248977,188.15,3.25,2.0641785714285703,-21824980.0,0.0,0.0,-0.0134302026664713,-0.0331753554502369,0.0107326659593486,7591113.75,1.0384779176836865,134579250645.62,746592983.0,180.25785630189884,33.57915437561442,49.016715830875086,4,12,0.1927777777777777,0.1672979797979797,188.15,187.84,187.15,187.86,192.01,187.10417533289515,185.43593394342545,1.6682413894696992,1,189.76835714285713,181.51164285714285,0.08400766802608302,36.81851997964668,26.795508408119577,29.481578259629334,4.674081506851977,647069.4059633827,-0.48423195291869015,0.17765462982326646,0.0006468305304008215,0.02286627362389093,0.07163886162904798,-3.091060940989261,0,1,1,0,0,0
8508327.0,183.7387,184.5,183.59,184.53,183.1513,1702270800000,69181,2023-12-11,185.8495,181.7524,180.0476,,0,1,1,0,50.49504950495049,1.264334878223906,1.7569578494441902,-0.4926229712202843,191.83759511930953,179.86140488069043,185.64,2.4886999999999944,2.13872857142857,-30333307.0,1.0,-0.2277777777777778,-0.0111043039008607,-0.0227296923240711,0.0075589343415193,7635949.2,1.1142461503017855,136141294399.55,755101310.0,180.2954022150352,4.7459350692905495,32.194892155184654,0,12,0.0,0.0893333333333332,185.64,188.15,187.84,187.15,187.86,186.5635329739882,185.2991980957643,1.264334878223906,1,187.86745714285715,179.31254285714286,0.09338479733517054,35.53513100722905,27.61052961118072,29.279651418902393,-56.574494885869484,553112.983048063,-0.029248774981209515,-0.30719393489117913,-0.017026289018579055,0.022728538800066866,0.07080781568970562,-3.006992947311817,0,1,0,0,0,0
5056911.0,183.6374,183.844,183.49,183.98,183.26,1702357200000,44544,2023-12-12,185.9985,182.02920000000003,180.0607,,0,1,1,0,45.42772861356934,0.9254983252168074,1.5906659445987137,-0.6651676193819063,191.5603068817137,180.4366931182863,183.59,0.7199999999999989,1.994085714285713,-35390218.0,1.0,0.1,-0.000544840375252,-0.0195565054768901,0.0077817167357332,7619499.35,0.6636802193571945,137069186998.94,760158221.0,180.31665410212017,3.6641171825136736,13.996402209139548,1,12,-0.2277777777777778,0.0483333333333333,183.59,185.64,188.15,187.84,187.15,186.0906817472208,185.165183422004,0.9254983252168074,1,187.47817142857144,179.50182857142858,0.0558596794811064,28.67407905209914,29.61328498932085,28.748417086560995,-71.02389726930548,550358.524199542,0.06616717279667554,0.8278053691808834,-0.03048716051991962,0.016508780676970813,0.08157972295903337,-2.5131318717589832,0,1,0,0,0,0
10635500.0,185.9205,183.82,187.63,187.66,183.38,1702443600000,95322,2023-12-13,186.274,182.3986,180.12300000000002,,1,1,1,0,56.47952722667792,0.9797375121745802,1.4684802581138872,-0.488742745939307,191.56622030810112,180.98177969189888,183.49,4.280000000000001,2.196335714285713,-24754718.0,2.0,0.0833333333333333,0.0223117684024209,-0.0011179727427598,0.0141797095620963,7809692.4,1.361833405884206,139064725863.94,770793721.0,180.41756448602413,48.451377695078754,18.953809982294327,2,12,0.1,0.0296666666666666,183.49,183.59,185.64,188.15,187.84,186.32749993995606,185.34776242778148,0.9797375121745802,1,192.0226714285714,183.23732857142858,0.1266682462773369,38.00160655962651,24.30574299911683,30.05609745329377,1.8402139323762823,790322.3914402631,0.39084231733822666,-0.06056745663655556,-0.010077028595547044,0.030254777070063632,0.10918656892882472,-0.07884307851533569,0,1,0,0,0,0
9007157.0,188.9302,188.8649,188.73,189.82,188.08,1702530000000,73967,2023-12-14,186.62849999999997,182.7904,180.1862,,1,1,1,0,56.735207721359615,1.098816789566854,1.394547564404481,-0.2957307748376268,191.55064448343336,181.7063555165666,187.63,2.1899999999999977,2.267764285714285,-15747561.0,3.0,0.1666666666666666,0.0058454837507646,0.0030826468243421,0.0144400722751507,8014580.3,1.1238463728412578,140764646604.55,779800878.0,180.51357798618687,60.351374449625006,37.488956442405815,3,12,0.0833333333333333,0.0244444444444444,187.63,183.49,183.59,185.64,188.15,186.69711533380897,185.5982985442421,1.098816789566854,1,193.26552857142855,184.19447142857143,0.11661344428253513,43.51359266882951,23.540176440755033,31.91187725147396,79.48105550405921,843127.7674462311,0.1220537935634861,-0.30865120701113874,-0.00010596026490072852,0.03903325258753587,0.11582121319616889,0.2134784806348985,0,1,0,0,0,0
8324824.0,187.7853,188.52,187.0,188.96,186.82,1702616400000,66605,2023-12-15,186.794,183.15379999999996,180.2232,,1,1,1,0,50.47305635540928,1.0415846930557675,1.3239549901347385,-0.2823702970789705,191.51876298486627,182.06923701513375,188.73,2.140000000000015,2.329192857142857,-24072385.0,1.0,0.0,-0.0092088053954612,0.0073260073260073,0.0135067875450527,8018154.1,1.0382469451416505,142321388692.55,788125702.0,180.58209284557756,41.63592500838409,50.146225717695955,4,12,0.1666666666666666,0.0244444444444444,188.73,187.63,183.49,183.59,185.64,186.74371297476142,185.70212828170565,1.0415846930557677,1,191.6583857142857,182.3416142857143,0.0645785359297678,39.1459947685293,26.783343087340782,32.5400554340908,30.817890892684026,766817.9835221072,0.5438573023388484,0.9415943248585522,-0.026092391021300898,0.018019489357069096,0.10762305277498063,0.5423941020490595,0,1,1,0,0,0
5351795.0,187.7102,187.5,187.85,188.49,187.24,1702875600000,46444,2023-12-18,187.003,183.5168,180.2975,,1,1,1,0,46.89016321129245,1.0526810881760866,1.269700209743008,-0.2170191215669215,191.51072950199568,182.4952704980043,187.0,1.490000000000009,2.2477642857142865,-18720590.0,3.0,0.1875,0.0045351551653911,0.0232038782068739,0.011537048078624,8042179.0,0.6654657898064691,143326723383.3,793477497.0,180.63111294925605,50.831377045988006,50.9395588346657,0,12,0.0,0.1074999999999999,187.0,188.73,187.63,183.49,183.59,186.91391097864428,185.8612298904682,1.0526810881760866,1,192.34552857142856,183.35447142857143,0.07413104708546574,32.30193810602225,27.753609132962794,30.542874633009212,35.08433120103765,791144.3244311974,0.8468879804443613,1.3664375978486814,-5.3231129564679236e-05,0.022758207655033447,0.10695344725987033,2.01124741235951,0,1,0,0,0,0
6025564.0,189.1586,188.23,189.13,189.7239,188.13,1702962000000,55608,2023-12-19,187.291,183.843,180.3702,,1,1,1,0,49.13392479932404,1.151486741467778,1.246057516087962,-0.094570774620184,191.55059671923655,183.03140328076344,187.85,1.873899999999992,2.312328571428572,-12695026.0,2.0,0.0182954545454545,0.0067908372803851,0.0307373698839172,0.0111821459910514,8073784.0,0.7463122620075048,144466338302.62,799503061.0,180.69516597212876,64.67864599673283,52.38198268370164,1,12,0.1875,0.0911590909090908,187.85,187.0,188.73,187.63,183.49,187.25484775116055,186.10336100969278,1.151486741467778,1,193.75465714285713,184.50534285714286,0.055802355319182206,33.38903886824379,26.97867949223157,27.844858641918197,72.34606288882281,832202.1999701912,0.48554372257985057,0.7383653514213192,0.010579748864547156,0.031411899438294144,0.09437565096632339,2.7487874349557457,0,1,0,0,0,0
6002395.0,188.4742,188.69,188.1,188.96,188.085,1703048400000,47873,2023-12-20,187.4285,184.1544,180.4277,,1,1,1,0,48.64073609368464,1.1336109798989469,1.2235682088501592,-0.0899572289512122,191.6009322075164,183.2560677924836,189.13,1.0449999999999875,2.2969714285714287,-18697421.0,0.0,0.0,-0.0054608729933782,0.0025049299152588,0.007318200185675,8007784.8,0.749569968463688,145595388802.12,805505456.0,180.75034466572257,53.53592176293035,56.34864826855039,2,12,0.0182954545454545,0.0744924242424242,189.13,187.85,187.0,188.73,187.63,187.38487117405893,186.25126019415998,1.1336109798989469,1,192.69394285714284,183.50605714285714,0.04096949463420473,33.61227204965161,24.997823212864837,25.98055158627062,42.8592829306081,799513.2196392021,0.7552722056258988,0.8219085573983743,0.0013841567291310586,0.014836795252225476,0.09024517475221705,0.34228723303985786,0,1,0,0,0,0
4619995.0,189.245,189.21,189.43,189.62,188.75,1703134800000,43605,2023-12-21,187.672,184.46719999999996,180.5174,,1,1,1,0,44.131028207461355,1.2127839760499055,1.2214113622901086,-0.0086273862402028,191.70568761674457,183.63831238325545,188.1,1.5200000000000102,2.1405428571428575,-14077426.0,2.0,0.0,0.0070458268332028,0.0037090022783872,0.0075532913410896,8021874.1,0.5759246458380592,146470554454.97,810125451.0,180.79984312820957,86.85794126191448,68.35750300719255,3,12,0.0,0.0411590909090908,188.1,189.13,187.85,187.0,188.73,187.69950637804988,186.48672240199997,1.2127839760499057,1,193.71108571428573,185.14891428571428,0.07338483034142641,27.742962390133652,26.824637265972385,21.472355381960785,75.75541881101945,832179.8509523341,0.5592563582054145,0.24888738744436775,0.006803082646824388,0.026387082791504035,0.08999367052189422,0.4910438642518343,0,1,0,0,0,0
7107542.0,190.7933,191.6,190.27,191.88,190.07,1703221200000,55583,2023-12-22,187.9095,184.80740000000003,180.6241,,1,1,1,0,56.454204606320296,1.3280017482359483,1.2427294394792765,0.0852723087566718,191.9689501831502,183.8500498168498,189.43,2.4499999999999886,1.9762571428571425,-6969884.0,5.0,0.12,0.0044245529121219,0.0174866310160428,0.0051385959887271,8254998.3,0.8609986025072834,147822906471.31,817232993.0,180.8822058549831,81.55509984304668,73.9829876226305,4,12,0.0,0.0651590909090908,189.43,188.1,189.13,187.85,187.0,188.09496693527296,186.76696518703702,1.3280017482359483,1,194.22251428571428,186.31748571428574,0.034513158637279835,38.21762637951329,23.904133345897666,19.405582758342515,132.9987945192068,863697.220323606,0.5246220320533395,0.9199214623057149,0.024940745528980957,0.0256037084950409,0.09817615144868985,3.402991210924593,0,1,1,0,0,0
4502664.0,191.0238,190.97,191.72,191.74,190.4,1703566800000,43978,2023-12-26,188.157,185.0652,180.7459,,1,1,1,0,61.77228232869655,1.518807675182444,1.29794508661991,0.2208625885625339,192.5164355018444,183.79756449815557,190.27,1.4699999999999989,1.9684000000000008,-2467220.0,1.0,0.4,0.0075918582391212,0.0206015437849347,0.0054686579222206,8164110.5,0.5515192377663188,148686157213.38998,821735657.0,180.94159106617664,98.16696644402953,88.86000251633023,1,12,0.12,0.1076590909090908,190.27,189.43,188.1,189.13,187.85,188.65266432984635,187.1338566546639,1.518807675182444,1,195.6568,187.7832,0.025611170203129877,38.37017736001306,20.515937519771022,18.841563542834134,141.56654179751297,898010.8945759843,0.5274383782520852,1.8060629350034756,0.04428345770466802,0.02650318573646726,0.07207962869764573,3.767195974951294,0,1,0,0,0,0
5813295.0,192.5189,191.77,192.59,193.1823,191.54,1703653200000,57783,2023-12-27,188.3235,185.3578,180.86990000000003,,1,1,1,0,62.123532414497205,1.720392858115673,1.3824346409190629,0.3379582171966104,193.09518523689533,183.55181476310472,191.72,1.642300000000006,1.992135714285715,3346075.0,2.0,0.1962121212121212,0.0045276026446901,0.0182942949294135,0.0052783776344844,7909680.75,0.7349594988394443,149805739697.43997,827548952.0,181.02341781159063,94.09530455587684,91.272456947651,2,12,0.4,0.1432424242424242,191.72,190.27,189.43,188.1,189.13,189.25840827910076,187.5380154209851,1.720392858115673,1,196.57427142857142,188.60572857142859,-0.021974479566153088,41.0048081775104,20.271496125740367,18.215113437481474,165.94432892479432,924390.8583252014,0.36048503488276334,2.126681303345752,0.04959398332334186,0.017594843073021282,0.08220948527759053,3.4658869708420936,0,1,0,0,0,0
6171506.0,192.1243,192.34,191.47,192.89,191.44,1703739600000,52357,2023-12-28,188.42,185.6214,180.9868,,1,1,1,0,58.13725490196077,1.7693796212899713,1.4598236369932445,0.3095559842967268,193.3700026581603,183.46999734183967,192.59,1.4499999999999886,2.000707142857142,-2825431.0,2.0,-0.0124999999999999,-0.0058324385510071,0.0179160021265285,0.0054384766986071,7799618.4,0.791257428696768,150987397951.25998,833720458.0,181.1007472618118,82.92991725650485,91.73072941880372,3,12,0.1962121212121212,0.1407424242424242,192.59,191.72,190.27,189.43,188.1,189.59865315923912,187.82927353794915,1.7693796212899713,1,195.47141428571427,187.46858571428572,-0.06408374406435001,40.82913539825936,19.684825715306086,18.367703891191734,132.22744112761345,888500.6941422216,-1.01404886159628,-0.8032812719856882,0.02046581037147588,0.010182547219584226,0.07392450501991132,3.294299153313573,0,1,0,0,0,0
4612349.0,191.2902,190.99,191.17,191.64,190.74,1703826000000,45038,2023-12-29,188.541,185.8274,181.1121,,1,1,1,0,65.20065970313362,1.7636640696881614,1.520591723532228,0.2430723461559334,193.64100577915093,183.44099422084903,191.47,0.8999999999999773,1.8328499999999976,-7437780.0,1.0,0.5,-0.0015680538441868,0.0091854510901123,0.0054191212685193,7670029.7,0.6013469543670736,151869140709.58997,838332807.0,181.15614639138172,79.93918851560154,85.65480344266108,4,12,-0.0124999999999999,0.2407424242424242,191.47,192.59,191.72,190.27,189.43,189.8403988270485,188.07673475736033,1.7636640696881614,1,194.83569999999997,187.5043,-0.06552440324943913,44.56837320310343,15.018374968328681,20.784531291832312,93.13932018652362,881273.9500047583,-0.6553054274537677,-1.3213557401146498,0.012928522227520833,0.012821192052980157,0.05694697849284003,1.6950043530910985,0,1,1,0,0,0
6025646.0,191.1544,191.44,190.72,191.89,190.5,1704171600000,64750,2024-01-02,188.4765,185.98,181.2414,,1,1,1,0,71.48884870403859,1.703189901684624,1.5571113591627073,0.1460785425219166,193.42207016030824,183.5309298396918,191.17,1.3899999999999864,1.7543714285714256,-13463426.0,1.0,-0.2333333333333333,-0.0023567006639419,0.0023650601776421,0.0054554927757487,7134933.45,0.8445272884780726,153018351914.70996,844358453.0,181.22439749497,75.18418108704638,79.35109561971758,1,1,0.5,0.1700757575757575,191.17,191.47,192.59,191.72,190.27,189.97572208442566,188.27253218274103,1.703189901684624,1,194.22874285714286,187.21125714285714,-0.19219198622853617,47.57992278570259,8.570428151486697,24.850500634200266,87.97609433171002,867090.0262719556,-0.5228569125061412,-1.5632872436611511,0.01989304812834214,-0.006718400083328913,0.04167349391009889,0.4335182795901932,0,1,0,0,0,0
8601568.0,188.7864,188.77,189.13,189.86,188.16,1704258000000,77967,2024-01-03,188.54,186.09079999999997,181.3567,,1,1,1,0,65.59734513274333,1.509562677161199,1.5476016227624056,-0.0380389456012066,193.4848537842259,183.5951462157741,190.72,2.5600000000000023,1.8857999999999973,-22064994.0,2.0,0.0246212121212121,-0.0083717745766219,-0.0135092843730439,0.0048891855066794,6642929.65,1.2948455656157671,154645166470.54996,852960021.0,181.30412054863467,58.659702314762846,71.26102397247026,2,1,-0.2333333333333333,0.0949999999999999,190.72,191.17,191.47,192.59,191.72,189.845610994514,188.3360483173528,1.509562677161199,1,192.9016,185.3584,-0.1118670405873868,44.263897078820605,16.836355916838492,27.941791329166143,17.24819398166536,795380.2259363851,-0.22566504357681103,-1.7902453509164147,0.006813947298376366,0.006760353454700274,0.030175935508469864,-2.7630894192281983,0,1,0,0,0,0
4416743.0,189.3261,189.08,189.32,189.75,188.69,1704344400000,40882,2024-01-04,188.6485,186.2178,181.4739,,1,1,1,0,55.9801840056617,1.355814137410249,1.5092441256919744,-0.1534299882817253,193.5600514753224,183.7369485246776,189.13,1.0600000000000025,1.6557999999999973,-17648251.0,0.0,0.0,0.0010040957376842,-0.0169790747183136,0.0036902825310567,6512380.7,0.6782071263125019,155481344255.30997,857376764.0,181.34541403936387,39.29396601857816,57.71261647346247,3,1,0.0246212121212121,0.0557575757575757,189.13,190.72,191.17,191.47,192.59,189.76474776458878,188.40893362717853,1.355814137410249,1,192.6316,186.0084,-0.11180934890400224,34.53747000390927,19.17502112954678,28.414657243980397,21.090741434642023,799817.2860008912,-0.0641613858714509,-1.4838097446179543,0.0010046000105747854,0.011594977290942943,0.03470514291960436,-4.601010509443736,0,1,0,0,0,0
7455883.0,189.8887,189.68,189.35,191.26,189.08,1704430800000,61393,2024-01-05,188.724,186.34579999999997,181.5968,,1,1,1,0,52.373660030627896,1.222298168802979,1.4518549343141751,-0.2295567655111963,193.62964186475813,183.81835813524185,189.32,2.1799999999999784,1.65508571428571,-10192368.0,0.0,0.0,0.0001584493097566,-0.0110722306366533,0.003685771112164,6596244.65,1.1303223872995674,156893115701.35995,864832647.0,181.4144230627778,39.76549361080112,45.90638731471404,4,1,0.0,0.0582575757575757,189.32,189.13,190.72,191.17,191.47,189.7009404161905,188.4786422473875,1.222298168802979,1,192.6601714285714,186.0398285714286,-0.1401288811358431,31.747168885622003,19.183296497728534,28.049051078182423,40.27012072508231,800998.7591151953,-0.3166658554370659,-0.8524392758330893,0.006645401382243454,0.008038756388415669,0.03498223558349278,-3.004039116732182,0,1,1,0,0,0
6214968.0,187.889,187.21,187.87,188.74,187.11,1704690000000,57090,2024-01-08,188.71,186.4288,181.7096,,0,1,1,0,53.39578454332555,0.9856996387681818,1.3586238752049766,-0.3729242364367948,193.6241300027792,183.79586999722073,189.35,2.2399999999999807,1.662228571428565,-16407336.0,1.0,0.5,-0.0078469200685962,-0.0172621227179996,0.0044047317095063,6616891.8,0.9392579156273948,158060721739.51996,871047615.0,181.46048392488848,12.515850666139569,30.52510343183961,0,1,0.0,0.0582575757575757,189.35,189.32,189.13,190.72,191.17,189.4192572752381,188.4335576364699,0.9856996387681818,1,191.19445714285715,184.54554285714286,-0.1576948396970491,31.61074631664417,22.151844330265774,27.966370332532257,-29.734508652320688,752421.2431923012,-0.0023407716273755852,-1.1012491274681722,-0.008235232011824967,-0.0014881743289928417,0.0225887219682126,-3.918986368881639,0,1,0,0,0,0
4437269.0,188.1458,188.68,187.93,188.78,187.73,1704776400000,45101,2024-01-09,188.8245,186.5072,181.8332,,0,1,1,0,50.33277870216311,0.7938837005498272,1.2456758402739467,-0.4517921397241196,193.54015131964033,184.10884868035967,187.87,1.0500000000000114,1.6307999999999936,-11970067.0,0.0,0.0,0.0003193187893018,-0.0146287751677851,0.0047265528292981,6444595.05,0.6885256506535659,158894617702.68997,875484884.0,181.49327373502655,13.503944139782211,21.928429472240964,1,1,0.5,0.1049242424242423,187.87,189.35,189.32,189.13,190.72,189.19014077135532,188.3962570708055,0.7938837005498272,1,191.1916,184.66840000000002,-0.1702092763500276,32.395143473669584,22.578751873498184,28.700864842102213,-27.533699721187872,753838.3728032025,0.15082781665170303,-0.5319195492507076,-0.012298312923739951,0.012335703512174279,0.021303190044019482,-3.09501337358875,0,1,0,0,0,0
4504726.0,187.6155,188.14,187.5,188.44,187.205,1704862800000,44977,2024-01-10,189.02,186.53420000000003,181.9552,,0,1,1,0,42.70367054610567,0.6002514560705094,1.1165909634332594,-0.5163395073627499,193.10379080860244,184.9362091913976,187.93,1.2349999999999852,1.585164285714279,-16474793.0,0.0,0.0,-0.0022907076580439,-0.0086184106170358,0.0036391044694206,6244415.0,0.7214008037582383,159739253827.68997,879989610.0,181.52402257077784,6.422607578676735,10.814134128199504,2,1,0.0,0.0999999999999999,187.93,187.87,189.35,189.32,189.13,188.93011911422374,188.32986765815323,0.6002514560705094,1,190.67032857142857,184.32967142857143,-0.1697325632731296,27.767739248402428,25.594462932821422,28.233281657202635,-58.482595551191785,743531.1723562275,-0.17109365985763078,-0.5745421339719664,-0.022011266430210674,0.021297456288468908,0.00725221595487513,-2.3682713719109736,0,1,0,0,0,0
6831086.0,187.4797,188.02,187.87,188.55,186.56,1704949200000,62410,2024-01-11,189.239,186.5896,182.0806,,0,1,1,0,48.90580399619415,0.471220478702719,0.9875168664871512,-0.5162963877844323,192.4508130639717,186.02718693602824,187.5,1.990000000000009,1.6526642857142804,-9643707.0,1.0,0.0,0.0019713888687421,-0.0076589900697231,0.0038409772311359,6333123.75,1.0786282203943989,161022609954.50998,886820696.0,181.5729049635418,19.78164685985237,13.236066192770435,3,1,0.0,0.0999999999999999,187.5,187.93,187.87,189.35,189.32,188.76702386588164,188.29580338717892,0.471220478702719,1,191.17532857142857,184.56467142857144,-0.13586422826686426,26.6336175670308,27.14231996510293,27.251001229645276,-78.97022574817026,757011.1820628946,-0.6224061085176874,-1.0225492384259343,-0.024508022223376114,0.023870510654531607,0.014964883846569466,-1.9940160195372731,0,1,0,0,0,0
6833678.0,190.0469,190.67,189.71,191.08,189.16,1705035600000,63812,2024-01-12,189.343,186.702,182.2196,,1,1,1,0,51.27041742286752,0.5115384254521302,0.8923211782801471,-0.3807827528280169,192.46900030306168,186.21699969693836,187.87,3.210000000000008,1.773378571428566,-2810029.0,2.0,-0.275,0.0097463560852464,0.0019012410879324,0.0064241676543096,6143032.65,1.1124274262159424,162319027007.88998,893654374.0,181.63512844607865,47.56655542636256,24.59026995496389,4,1,0.0,0.0449999999999999,187.87,187.5,187.93,187.87,189.35,188.91209711728447,188.40055869183234,0.5115384254521302,1,193.25675714285714,186.16324285714288,-0.24917541013736985,32.35269238606179,25.294736026352115,28.005315685334065,27.216252035383974,823940.2687717895,0.5142442326487349,1.491084563934706,-0.009192040528542278,0.011085647284549527,0.030528545819979325,0.2959508890070887,0,1,1,0,0,0
6548068.0,188.2537,189.15,187.91,189.26,187.54,1705381200000,59937,2024-01-16,189.302,186.79,182.33769999999996,,0,1,1,0,40.15025041736223,0.3937073190540729,0.7925984064349323,-0.3988910873808593,192.48288104312795,186.121118956872,189.71,2.170000000000016,1.753378571428568,-9358097.0,1.0,0.1,-0.0095334655633928,0.0002129131846488,0.0069840002550397,6020078.2,1.0877048075554898,163549474465.77,900202442.0,181.6807718299547,20.385666611298117,29.24462296583768,1,1,-0.275,-0.035,189.71,187.87,187.5,187.93,187.87,188.75792833000995,188.36422101095587,0.39370731905407297,1,191.41675714285714,184.40324285714286,-0.26633422859399714,23.515009787831996,32.1827655048894,27.471107997909765,-60.759963585567995,761811.1116372155,0.41887801364894245,0.3831862019899534,-0.017052884866872398,-0.004344831240396307,0.023976894992098652,0.030485806416902194,0,1,0,0,0,0
8643163.0,186.0866,187.31,185.84,187.42,185.45,1705467600000,67409,2024-01-17,189.244,186.82440000000005,182.4172,,0,0,1,0,26.66666666666671,0.1317746024281803,0.660433645633582,-0.5286590432054017,192.63685565176135,185.85114434823865,187.91,2.460000000000008,1.8240928571428543,-18001260.0,1.0,0.16,-0.0110770363389074,-0.0111211621348374,0.0085542225854895,6035995.15,1.431936703925284,165155719877.69,908845605.0,181.7203262788403,5.043777401290875,24.331999812983852,2,1,0.1,-0.003,187.91,189.71,187.87,187.5,187.93,188.3090162792392,188.177241676811,0.1317746024281803,1,189.48818571428572,182.1918142857143,-0.2515216425478736,22.603407555769955,39.11924908305918,27.21669385855096,-152.9460449265753,666598.7897277909,0.3906759954470745,-0.334117902414513,-0.02558724832214765,-0.006203208556149753,0.009341733651966111,-1.3000771283331913,0,1,0,0,0,0
4685239.0,186.9314,186.36,187.37,187.4,186.3,1705554000000,42526,2024-01-18,189.22,186.876,182.5124,,0,1,1,0,30.316742081448,0.0471062392320789,0.5377681643532813,-0.4906619251212024,192.6608260942005,185.7791739057995,185.84,1.5600000000000025,1.8182142857142825,-13316021.0,0.0,0.0,0.0081991831482674,-0.0006933333333333,0.0097416108279086,6002667.35,0.7805261772501854,166033593109.12,913530844.0,181.7493018430804,25.806451612903448,17.07863187516415,3,1,0.16,-0.003,185.84,187.91,189.71,187.87,187.5,188.16455223627932,188.11744599704724,0.047106239232078906,1,191.00642857142856,183.73357142857145,-0.2149506477456972,17.010410521700845,39.24572773944382,27.623077095483062,-109.68282859428703,705171.8400398873,0.001688428948052157,-0.8153491171035933,-0.009305768519007995,-0.0025552302368910818,0.013961794469397715,-0.07117227672698791,0,1,0,0,0,0
5594650.0,187.8629,188.26,187.93,188.3,187.44,1705640400000,44481,2024-01-19,189.16000000000005,186.9676,182.61550000000005,,0,1,1,0,36.06299212598431,0.0249061684746436,0.4351957651775538,-0.4102895967029101,192.64894796389137,185.67105203610868,187.37,0.9300000000000068,1.7810714285714266,-7721371.0,1.0,0.5,0.0029842814580883,0.0003193697769734,0.0098067744934863,5981121.65,0.9353847534600804,167084995683.62,919125494.0,181.7869233030109,38.50931677018663,23.119848594793652,4,1,0.0,0.0969999999999999,187.37,185.84,187.91,189.71,187.87,188.12846727685172,188.10356110837708,0.024906168474643664,1,191.49214285714285,184.36785714285716,-0.22203287187815987,20.9745337794367,39.66312410681245,27.328712576062944,-63.59526063556805,721892.7878970685,-0.08262954310746437,-0.9640075111779913,-0.007342066342700071,-0.006344842172050891,0.024979547313880524,0.032566207321627856,0,1,1,0,0,0
4397522.0,187.3183,187.23,187.22,187.7601,186.85,1705899600000,34974,2024-01-22,189.116,187.0602,182.7064,,0,1,1,0,34.935163996948944,-0.0494090569731895,0.3382748007474052,-0.3876838577205947,192.68256638652335,185.54943361347665,187.93,1.0800000000000125,1.793928571428572,-12118893.0,1.0,0.4,-0.0037851571249109,-0.0131252965051922,0.0082026708759885,5900878.0,0.7452318112660523,167908299752.46,923523016.0,181.8127938811002,27.48447204968961,30.600080144259895,0,1,0.5,0.2319999999999999,187.93,187.37,185.84,187.91,189.71,187.988703080413,188.03811213738618,-0.049409056973189536,0,190.80785714285713,183.63214285714287,-0.18290008506832736,20.824208631963238,38.94087197334625,25.951681443563047,-86.19064988030688,705278.9390171662,0.11585555133876324,-1.0542187259377747,-0.01124900977026666,-0.004678362573099393,0.025357358015225318,-1.600122777373133,0,1,0,0,0,0
5040771.0,187.7115,187.45,187.95,188.15,187.28,1705986000000,37844,2024-01-23,189.04199999999997,187.2038,182.7872,,0,1,1,0,39.656460044809535,-0.0488365520451736,0.2608525301888894,-0.3096890822340631,192.64238945261908,185.4416105473809,187.22,0.9300000000000068,1.7610714285714306,-7078122.0,2.0,0.1416666666666666,0.0038915740665882,0.0002128678622743,0.0075547332304456,5921916.8,0.8512059811444835,168855712661.91,928563787.0,181.84611011748405,43.02925989672976,36.34101623886867,1,1,0.4,0.2403333333333333,187.22,187.93,187.37,185.84,187.91,187.98274876034944,188.0315853123946,-0.048836552045173676,0,191.47214285714284,184.42785714285714,-0.18122774685935225,21.780166286035197,39.66741024552118,23.068572571758235,-57.51911555984541,724933.6918747663,-0.3338967073939343,-0.6369998950630154,0.00042582636929777706,-0.007812912421475082,0.03971897991923434,0.02817671703472898,0,1,0,0,0,0
6085437.0,186.8687,188.33,186.4,188.37,186.32,1706072400000,55486,2024-01-24,188.8485,187.30199999999996,182.84800000000004,,0,0,1,0,39.775280898876446,-0.1714781900412276,0.174386386142866,-0.3458645761840937,192.58443235034048,185.11256764965952,187.95,2.0500000000000114,1.7246428571428598,-13163559.0,1.0,0.0,-0.008281067758696,0.003013344812742,0.0065644838798694,5870811.55,1.0365580547377646,169990038118.71,934649224.0,181.87576018220713,16.3511187607576,28.954950235725654,2,1,0.1416666666666666,0.2083333333333333,187.95,187.22,187.93,187.37,185.84,187.7392489510649,187.91072714110612,-0.17147819004122766,0,189.8492857142857,182.9507142857143,-0.1834326836149063,22.240215356288967,34.78981154077867,21.433989461783018,-82.41345318757676,674747.8586744478,-0.033041765459661185,-1.3461607618532574,-0.008141329218325999,-0.020339517527723783,0.027053832167061476,0.4590368835566574,0,1,0,0,0,0
4651026.0,187.0421,187.34,187.14,187.64,186.46,1706158800000,40203,2024-01-25,188.6195,187.45460000000003,182.9192,,0,0,1,0,42.158273381294926,-0.2065794370176945,0.0981932215107539,-0.3047726585284485,192.1712614606965,185.06773853930352,186.4,1.239999999999981,1.7375000000000012,-8512533.0,1.0,0.28,0.003962097596276,-0.0012275177456371,0.0055306027989506,5878229.65,0.7912290395119217,170860431124.35,939300250.0,181.9018265185706,29.08777969018928,29.489386115892213,3,1,0.0,0.2643333333333333,186.4,187.95,187.22,187.93,187.37,187.64705680474722,187.85363624176492,-0.20657943701769454,0,190.61499999999998,183.665,-0.21432262287768783,22.075642334192942,34.53237408652318,20.962845462186067,-74.37135417299733,693212.2322795978,-0.3087122134386927,-1.4267148105312875,-0.0019200000000000328,-0.023889004798664737,0.04250459584424271,-0.22194968085092018,0,1,0,0,0,0
4764774.0,186.9827,187.27,187.01,187.38,186.76,1706245200000,33723,2024-01-26,188.3405,187.5846,182.9882,,0,0,1,0,41.64285714285711,-0.2420966027455051,0.0301352566595021,-0.2722318594050072,191.4249293168317,185.25607068316828,187.14,0.6200000000000045,1.6260714285714315,-13277307.0,0.0,0.0,-0.0006949084871382,-0.0048954397914118,0.005230017339483,5825803.6,0.817874121262859,171751491510.09,944065024.0,181.92760789122295,27.708703374777897,24.38253394190826,4,1,0.28,0.1643333333333333,187.14,186.4,187.95,187.22,187.93,187.54904806555535,187.79114466830086,-0.24209660274550515,0,190.26214285714286,183.75785714285712,-0.23807101629242117,16.955414005290848,36.898748061981614,21.845947966435364,-72.4777036071009,689902.3005707167,-0.18235081444810303,-1.4240268258859226,-0.004577633469952658,-0.028973466950516724,0.03600908536923164,-0.9360256598382765,0,1,1,0,0,0
5629695.0,187.9429,188.31,188.33,188.54,187.1899,1706504400000,50116,2024-01-29,188.1835,187.7088,183.0851,,1,1,1,0,51.66184971098268,-0.1618653610479725,-0.0082648668819928,-0.1536004941659797,190.89423713027995,185.47276286972007,187.01,1.5300000000000011,1.5753571428571471,-7647612.0,1.0,0.0,0.0070336518460272,0.0059288537549406,0.0059662592993014,5798713.05,0.9708524894157334,172811731969.44,949694719.0,181.9655606292152,51.15452930728262,35.98367079074993,0,1,0.0,0.0843333333333333,187.01,187.14,186.4,187.95,187.22,187.66919451700838,187.83105987805635,-0.16186536104797256,0,191.4807142857143,185.17928571428573,-0.1547291797441049,22.76082519938295,29.154386747152795,21.468916214912905,-15.699087764693306,729639.1991322911,-0.32255348063488803,-1.528157468856889,-0.007274260713720948,-0.016399435942967444,0.0340983966615418,0.9937288207280249,0,1,0,0,0,0
4958967.0,188.6722,189.7,188.59,189.83,187.975,1706590800000,44171,2024-01-30,188.0545,187.8478,183.1927,,1,1,1,0,52.35042735042734,-0.0764207658598934,-0.0218960466775729,-0.0545247191823204,190.3858287379122,185.72317126208785,188.33,1.8550000000000184,1.632857142857148,-2688645.0,0.0,0.0,0.001379603317618,0.0034051609470604,0.0057840645280855,5816043.95,0.8526357508010234,173746943555.97,954653686.0,181.99997140740103,55.772646536412104,44.87862640615754,1,1,0.0,0.0559999999999999,188.33,187.01,187.14,186.4,187.95,187.8108568990071,187.88727766486699,-0.07642076585989344,0,191.8557142857143,185.3242857142857,-0.16686961221207083,27.427384064992463,28.12773402094144,20.283500494233884,46.80168265526709,736485.327842534,-0.7186286810512189,-0.43519094688185433,0.003618753658666485,-0.013495841397708763,0.03826249724730246,0.5887131866171669,0,1,0,0,0,0
7886115.0,189.4321,189.37,188.45,190.46,188.13,1706677200000,71818,2024-01-31,187.94099999999997,187.943,183.297,,1,1,1,0,53.45454545454542,-0.0197741939506101,-0.0214716761321803,0.0016974821815702,189.9203981009665,185.96160189903344,188.59,2.3300000000000125,1.7110714285714357,-10574760.0,0.0,0.0,-0.0007426268111294,0.010997854077253,0.0033234396033603,5909067.4,1.3345786172620064,175233081927.72,962539801.0,182.0528166686377,53.28596802841896,53.40438129070456,2,1,0.0,0.0559999999999999,188.59,188.33,187.01,187.14,186.4,187.90918660685216,187.92896080080277,-0.019774193950610197,0,191.87214285714285,185.02785714285713,-0.17779577644303537,28.803590052680622,24.650386130390174,20.547571446769286,80.48722467923086,730631.0614445274,-0.6006680602072636,0.20637556986133937,0.014044339216530366,-0.011902265100671161,0.025913223365452653,3.309168300952481,0,1,0,1,0,0
10278129.0,190.2989,189.71,190.41,191.36,188.99,1706763600000,80180,2024-02-01,188.005,188.0778,183.42030000000003,,1,1,1,0,58.27900912646673,0.1811856466501353,0.0190597884242827,0.1621258582258526,190.21554411020512,185.7944558897949,188.45,2.910000000000025,1.7767857142857224,-296631.0,1.0,0.0,0.0103469222733439,0.0174735492144919,0.0049863305743951,5992895.45,1.7150522791115936,177190140470.61002,972817930.0,182.14111295277013,83.92554991539741,64.32805482674283,3,2,0.0,0.0,188.45,188.59,188.33,187.01,187.14,188.2939271288749,188.11274148222478,0.18118564665013537,1,193.96357142857144,186.85642857142855,-0.16843448181357687,31.35638189694216,21.145728634715265,21.869151085822725,164.4447840485567,837530.1478865539,-0.2702956695129189,0.3007257834866875,0.01622458237711477,0.006767831650187794,0.03669624870692001,3.5042831418733655,0,1,0,0,0,0
7337573.0,188.5224,188.07,188.61,188.87,187.85,1706850000000,56831,2024-02-02,187.9695,188.1826,183.5223,,1,1,1,0,46.405228758169955,0.192978277928205,0.0538434863250672,0.1391347916031378,190.11291071045397,185.826089289546,190.41,2.5600000000000023,1.7303571428571505,-7634204.0,0.0,0.0,-0.0094982509234089,0.0085556922089728,0.0076597476433029,6138936.95,1.1952514026064398,178574080114.14,980155503.0,182.18953989195737,53.468697123519654,63.560071689112014,4,2,0.0,0.0,190.41,188.45,188.59,188.33,187.01,188.34255372443263,188.14957544650443,0.192978277928205,1,192.0707142857143,185.14928571428572,-0.1419195469968035,21.753973159234736,26.418988637185166,21.686334829963748,30.171068506860387,768165.978987862,-0.1595291877378858,-0.6217418165746658,0.003618368541478345,-0.0037502641031057493,0.028576102961225924,1.1169664377636328,0,1,1,0,0,0
5436062.0,187.3562,186.875,187.57,187.82,186.7,1707109200000,46750,2024-02-05,187.8805,188.227,183.62309999999997,,0,0,1,0,48.83081155433286,0.1170553733406052,0.0664858637281748,0.0505695096124304,189.9282404749226,185.83275952507745,188.61,1.910000000000025,1.711785714285723,-13070266.0,1.0,0.5,-0.0055292819908296,-0.0040354696543302,0.0075338093777447,6037945.9,0.900316447022157,179593722263.48,985591565.0,182.21921599286415,35.871404399323104,57.755217146080064,0,2,0.0,0.0999999999999999,188.61,190.41,188.45,188.59,188.33,188.22369930528916,188.10664393194855,0.11705537334060523,1,190.99357142857144,184.14642857142854,-0.0729258067175894,21.98998538619241,24.744418933968554,20.995740592118146,-53.01572353400465,738191.4045750521,-0.1155900392193371,-0.8676782732533184,0.0018694583911975649,-0.009400580934776914,0.01197734016725116,-0.5356472530057185,0,1,0,0,0,0
4866122.0,188.5048,187.94,188.55,188.854,187.742,1707195600000,42910,2024-02-06,187.91450000000003,188.3068,183.7378,,1,1,1,0,60.0743494423792,0.1344142899931455,0.0800715489811689,0.0543427410119765,189.9839720913428,185.84502790865724,187.57,1.2840000000000202,1.6277857142857235,-8204144.0,2.0,0.25,0.0052111146321164,-0.0002121003234529,0.0079929146989739,5970503.6,0.8150270606988664,180511229566.58,990457687.0,182.2503191563195,44.466403162055315,44.602168228299355,1,2,0.5,0.1499999999999999,187.57,188.61,190.41,188.45,188.59,188.27389941216774,188.1394851221746,0.13441428999314553,1,191.80557142857145,185.29442857142857,-0.051767140402646517,27.662029914580792,16.850234754991384,20.819406569537794,36.404794223798355,763615.5105621512,-0.14880744677445842,-1.0003697602047217,0.0031923383878691425,0.0036195241390324373,0.021618985695708748,-0.026536009213264402,0,1,0,0,0,0
6276879.0,188.7131,188.45,188.5,189.39,188.28,1707282000000,44457,2024-02-07,187.943,188.3664,183.8511,,1,1,1,0,54.720133667502054,0.1424941900486658,0.0925560771946683,0.0499381128539974,190.0290044910898,185.85699550891025,188.55,1.1099999999999852,1.5956428571428651,-14481023.0,0.0,0.0,-0.0002652168163007,0.0002653223666755,0.0079853069865917,6062484.1,1.0353641999654897,181694421258.08,996734566.0,182.28967616447648,43.25396825396821,41.19725860511554,2,2,0.25,0.1499999999999999,188.55,187.57,188.61,190.41,188.45,188.3086841179881,188.16618992793943,0.14249419004866581,1,191.69128571428573,185.30871428571427,-0.05957445675588831,30.618648985801194,17.189668285424798,20.002554759168646,61.42146170086785,761950.9974356593,-0.28956496873838855,-0.031893209272657784,0.011266094420600892,0.0030330442185919626,0.01606295817162562,0.03322627857115853,0,1,0,0,0,0
3873445.0,188.1724,187.91,188.33,188.5298,187.8199,1707368400000,35252,2024-02-08,187.9845,188.3976,183.951,,1,0,1,0,51.72711571675304,0.1336394771001323,0.1007727571757611,0.0328667199243712,190.06641687988292,185.90258312011707,188.5,0.7099000000000046,1.5799214285714365,-18354468.0,1.0,0.0,-0.0009022636814095,-0.0109237960191165,0.0055834724606764,6030920.05,0.642264358984497,182423907154.93,1000608011.0,182.31305880973005,39.8809523809526,42.53377459899204,3,2,0.0,0.1499999999999999,188.5,188.55,187.57,188.61,190.41,188.31196348445147,188.17832400735134,0.13363947710013235,1,191.4898428571429,185.17015714285714,-0.026344369105556455,26.85440956518883,19.440840177657737,18.944952334634177,17.20412444660683,758457.7048627154,-0.006205460907374872,0.054684322943319534,0.006358875708026179,0.004426666666666801,0.00835251914118973,-1.9564485240261968,0,1,0,0,0,0
4409254.0,187.4781,187.56,187.6,187.77,187.14,1707454800000,44319,2024-02-09,187.971,188.3644,184.0331,,0,0,1,0,51.63793103448273,0.0669454486977088,0.0940072954801506,-0.0270618467824418,190.0595341119663,185.88246588803372,188.33,1.190000000000026,1.5877785714285804,-22763722.0,3.0,0.1333333333333333,-0.0038837066345315,-0.0053549652722549,0.0041209913384647,5909828.45,0.7460883234267147,183251083205.33,1005017265.0,182.3362539004044,25.396825396825317,36.177248677248706,4,2,0.0,0.1766666666666666,188.33,188.5,188.55,187.57,188.61,188.2024306406897,188.135485191992,0.0669454486977088,1,190.77555714285717,184.42444285714282,-0.028008970288041217,26.721520171163835,19.749065396961218,17.851444683355542,-43.200527168058706,741366.6656230825,0.13611549089564778,-0.3307053668233339,0.0031549115020588214,-0.0014371639963804972,-0.008771002853217746,-1.2994330339746794,0,1,1,0,0,0
4706253.0,186.889,186.6,187.11,187.27,186.36,1707714000000,42772,2024-02-12,187.841,188.3158,184.11199999999997,,0,0,1,0,46.30281690140856,-0.0251589376426295,0.0701740488555946,-0.0953329864982241,189.792980370912,185.889019629088,187.6,1.239999999999981,1.6099214285714356,-27469975.0,0.0,0.0,-0.0026153573659832,-0.0024524177640345,0.0034913313946447,5803457.2,0.8109395551327577,184131670204.16,1009723518.0,182.3585040079853,15.674603174603517,26.984126984127144,0,2,0.1333333333333333,0.0766666666666666,187.6,188.33,188.5,188.55,187.57,188.0343643882759,188.05952332591852,-0.025158937642629553,0,190.3298428571429,183.89015714285713,0.022911280193529497,24.624094332631927,22.93812030625355,16.025374184973284,-86.02499666032483,729074.2137574116,0.5635547991239102,0.913749196920311,-0.006477990760898389,-0.013705128880923456,-0.012820512820512664,-0.7024285186765795,0,1,0,0,0,0
9525794.0,184.7483,185.35,184.53,185.38,184.33,1707800400000,68689,2024-02-13,187.672,188.23140000000004,184.1638,,0,0,1,0,42.45359160613399,-0.30284574816406,-0.0044299105483362,-0.2984158376157237,190.1208588104848,185.2231411895152,187.11,2.780000000000001,1.662064285714292,-36995769.0,2.0,0.1340909090909091,-0.0138846273177544,-0.0213206046141607,0.0055385008240025,5952343.5,1.600343461361059,185889464970.98,1019249312.0,182.3787985750242,2.844950213371104,14.638792928266646,1,2,0.0,0.0534848484848484,187.11,187.6,188.33,188.5,188.55,187.4952314054642,187.79807715362827,-0.30284574816406007,0,187.8541285714286,181.2058714285714,0.004143313791090996,23.851578706405686,26.816910113147998,14.871600898182317,-226.4549647801764,597726.084207948,0.14567305582374093,0.5231344727530427,-0.02152818283047886,-0.017987334362194685,-0.02235761589403973,-3.8495193548710986,0,1,0,0,0,0
7025562.0,184.3726,184.27,184.42,184.88,183.78,1707886800000,59515,2024-02-14,187.601,188.07960000000003,184.2275,,0,0,1,0,38.43537414965995,-0.5257303347758295,-0.1086899953938349,-0.4170403393819946,190.33879703988143,184.86320296011857,184.53,1.0999999999999943,1.6520642857142929,-44021331.0,3.0,0.1666666666666666,-0.0005962867773914,-0.0216445623342175,0.005479719056701,5871463.45,1.1965606291903257,187185119115.02,1026274874.0,182.3927720118967,8.443271767809833,8.987608385261485,2,2,0.1340909090909091,0.0868181818181818,184.53,187.11,187.6,188.33,188.5,187.02211888154665,187.54784921632248,-0.5257303347758295,0,187.72412857142857,181.1158714285714,0.058451210281527555,23.995953104559195,29.357211095487763,14.01755654444777,-224.65591602561562,593538.0832324964,0.13788203175243172,0.5113748774447545,-0.02138498275404621,-0.007640981489453358,-0.039529191187958945,-3.9499329456351497,0,1,0,0,0,0
6200859.0,185.5722,185.6,185.66,186.02,185.095,1707973200000,52457,2024-02-15,187.5155,188.0356,184.29789999999997,,0,0,1,0,44.75524475524481,-0.5954464030924385,-0.2060412769335556,-0.3894051261588828,190.3872020443604,184.6437979556396,184.42,1.6000000000000227,1.7220642857142945,-37820472.0,3.0,0.5722222222222223,0.0067012788607913,-0.014177242075081,0.0074025771365594,5947244.45,1.0426440433266535,188336370596.96,1032475733.0,182.4123943811472,24.802110817941852,12.03011093304093,3,2,0.1666666666666666,0.2012626262626262,184.42,184.53,187.11,187.6,188.33,186.81256213053948,187.40800853363191,-0.5954464030924385,0,189.1041285714286,182.2158714285714,0.03201858310583711,27.74908849937195,28.16387308082741,11.42539418346554,-124.8280549041351,635231.3115157628,-0.328857978614163,0.11307687523606447,-0.024946168793655743,-0.00912632758712717,-0.01171084850420534,-1.9151739538550503,0,1,0,0,0,0
6518526.0,186.0504,185.076,186.34,186.67,184.835,1708059600000,58480,2024-02-16,187.436,188.0194,184.3843,,0,0,1,0,41.86426819296812,-0.5890365260972885,-0.2826403267663022,-0.3063961993309863,190.34715025195857,184.52484974804145,185.66,1.8349999999999795,1.743850000000007,-31301946.0,2.0,0.15,0.0036559180504925,-0.0067164179104477,0.0078925340960612,5993438.25,1.0876104379652196,189551032731.8,1038994259.0,182.43703571012708,33.77308707124008,22.33948988566392,4,2,0.5722222222222223,0.2045959595959595,185.66,184.42,184.53,187.11,187.6,186.73986026430262,187.3288967903999,-0.5890365260972885,0,189.82770000000002,182.85229999999999,0.060080589087565694,25.313448475944593,27.81202510544727,10.881663450735799,-90.38081391697804,659106.1239686345,-0.8370862057209466,1.34775265105921,-0.01203541699803834,-0.00846059703080937,-0.004328079080951119,-0.8509826272367043,0,1,1,0,0,0
5531152.0,187.6751,187.96,187.47,188.03,187.4,1708405200000,51399,2024-02-20,187.4485,188.012,184.4962,,1,0,1,0,45.72519083969466,-0.4871594255899936,-0.3235441465310405,-0.163615279058953,190.35789150809467,184.53910849190535,186.34,1.6899999999999975,1.7320642857142912,-25770794.0,2.0,-0.15,0.006045870586821,0.0019240019240018,0.0084738557523643,6050119.75,0.9142219044507344,190587957797.24,1044525411.0,182.46368713497964,48.680738786279576,35.7519788918205,1,2,0.15,0.1745959595959595,186.34,185.66,184.42,184.53,187.11,186.8521894544099,187.3393488799999,-0.4871594255899936,0,190.93412857142857,184.00587142857142,0.030757134408799184,25.77436501211413,28.001270149160877,11.08741091119136,11.589422246706807,692648.0460465561,-1.2001113470159854,2.052271630588026,-0.0005331342965292363,0.0013353274222840383,-0.0019697614991481815,0.22705126328735886,0,1,0,0,0,0
5789951.0,187.5649,187.88,187.48,188.04,187.1,1708491600000,43159,2024-02-21,187.425,187.9986,184.63,,1,0,1,0,46.26060138781806,-0.4009917892883834,-0.3390336750825091,-0.0619581142058742,190.3249128843548,184.5250871156452,187.47,0.9399999999999976,1.632778571428576,-19980843.0,0.0,0.0,5.334044540533379e-05,0.015986560450875,0.0033494455047741,6087578.75,0.9511090102941172,191673457810.72003,1050315362.0,182.4913399778685,48.81266490765149,43.75549692172371,2,2,-0.15,0.1477777777777777,187.47,186.34,185.66,184.42,184.53,186.948775692193,187.3497674814814,-0.4009917892883834,0,190.74555714285714,184.21444285714284,-0.0009051400970039061,24.585609970477268,31.016365603324637,11.358554795681178,6.730422106614244,692956.8928487109,-1.1517766411482313,2.502413797566445,-0.0056748872977990805,-0.0025006650704975097,-0.003560988572947177,4.7728833621132685,0,1,0,0,0,0
4550823.0,187.3714,187.56,187.56,187.64,187.05,1708578000000,40057,2024-02-22,187.483,188.037,184.7733,,1,0,1,0,37.150586113615965,-0.3225300595445333,-0.335732951974914,0.0132028924303806,190.3427173213273,184.6232826786727,187.48,0.589999999999975,1.4670642857142866,-15430020.0,0.0,0.0,0.0004266211668802,0.0170263528901422,0.0030823263434166,6010848.05,0.7571016539005674,192527010172.60004,1054866185.0,182.5132068031928,67.37967914438522,54.95769427943876,3,2,0.0,0.1144444444444444,187.48,187.47,186.34,185.66,184.42,187.04281020108638,187.36534026063092,-0.3225300595445333,0,190.49412857142858,184.62587142857143,0.07334219120281582,22.980782796069494,34.76330278896961,11.426886240105969,-2.1214135851606626,694898.7844638169,-1.1906700175994231,2.551684903276823,-0.004986737400530461,0.00622317596566524,0.01034259857789288,5.523846521976063,0,1,0,0,0,0
6827271.0,188.3849,187.56,188.62,189.18,187.46,1708664400000,54246,2024-02-23,187.557,188.1376,184.945,,1,1,1,0,50.048309178743914,-0.1728232335680672,-0.3031510082935446,0.1303277747254773,190.45567555963143,184.65832444036857,187.56,1.7199999999999989,1.4070642857142863,-8602749.0,0.0,0.0,0.0056356148943531,0.0159431218356136,0.0028207040781373,6119660.3,1.1156290815684655,193814770028.62003,1061693456.0,182.55247683152345,86.27450980392186,67.48895128531952,4,2,0.0,-2.2204460492503132e-17,187.56,187.48,187.47,186.34,185.66,187.28545478553463,187.4582780191027,-0.17282323356806728,0,191.43412857142857,185.80587142857144,0.08570004253260037,31.77842415983722,30.458553507831105,10.886659824018915,55.9123581585398,733483.2761464783,-1.2837187544765578,2.214979781315639,0.0015398502628365396,0.00790851768729306,0.02739800642736534,5.652158068478133,0,1,1,0,0,0
4491937.0,187.9554,187.79,188.2,188.36,187.53,1708923600000,41631,2024-02-26,187.6165,188.2318,185.1305,,1,0,1,0,53.2374100719424,-0.0870663387595129,-0.2599340743867383,0.1728677356272253,190.5167524391044,184.7162475608956,188.62,1.0900000000000034,1.3484928571428565,-13094686.0,0.0,0.0,-0.0022291819644595,0.0099817537834066,0.0036652704990665,6106018.45,0.7356572923555447,194660152572.02,1066185393.0,182.57627036541103,78.78787878787877,77.48068924539528,0,2,0.0,-0.03,188.62,187.56,187.48,187.47,186.34,187.42615404929853,187.51322038805804,-0.08706633875951297,0,190.8969857142857,185.50301428571427,0.11604471281896984,33.15871155991161,25.690056080762076,11.37219314564604,28.851172485651457,723481.0836960486,-1.4174668931488592,2.8506961872578236,0.0031982942430703876,0.0063632960804234084,0.025668973786037164,2.7233260281031217,0,1,0,0,0,0
5165376.0,188.2096,188.58,188.0,188.72,187.88,1709010000000,38539,2024-02-27,187.6,188.2392,185.3189,,1,0,1,0,46.92737430167593,-0.0348400953766656,-0.2149152785847238,0.1800751832080581,190.4868850450204,184.71311495497957,188.2,0.8400000000000034,1.3167785714285694,-18260062.0,2.0,0.1,-0.00106326432133,0.0028271190057076,0.0030187239216063,6082802.5,0.8491770035275681,195631243260.02,1071350769.0,182.6024201603201,75.22281639928717,80.09506833036261,1,2,0.0,0.0199999999999999,188.2,188.62,187.56,187.48,187.47,187.51443804171413,187.5492781370908,-0.03484009537666566,0,190.63355714285714,185.36644285714286,0.05428011843789297,30.30122212200701,26.308794717460483,10.140981437229112,38.577625879279715,717991.8424633177,-1.5457961016962316,3.393977261475343,0.0047565603121157984,-0.0017522434025382116,0.001971966103501588,0.9365247415390822,0,1,0,0,0,0
2824131.0,188.2794,188.34,188.34,188.52,188.0301,1709096400000,28571,2024-02-28,187.5875,188.2314,185.5109,,1,1,1,0,49.13419913419916,0.0335974468221991,-0.1652127335033392,0.1988101803255383,190.45845711163489,184.71654288836515,188.0,0.5200000000000102,1.274635714285714,-15435931.0,1.0,0.1363636363636363,0.001806877251968,0.0045871559633028,0.0030462096650136,5976060.7,0.4725740151869608,196163140092.56003,1074174900.0,182.61750492639516,84.4444444444444,79.48504654387011,2,2,0.1,0.0472727272727272,188.0,188.2,188.62,187.56,187.48,187.64144757375811,187.60785012693592,0.03359744682219912,1,190.88927142857142,185.7907285714286,0.07549414200027839,28.299402054200765,27.1786336560145,8.278909130602505,47.08323524939321,723099.3134207645,0.3138140122643113,-1.5848685586703037,0.020647049260282824,-0.0013256270215812327,-0.0020664441265298983,1.5058519961600736,0,1,0,0,0,0
6848639.0,189.4685,189.64,189.31,189.918,189.23,1709182800000,50110,2024-02-29,187.6305,188.2776,185.7157,,1,1,1,0,54.88047808764932,0.1642126443076677,-0.0993276579411378,0.2635403022488055,190.5805221230222,184.68047787697785,188.34,1.578000000000003,1.3366428571428568,-8587292.0,2.0,0.25,0.0051370429399014,0.0093303476220942,0.0035448536774381,5924186.9,1.156047085550255,197459655941.65,1081023539.0,182.65990407971128,90.09449332029972,83.2539180546771,3,2,0.1363636363636363,0.0972727272727272,188.34,188.0,188.2,188.62,187.56,187.8981479470261,187.73393530271844,0.1642126443076677,1,191.98328571428573,186.63671428571428,0.08007167253604297,34.45732911106865,23.459092596879575,8.491492654215383,118.23100332931352,758371.5860659812,-0.15823719942633832,-1.6550130323760648,0.02651556230343788,0.004563544706818856,0.012352941176470678,2.6320751574958487,0,1,0,1,0,0
13410997.0,192.2495,190.27,192.89,193.4,189.44,1709269200000,105308,2024-03-01,187.7545,188.3784,185.9476,,1,1,1,0,70.51978277734673,0.5502591649095621,0.0305897066290021,0.5196694582805599,191.33710989841416,184.1718901015858,189.31,4.090000000000003,1.5437857142857123,4823705.0,3.0,-0.0292424242424242,0.0187341952143302,0.0226381083660267,0.0084631588776397,6080830.3,2.2054549030911126,200046503152.98,1094434536.0,182.7852617700836,94.6985446985445,89.74582748776288,4,3,0.25,0.0914242424242424,189.31,188.34,188.0,188.2,188.62,188.66612518594516,188.1158660210356,0.5502591649095621,1,195.97757142857142,189.80242857142855,0.14311829760341827,45.94457037618823,17.165594772976565,10.677003765119986,245.48552680673637,1011984.0167880768,1.8751788690939286,4.452641373964526,0.03894215232144771,0.013024526022792804,0.02682991748735697,2.674897392847519,1,1,1,0,0,0
12012581.0,195.4865,194.15,196.01,196.3299,193.88,1709528400000,99305,2024-03-04,188.1245,188.516,186.1795,,1,1,1,0,78.672680412371,1.0953353942710464,0.243538844157411,0.8517965501136354,193.26771412921457,182.98128587078548,192.89,3.439900000000023,1.7009214285714296,16836286.0,2.0,0.04,0.0160456001010349,0.0414984059511158,0.0087829585190552,6314580.7,1.902356082011906,202401089154.79,1106447117.0,182.9288413743411,97.45097570498557,94.08133790794324,0,3,-0.0292424242424242,0.0994242424242424,192.89,189.31,188.34,188.0,188.2,189.79595208041513,188.7006166861441,1.0953353942710464,1,199.41184285714286,192.60815714285712,0.17961735235397325,54.00392222114741,12.30425525143758,14.915781805939266,328.2596582286519,1206287.7791396766,1.1558618254793054,0.3192593934794092,0.05189438660513024,0.039234399024441924,0.03637709511975884,4.724872446153303,0,1,0,0,0,0
9672210.0,197.2491,197.44,197.19,198.14,196.65,1709614800000,83799,2024-03-05,188.6055,188.69780000000003,186.42609999999996,,1,1,1,0,94.83002832861176,1.6040380196195656,0.515638679249842,1.0883993403697236,195.1412107292816,182.0697892707184,196.01,2.1299999999999955,1.6544928571428577,26508496.0,2.0,0.0740909090909091,0.0060020526064107,0.0488829787234041,0.0073918910906423,6526388.1,1.482015756923803,204308352244.69,1116119327.0,183.05242755167345,93.3844011142062,95.17797383924544,1,3,0.04,0.0942424242424242,196.01,192.89,189.31,188.34,188.0,190.93349791419743,189.32945989457787,1.6040380196195656,1,200.4989857142857,193.8810142857143,0.1303434293159815,63.334038456611985,3.885523831694015,20.814845309052178,289.24174169460116,1264515.4603804294,1.1584433954110125,0.32545001231061527,0.05184829572731631,0.05128751932611819,0.04832535885167477,6.6130455648665265,0,1,0,0,0,0
10459292.0,198.5753,198.08,198.81,199.3,197.44,1709701200000,83580,2024-03-06,189.1185,188.8854,186.6763,,1,1,1,0,96.03326935380676,2.1135453412502443,0.8352200116499225,1.278325329600322,197.0890253739541,181.14797462604588,197.19,2.1100000000000136,1.7266357142857165,36967788.0,6.0,0.1635858585858585,0.0081818638246506,0.0555909525326536,0.0061727174466874,6806046.6,1.5367646762806473,206387764087.21,1126578619.0,183.1987227579454,96.6125129623228,95.81596326050486,2,3,0.0740909090909091,0.0996868686868686,197.19,196.01,192.89,189.31,188.34,192.14526746585938,190.03172212460913,2.1135453412502443,1,202.26327142857144,195.35672857142856,0.14513866114438004,65.48655723331227,1.4479024025053,26.930920224788785,229.6596128314145,1350443.0076191328,0.8704571046079839,-0.04509533407411733,0.06043311286537234,0.05441527446300709,0.049516971968537105,9.005897800086174,0,1,0,0,0,0
8403737.0,199.706,199.54,199.94,200.11,198.91,1709787600000,62196,2024-03-07,189.6905,189.0788,186.9431,,1,1,1,0,96.00515463917525,2.578788452599042,1.1839336998397465,1.3948547527592956,199.00311391311487,180.3778860868851,198.81,1.3000000000000114,1.705207142857144,45371525.0,1.0,0.7,0.0056677267707895,0.0561512862500659,0.0060539903353587,6912389.5,1.2157499226569914,208068007262.99,1134982356.0,183.32268000736215,98.88707037643198,96.29466148432032,3,3,0.1635858585858585,0.1896868686868686,198.81,197.19,196.01,192.89,189.31,193.3444570864964,190.76566863389735,2.578788452599042,1,203.3504142857143,196.5295857142857,0.21387564163826492,64.9271768134884,1.4660975409497141,33.705331398905635,192.1498200471677,1398208.3253093902,0.7575984028989919,0.13074162589633026,0.06600554489230115,0.06068965517241387,0.050822515372891175,9.275071546017502,0,1,0,0,0,0
13540110.0,201.6955,200.89,201.63,203.3,200.4459,1709874000000,105225,2024-03-08,190.3555,189.277,187.1711,,1,1,1,0,96.24924379915302,3.048722075990866,1.5568913750699709,1.491830700920896,201.0552185895116,179.65578141048834,199.94,3.3600000000000136,1.8141357142857175,58911635.0,4.0,0.125,0.0084170131109494,0.045310798900928,0.0042025999659012,7395722.75,1.830802810989636,210798099642.29,1148522466.0,183.53850785038975,89.72307692307683,95.0742200872772,4,3,0.7,0.2205353535353535,199.94,198.81,197.19,196.01,192.89,194.6191559962662,191.57043392027532,3.0487220759908666,1,205.25827142857142,198.00172857142857,0.17286737391040555,71.0294945365445,1.37806669001054,40.240361564318654,178.36373037644051,1512656.5892885828,0.5983615990938569,-0.10422970486431181,0.06897465804262537,0.0706207189507777,0.05168996453160868,10.781585554825961,0,1,1,0,0,0
7327560.0,201.995,201.71,202.0,202.41,201.46,1710129600000,57927,2024-03-11,191.0755,189.4652,187.4115,,1,1,1,0,96.06848446417246,3.41167608775379,1.9278483176067347,1.4838277701470552,202.87587907508876,179.2751209249112,201.63,0.9499999999999886,1.7612785714285744,66239195.0,1.0,0.0,0.0018333627512206,0.0305596653231978,0.002649135529984,7541638.05,0.9716138525104636,212278266762.29,1155850026.0,183.6555452586805,91.99999999999991,93.53671576650292,0,3,0.125,0.2125353535353535,201.63,199.94,198.81,197.19,196.01,195.75467045837908,192.3429943706253,3.41167608775379,1,205.52255714285715,198.47744285714285,0.1627142894566948,67.64566322856128,1.4194233890884924,46.793826012107004,147.06706275563533,1526102.9871460453,0.8492121114330357,0.17463665632628889,0.07332624867162596,0.07675906183368864,0.04886027311906127,11.53566875708122,0,1,0,0,0,0
9436586.0,199.9537,200.42,199.79,200.6277,199.16,1710216000000,81477,2024-03-12,191.7095,189.6316,187.6265,,1,1,1,0,84.25153032832495,3.4808659706135927,2.2384518482081064,1.2424141224054863,203.96649108779633,179.45250891220363,202.0,2.8400000000000034,1.8969928571428605,56802609.0,2.0,-0.0749999999999999,-0.0110008824893472,0.0131852528018661,0.0080618789135011,7778154.7,1.2132165486500288,214163602279.23,1165286612.0,183.78620338875908,78.39999999999989,86.70769230769223,1,3,0.0,0.1827171717171717,202.0,201.63,199.94,198.81,197.19,196.37549038785923,192.89462441724564,3.4808659706135927,1,203.58398571428572,195.99601428571427,0.12956755823073396,62.80617064496575,8.848591187989754,51.34643016798934,102.69931063063036,1422861.130413372,-0.5393038628364907,1.6513354006598067,0.06271276595744668,0.06776762332317876,0.04345328249856362,1.6355041533486023,0,1,0,0,0,0
5929990.0,201.1074,200.44,201.19,201.86,200.35,1710302400000,55797,2024-03-13,192.5425,189.83199999999997,187.82969999999997,,1,1,1,0,85.32918610679104,3.607087491707574,2.5121789769080003,1.094908514799574,205.0077576133999,180.0772423866001,199.79,2.0700000000000216,2.0027071428571497,62732599.0,1.0,0.0,0.0069829202892874,0.0119712288114279,0.0078706476589001,7598364.5,0.7804297885419947,215356656967.33,1171216602.0,183.8743205992652,86.67929292929286,85.69309764309757,2,3,-0.0749999999999999,0.1499999999999999,199.79,202.0,201.63,199.94,198.81,197.11618417434244,193.50909668263486,3.607087491707574,1,205.1954142857143,197.1845857142857,0.17583037181125125,63.88602567814049,8.203182118417162,55.40620580089827,103.21674489986432,1464414.691652674,-0.7889810649707303,2.329492192659759,0.06822767335669533,0.09028342274968848,0.05241408170738082,1.520994728806543,0,1,0,0,0,0
6865044.0,200.079,200.37,200.35,200.47,199.34,1710388800000,59654,2024-03-14,193.339,190.0246,188.0023,,1,1,1,0,80.75511274252747,3.5978640396677406,2.7293159894599484,0.8685480502077922,205.6538295712293,181.0241704287707,201.19,1.8499999999999943,2.0119928571428636,55867555.0,1.0,0.0,-0.0041838981189913,0.0020506151845554,0.0080723856492744,7590338.6,0.9044450269978732,216732068532.73,1178081646.0,183.970329449246,81.29359543436895,82.12429612122057,3,3,0.0,0.0099999999999999,201.19,199.79,202.0,201.63,199.94,197.61369430136668,194.01583026169894,3.5978640396677406,1,204.3739857142857,196.32601428571428,0.204060786189358,58.12396378213338,11.750964746484103,59.995134491109624,80.30828287031001,1435752.0495730478,-0.47333432579527096,0.4888985222546976,0.05831704611483812,0.08637891768788641,0.050492869127516826,0.2540280820774342,0,1,0,0,0,0
4556710.0,200.0085,199.94,199.71,200.634,199.57,1710475200000,45805,2024-03-15,194.0415,190.23620000000005,188.16350000000003,,1,1,1,0,79.83411093831006,3.4985822577029637,2.8831692431085516,0.6154130145944121,206.11246433595932,181.97053566404065,200.35,1.063999999999993,2.01013571428572,51310845.0,2.0,0.125,-0.0031995228014315,-0.0095223925011158,0.006756003943867,7508131.15,0.6069033570357918,217642089086.83,1182638356.0,184.03097445862815,76.71854734111544,81.56381190159242,4,3,0.0,0.0099999999999999,200.35,201.19,199.79,202.0,201.63,197.93620287038718,194.4376206126842,3.4985822577029637,1,203.73027142857146,195.68972857142856,0.17478376777347693,58.760424826056145,11.761821336952412,63.848876445823755,71.44750833853927,1421196.0505713013,-0.4446513520054543,0.18525216308158118,0.035356939188138536,0.07567596682107092,0.0559403584835827,-1.4094690419874092,0,1,1,0,0,0
7206823.0,199.9349,199.66,200.03,200.145,199.51,1710734400000,41709,2024-03-18,194.726,190.4504,188.3341,,1,1,1,0,80.98918083462134,3.4064545680416813,2.9878263080951775,0.4186282599465039,206.50727041670723,182.94472958329277,199.71,0.6350000000000193,1.995492857142864,58517668.0,0.0,0.0,0.0016010410184396,-0.0097524752475247,0.0067245173101357,7542546.0,0.9554894328785002,219083669891.52,1189845179.0,184.1278796251861,78.58532144938731,78.86582140829057,0,3,0.125,0.0099999999999999,199.71,200.35,201.19,199.79,202.0,198.25832550571224,194.85187093767055,3.4064545680416813,1,204.02098571428573,196.03901428571427,0.17678698048350078,57.902988499832276,12.0628988856806,68.02496645140307,64.2417369941062,1432743.7114796182,-0.9927934663424566,0.25105598392121614,0.020509157696035896,0.07346785445958992,0.05657088527361087,-1.4502841311723214,0,1,0,0,0,0
4657527.0,199.4971,199.62,199.8,199.81,198.935,1710820800000,44255,2024-03-19,195.34250000000003,190.65940000000003,188.50259999999997,,1,1,1,0,79.6891191709845,3.2771071807794954,3.045682482632041,0.2314246981474541,206.81132800418055,183.8736719958195,200.03,1.0949999999999989,2.0365642857142916,53860141.0,0.0,0.0,-0.0011504890847084,5.00525551829778e-05,0.0044830118738327,7498864.75,0.6210976134754264,220014243786.12,1194502706.0,184.18898733421537,75.12437810945278,76.80941563331851,1,3,0.0,0.0249999999999999,200.03,199.71,200.35,201.19,199.79,198.4955061971411,195.21839901636162,3.2771071807794954,1,203.8731285714286,195.72687142857143,0.2368462172962211,56.73525788995621,13.836327984512954,72.22265358225772,54.60318644245928,1427388.3587325304,-0.6629969200197692,-0.11347318507125743,0.013235965312642595,0.06577052328372557,0.05518880380248237,0.01116491433493409,0,1,0,0,0,0
9593754.0,201.1744,199.16,202.18,202.66,199.12,1710907200000,84456,2024-03-20,196.0775,190.9456,188.68719999999996,,1,1,1,0,81.07194591984553,3.3282782342831467,3.1022016329622626,0.2260766013208841,207.30635920062096,184.84864079937907,199.8,3.539999999999992,2.176707142857148,63453895.0,2.0,0.0833333333333333,0.0118415235114584,0.0049207217058502,0.006462035444182,7689054.9,1.2477156327756225,221953908969.84,1204096460.0,184.33233245270068,91.91919191919187,81.87629715934399,2,3,0.0,0.0416666666666666,199.8,200.03,199.71,200.35,201.19,199.06235139758093,195.73407316329778,3.3282782342831467,1,206.53341428571431,197.8265857142857,0.2836650771107522,57.847206935164955,12.94550418130083,75.396737349166,72.02066217830348,1541668.3112850836,-0.3546496522525729,-0.18043857943466282,0.016950857602736402,0.07840836355877978,0.07616969180816513,0.7614805170212001,0,1,0,0,0,0
7396540.0,202.0928,203.88,201.97,203.92,200.6,1710993600000,73945,2024-03-21,196.79799999999997,191.2264,188.8668,,1,1,1,0,76.18223760092276,3.3136882820790845,3.1444989627856272,0.1691893192934572,207.56545505776796,186.030544942232,202.18,3.319999999999993,2.1217071428571472,56057355.0,3.0,0.1999999999999999,-0.0010392182056145,0.0080858497629148,0.0059677114137336,7831340.75,0.9444793983712176,223447788153.64,1211493000.0,184.44001587598112,80.57768924302799,82.54041975722423,3,3,0.0833333333333333,0.0816666666666666,202.18,199.8,200.03,199.71,200.35,199.50968195179925,196.19599366972017,3.3136882820790845,1,206.2134142857143,197.7265857142857,0.24908543845040446,51.86625323547861,13.281084297590136,76.3700496644396,78.65968025841275,1533985.6849125437,-0.03443673340625747,-0.07072633279110059,0.010153045913774195,0.07682874813393048,0.07470866812110888,1.3549308357971808,0,1,0,0,0,0
6910508.0,200.5813,201.32,200.35,201.86,199.715,1711080000000,56720,2024-03-22,197.3845,191.4834,189.0088,,1,1,1,0,63.699494949494955,3.135263809188956,3.1426519320662933,-0.0073881228773373,207.5366405054356,187.2323594945644,201.97,2.2549999999999955,2.037071428571431,49146847.0,0.0,0.0,-0.0080533344381434,0.0032046467377697,0.0072110577824837,7835502.6,0.881948274766701,224832308431.43997,1218403508.0,184.5302536928021,50.894085281980715,74.46365548140021,4,3,0.1999999999999999,0.0566666666666666,201.97,202.18,199.8,200.03,199.71,199.63896165152244,196.50369784233348,3.135263809188956,1,204.42414285714287,196.27585714285712,0.21576714766008012,43.7476769719317,16.93607769664564,75.03396611176201,53.469564118777214,1478556.5471198023,0.37872856388412657,0.19324844448645453,-0.0063482616674106485,0.06218852719753998,0.06853333333333333,0.44440668628217045,0,1,1,0,0,0
4034750.0,201.3506,201.19,200.99,201.95,200.965,1711339200000,43483,2024-03-25,198.024,191.74580000000003,189.1677,,1,1,1,0,62.4183006535948,3.010797184455214,3.116280982544078,-0.1054837980888638,207.3149540612588,188.7330459387412,200.35,1.5999999999999943,1.999214285714288,53181597.0,0.0,0.0,0.0031893184955069,0.0047992801079839,0.0072984351134738,7812643.25,0.5164385305831032,225643252833.93997,1222438258.0,184.58458033136915,54.78395061728421,62.08524171409764,0,3,0.0,0.0566666666666666,200.35,201.97,202.18,199.8,200.03,199.84681370513437,196.83601652067915,3.010797184455214,1,204.98842857142859,196.99157142857143,0.17422294757221443,38.43045480780637,17.256779442903643,71.432765237574,61.108045068639214,1491445.1919912773,0.31062992952496216,-0.012810926678568027,-0.0050000000000000044,0.06795961742826795,0.06983552456485875,0.6575756936397119,0,1,0,0,0,0
5752677.0,201.8118,202.65,201.64,202.76,201.07,1711425600000,65878,2024-03-26,198.706,191.9844,189.3432,,1,1,1,0,59.87438939288202,2.9308213709520885,3.07918906022568,-0.1483676892735914,206.82771980750252,190.58428019249743,200.99,1.7699999999999818,1.9749285714285716,58934274.0,2.0,0.0,0.0032287736367695,0.009209209209209,0.0072447838473287,7842008.3,0.7335719091243502,226803222624.21997,1228190935.0,184.66446556554337,54.49101796407175,53.38968462111223,1,3,0.0,0.0566666666666666,200.99,200.35,201.97,202.18,199.8,200.12268851972908,197.191867148777,2.9308213709520885,1,205.58985714285714,197.69014285714283,0.185158028999101,37.63716588750495,17.468986213798274,67.21313019132212,70.05503083521803,1510049.3018972424,0.4407181099505746,0.24196076164008876,0.009259722708844231,0.07255319148936157,0.06288545674977586,1.271148552088148,0,1,0,0,0,0
6026980.0,202.8967,202.32,203.1,203.22,202.32,1711512000000,59141,2024-03-27,199.444,192.2882,189.5391,,1,1,1,0,60.777626193724416,2.9512298205328023,3.0535972122871047,-0.1023673917543024,206.16053858221,192.72746141779,201.64,1.5800000000000125,1.9949285714285716,64961254.0,1.0,0.35,0.0072145393719088,0.0045504006330991,0.0057978447903465,8002150.75,0.7531700149487937,228027302262.21997,1234217915.0,184.7544906704907,83.55065195586769,64.27520684574122,2,3,0.0,0.1099999999999999,201.64,200.99,200.35,201.97,202.18,200.58073643977076,197.62950661923796,2.9512298205328023,1,207.08985714285714,199.11014285714285,0.20438983621082835,36.00665973145941,17.293852262059502,62.89345328699774,98.58206187944695,1553688.4151684185,0.43845718115975896,0.18684046726446063,0.009493513594114988,0.07836890729531687,0.08083657069873884,0.7848421179287851,0,1,0,0,0,0
9194473.0,205.2483,204.54,205.72,206.05,203.87,1711598400000,85976,2024-03-28,200.2645,192.68579999999997,189.75509999999997,,1,1,1,0,63.11738293778064,3.142589946893395,3.0713957592083627,0.0711941876850321,205.64491859064196,194.88408140935803,203.1,2.950000000000017,1.9656428571428577,74155727.0,1.0,0.7,0.0128175523203764,0.0185671139278109,0.0076502179642309,8119442.45,1.1324020161014874,229918789247.77997,1243412388.0,184.90952114253824,95.36191145467306,77.80119379153751,3,3,0.35,0.2099999999999999,203.1,201.64,200.99,200.35,201.97,201.37139237211372,198.22880242522032,3.142589946893395,1,209.6512857142857,201.7887142857143,0.2732818377779127,35.234928581985116,17.551509859532803,58.41533501949592,178.27780176492388,1672297.569575115,0.19500556723405035,-0.4542145053518501,0.02680309458447727,0.08668321800221856,0.10697374085234612,2.4270013932424703,0,1,0,0,0,0
13577114.0,207.3864,208.68,207.82,208.73,206.29,1711944000000,110130,2024-04-01,201.011,193.0948,189.9854,,1,1,1,0,66.80138568129328,3.424224348493368,3.141961477065364,0.2822628714280042,206.2236239477879,195.79837605221215,205.72,3.009999999999991,2.1127857142857147,87732841.0,2.0,0.75,0.0101562995177851,0.037284751684552,0.0042449809438309,8127748.3,1.670464376954193,232740385079.26,1256989502.0,185.1569839755591,90.7095456865748,89.8740363657052,0,4,0.7,0.36,205.72,203.1,201.64,200.99,200.35,202.363485853327,198.93926150483364,3.424224348493368,1,212.04557142857144,203.59442857142855,0.23297471091296829,41.84150916466346,16.329152433709954,54.69877548054675,246.12733264380486,1810893.4251069045,-0.2774252048601133,-0.44280089909140735,0.04060888288017628,0.07740162787080718,0.10914233868815715,8.783234682452422,0,1,0,0,0,0
13421070.0,209.9293,209.07,210.89,211.03,208.36,1712030400000,124123,2024-04-02,201.755,193.554,190.2608,,1,1,1,0,80.52805280528055,3.850755867142994,3.2837203550808898,0.5670355120621036,208.089172982199,195.420827017801,207.82,3.210000000000008,2.1392142857142864,101153911.0,3.0,0.0,0.0146643500991722,0.0492561818995969,0.0045439897902956,8198172.75,1.6370806531248077,235570754531.55997,1270410572.0,185.4288367269349,98.84249689954514,94.97131801359768,1,4,0.75,0.36,207.82,205.72,203.1,201.64,200.99,203.67525726050746,199.82450139336447,3.8507558671429933,1,215.16842857142856,206.6115714285714,0.250112806830284,49.00430730608545,8.447694411016068,54.36234778968485,275.75362911223453,2009154.8287254188,-0.44360296052075915,-0.6731708971418792,0.054291856221566626,0.0759144941584613,0.12217314957697001,10.839829263370774,0,1,0,0,0,0
11416226.0,211.8356,210.57,212.74,212.83,210.3,1712116800000,95677,2024-04-03,202.53249999999997,194.0644,190.5623,,1,1,1,0,80.9983896940419,4.288628072727249,3.484701898610162,0.8039261741170871,210.18713980382577,194.8778601961742,210.89,2.530000000000001,2.172071428571428,112570137.0,1.0,0.5,0.0087340922998458,0.0550486014679627,0.0030210689587075,8285373.55,1.3778770421280524,237999442450.79996,1281826798.0,185.67207583906352,99.35228499460236,96.30144252690744,2,4,0.0,0.4599999999999999,210.89,207.82,205.72,203.1,201.64,205.06983306658324,200.781204993856,4.288628072727249,1,217.08414285714287,208.39585714285715,0.3275340852858684,50.12989573806105,8.319905288460596,53.95448134754152,246.64564257759417,2109301.9106164533,-0.9121686673137059,0.4366510426499417,0.06476476476476467,0.07885795425731534,0.13631022326674502,18.22150371452522,0,1,0,0,0,0
12198074.0,212.1547,212.0,211.52,213.45,211.02,1712203200000,113502,2024-04-04,203.168,194.5358,190.8698,,1,1,1,0,79.37927406628096,4.485495150347646,3.684860548957659,0.8006346013899868,211.5930268779829,194.74297312201705,212.74,2.4299999999999784,2.2134999999999985,100372063.0,2.0,0.059375,-0.0057512061601973,0.0414574101427869,0.0080905718663666,8372312.65,1.4569539516659116,240579579063.27997,1294024872.0,185.91573026834368,86.703410265243,94.96606405313018,3,4,0.5,0.401875,212.74,210.89,207.82,205.72,203.1,206.06216644095505,201.5766712906074,4.485495150347646,1,215.947,207.09300000000002,0.2517110504799124,51.1923585623309,4.904966276773973,55.107833908720245,188.53588948792589,2039349.620121013,-0.419954467160894,-0.9098008246372926,0.04619645860124644,0.06393038579548316,0.12540569300345838,5.1241568069572,0,1,0,0,0,0
13382720.0,214.7234,212.49,215.14,215.74,212.22,1712289600000,110984,2024-04-05,203.928,195.1106,191.2063,,1,1,1,0,85.08412914961345,4.877393913151678,3.923367221796463,0.9540266913552156,213.75296197930223,194.10303802069777,211.52,4.219999999999999,2.43892857142857,113754783.0,2.0,0.08,0.0169694223405376,0.0457903947112579,0.0088683716592055,8621261.8,1.5522924962097775,243458737444.07996,1307407592.0,186.21487203669224,96.42963403748873,94.1617764324447,4,4,0.059375,0.277875,211.52,212.74,210.89,207.82,205.72,207.45875621926965,202.58136230611797,4.877393913151678,1,220.01785714285714,210.26214285714283,0.2606684740111417,52.68706983374223,4.451603454546265,56.3774475192392,183.00337731002014,2268384.44614219,-0.6460979061120466,-0.46310775705980944,0.0652077041144723,0.07602280684205254,0.15418454935622306,5.1633315379167115,0,1,1,0,0,0
10266906.0,215.8595,215.98,216.48,216.81,214.61,1712548800000,81173,2024-04-08,204.6705,195.6974,191.576,,1,1,1,0,85.74532811820947,5.235748853660226,4.185843548169216,1.04990530549101,215.9073069542158,193.4336930457842,215.14,2.1999999999999886,2.550714285714282,124021689.0,5.0,0.0453333333333333,0.0062091854186186,0.0416706765470118,0.0089102367383715,8457601.6,1.2139264162076395,245681317254.95996,1317674498.0,186.4506884119419,98.15384615384608,93.76229681885928,0,4,0.08,0.1369416666666666,215.14,211.52,212.74,210.89,207.82,208.84663987784353,203.6108910241833,5.235748853660226,1,221.58142857142855,211.37857142857143,0.32182771026406337,53.3744049136448,4.088490617729298,57.82403393885313,167.09633690059425,2332331.8945013992,-0.670642590819448,0.7663712111503754,0.08050910905914654,0.07364975450081834,0.15678101955755053,4.67671409901134,0,1,0,0,0,0
13079306.0,217.5267,217.81,217.67,218.86,216.45,1712635200000,112129,2024-04-09,205.454,196.3106,191.9476,,1,1,1,0,87.27576136837709,5.551773392763408,4.459029517088054,1.092743875675354,218.014092859194,192.893907140806,216.48,2.410000000000025,2.6446428571428555,137100995.0,0.0,0.0,0.0054819900042677,0.0321494618047324,0.0081496352439194,8745188.9,1.495600169368554,248528289791.97995,1330753804.0,186.7575272337752,93.97163120567362,96.18503713233616,1,4,0.0453333333333333,0.1369416666666666,216.48,215.14,211.52,212.74,210.89,210.20407989663684,204.65230650387343,5.551773392763408,1,222.9592857142857,212.38071428571428,0.30644223903494344,57.01553003186616,2.3902768393273837,60.050097843081815,156.557829122209,2404229.4099300746,-0.8048527369640102,1.32934023112925,0.08298920344295735,0.07757425742574253,0.16394845195444097,3.944890954452245,0,1,0,0,0,0
13317492.0,216.2463,215.37,215.61,217.78,214.68,1712721600000,122629,2024-04-10,206.24500000000003,196.8562,192.2825,,1,1,1,0,78.39323467230449,5.5717724089523415,4.681578095460912,0.8901943134914294,219.2865570591212,193.2034429408789,217.67,3.0999999999999943,2.6132142857142844,123783503.0,2.0,0.009090909090909,-0.0095089342782846,0.0134906458587948,0.0105374243134117,8939234.2,1.4897799634783035,251399674242.09995,1344071296.0,187.04340684179,83.02428832593367,91.7165885618178,2,4,0.0,0.0387598484848484,217.67,216.48,215.14,211.52,212.74,211.03575991253885,205.4639875035865,5.5717724089523415,1,220.83642857142857,210.38357142857146,0.2774640189446494,49.91116576468193,7.257072568742017,60.84899133441155,116.21876618297026,2278194.4325790405,-0.9958607719402134,0.36582610164369406,0.06928188851418393,0.07918314229941448,0.14485212127648284,1.2802590704289705,0,1,0,0,0,0
11415224.0,218.0331,216.85,219.8,219.84,215.89,1712808000000,101636,2024-04-11,207.1755,197.4804,192.6641,,1,1,1,0,82.26565327542532,5.858190186206343,4.916900513609998,0.9412896725963452,221.30839477555247,193.04260522444753,215.61,4.22999999999999,2.678214285714284,135198727.0,3.0,0.1166666666666666,0.0192468218210599,0.0391452344931921,0.0114295531310229,9213495.9,1.2389677190826125,253908740477.29996,1355486520.0,187.31926635264503,99.80124223602488,92.26572058921072,3,4,0.009090909090909,0.0502181818181817,215.61,217.67,216.48,215.14,211.52,212.38410454137903,206.5259143551727,5.858190186206343,1,225.1564285714286,214.44357142857143,0.3262753488068018,50.83344444570388,7.080944123994879,62.01465644663339,125.02065767376584,2500029.173824807,-0.8862065674186166,0.043293837363463136,0.0822255046774989,0.09249962721805272,0.1654912773741981,3.424910825063946,0,1,0,0,0,0
30886275.0,220.4458,221.87,216.89,225.09,216.02,1712894400000,282306,2024-04-12,208.0025,198.0492,192.9961,,1,1,1,0,78.59612724757953,5.783694824383048,5.090259375764608,0.6934354486184393,222.3871729469067,193.6178270530933,219.8,9.069999999999991,3.1649999999999983,104312452.0,1.0,0.0,-0.0133277293950053,0.0081342381704936,0.0131716383661251,10414557.45,2.9656829057100262,260607664662.04996,1386372795.0,187.9780572743062,66.01036269430044,82.94529775208635,4,4,0.1166666666666666,0.0342181818181817,219.8,215.61,217.67,216.48,215.14,213.07731922732071,207.29362440293767,5.783694824383048,1,223.21999999999997,210.56,0.14285165976083053,54.86346196008501,3.994583614535149,65.03207654668857,117.68888284485669,2091116.251850281,-0.5568987065449532,-0.9851484986320206,0.054297102858253954,0.08255552782630393,0.15091536216503054,0.6175565839893865,1,1,1,0,0,0
13238952.0,218.4812,217.94,220.95,221.03,215.16,1713153600000,135153,2024-04-15,209.0645,198.66,193.3689,,1,1,1,0,80.85961657390229,5.98329310415815,5.268866121443317,0.7144269827148335,223.99718893894743,194.13181106105256,216.89,5.8700000000000045,3.469999999999999,117551404.0,5.0,0.0733333333333333,0.0185461190022331,0.0206485587583149,0.0152393778067287,10848669.55,1.2203295472300564,263532811106.44995,1399611747.0,188.2899394573672,82.7643630308076,82.85865598704432,0,4,0.0,0.0398181818181817,216.89,219.8,215.61,217.67,216.48,214.28850088465597,208.30520778049782,5.98329310415815,1,227.89,214.01,0.21196335011833334,49.85590777071726,5.413750513500661,68.05973292563874,102.37999448219698,2338938.3972696173,-0.5492936322571565,-1.1906103285811878,0.06317967471850627,0.10635421360973396,0.16039073578068375,1.3549467354061213,0,1,0,0,0,0
10728123.0,220.5845,220.18,221.22,221.99,218.78,1713240000000,120448,2024-04-16,210.12399999999997,199.31219999999996,193.74739999999997,,1,1,1,0,80.63204005006259,6.093026307923168,5.433698158739287,0.6593281491838807,225.36150829195384,194.8864917080461,220.95,3.210000000000008,3.5728571428571434,128279527.0,4.0,0.2583333333333333,0.0012212498973593,0.0163090917443837,0.0152610276294718,11024734.55,0.9730958102750872,265906086476.50995,1410339870.0,188.5404306669072,83.00395256916994,77.259559431426,1,4,0.0733333333333333,0.0914848484848484,220.95,216.89,219.8,215.61,217.67,215.35488536393967,209.2618590560165,6.093026307923168,1,228.3657142857143,214.0742857142857,0.21304470689950447,48.72051178554173,5.257896840212325,71.19685706609663,107.5868802840803,2352048.1198765435,-0.22520247661882709,-1.2129852657256828,0.04898288207122192,0.10593410988351737,0.17289645299825018,1.0686751543609274,0,1,0,0,0,0
11521054.0,220.2758,221.05,219.59,221.76,218.52,1713326400000,114536,2024-04-17,211.1135,199.9526,194.0898,,1,1,1,0,75.66137566137567,5.979534928446498,5.54286551268073,0.4366694157657678,226.09630315983327,196.1306968401667,221.22,3.2399999999999807,3.69142857142857,116758473.0,1.0,0.0,-0.007395510216208,0.0184592551365891,0.0148433511652134,11367910.9,1.0134715253617972,268435994724.36993,1421860924.0,188.79201910212277,74.08105560791707,79.94979040263154,2,4,0.2583333333333333,0.0896666666666666,221.22,220.95,216.89,219.8,215.61,216.0064414617951,210.0269065333486,5.979534928446498,1,226.97285714285715,212.20714285714286,0.16939211155487868,46.26547986720876,5.5921052620758065,74.29147965653934,92.20783295511995,2267158.3358606314,0.15785967886118918,-1.5537460812299249,0.03219892826924875,0.09904904904904899,0.17070960174868066,1.2436034487828695,0,1,0,0,0,0
6496885.0,220.464,221.31,220.34,221.4599,219.312,1713412800000,77134,2024-04-18,212.0215,200.5884,194.4476,,1,1,1,0,74.15730337078654,5.8823033926348955,5.610753088671563,0.2715503039633322,226.9256319244378,197.1173680755622,219.59,2.147899999999993,3.634135714285711,123255358.0,1.0,0.2,0.0034096366540187,0.0024567788898999,0.0121263489166539,11213067.45,0.5794030071584025,269867518365.26993,1428357809.0,188.93551508232065,74.7340425531915,77.27301691009285,3,4,0.0,0.1063333333333333,219.59,221.22,220.95,216.89,219.8,216.67314277536508,210.79083938273018,5.8823033926348955,1,227.6082714285714,213.0717285714286,0.13931359636201757,41.43252767086845,5.680265890360967,77.319093734798,89.42916674743216,2289348.161216977,-0.057430089156286536,-1.2612812461507095,0.04169818456883512,0.08982095162726278,0.1686024927075045,0.20259823305459393,0,1,0,0,0,0
8688967.0,221.366,220.49,221.03,222.36,220.08,1713499200000,93133,2024-04-19,212.9745,201.239,194.80269999999996,,1,1,1,0,72.89428076256502,5.7941327774818205,5.647429026433615,0.1467037510482054,227.60747426326807,198.34152573673188,220.34,2.280000000000001,3.5819928571428545,131944325.0,0.0,0.0,0.0031266309994319,0.0190880169671263,0.0093546986578928,11277688.8,0.7704563544970313,271788040741.2799,1437046776.0,189.12957134060605,75.73221757322172,74.84910524477677,4,4,0.2,0.1063333333333333,220.34,219.59,221.22,220.95,216.89,217.343428502232,211.54929572475018,5.7941327774818205,1,228.1939857142857,213.8660142857143,0.13782372020243538,38.48635734726962,5.762953183331093,79.46870624087205,89.63727167978833,2316557.8699852442,0.1751721801499246,-0.5826332997359904,0.027377521613833,0.09437045105708775,0.17257294429708225,2.0404715598514405,0,1,1,0,0,0
13404253.0,216.0208,216.35,215.57,216.9578,215.14,1713758400000,140702,2024-04-22,213.7355,201.7838,195.09070000000003,,1,1,1,0,57.490396927016654,5.223467676977464,5.562636756542385,-0.3391690795649209,227.1351456748124,200.33585432518765,221.03,5.890000000000015,3.7734214285714263,118540072.0,1.0,0.0,-0.0250127561260085,-0.0243494003168137,0.0120591516286661,11602376.05,1.155302408940624,274677595560.48993,1450451029.0,189.37391891807877,35.632183908045874,62.032814678153045,0,4,0.0,0.0916666666666666,221.03,220.34,219.59,221.22,220.95,217.07059334804245,211.847125671065,5.223467676977464,1,223.11684285714284,208.02315714285714,0.11567855836740999,32.18015479847207,14.821713523569638,77.06436473222993,27.432721680941732,1985438.9206118556,-0.17800458193237925,-0.22712933205659372,-0.004203621581670314,0.07596705764911404,0.14463972813678105,-2.019161950606268,0,1,0,0,0,0
10730332.0,214.9809,213.96,215.04,215.86,213.87,1713844800000,94139,2024-04-23,214.438,202.3326,195.34849999999997,,1,1,1,0,53.843582887700514,4.674559490804796,5.3850213033948675,-0.7104618125900712,226.4226280490333,202.45337195096673,215.57,1.990000000000009,3.7348499999999984,107809740.0,0.0,0.0,-0.0024616254505575,-0.0279359913208571,0.0116965137154345,11937155.15,0.8989019464993717,276985046153.76996,1461181361.0,189.5624003609022,28.571428571428456,46.64527668423202,1,4,0.0,0.0399999999999999,215.57,221.03,220.34,219.59,221.22,216.75819437142053,212.08363488061573,4.674559490804796,1,222.50969999999998,207.5703,0.13638135288435554,29.070014280728476,17.403644051988383,73.74806033575746,8.982582905254075,1959057.3463668313,0.0228767030672229,-0.08278706844327287,-0.012082510221895548,0.06990397532215531,0.14626865671641798,-2.388401203683563,0,1,0,0,0,0
5741072.0,215.0764,214.76,214.64,216.35,214.36,1713931200000,71082,2024-04-24,215.088,202.8832,195.5995,,0,1,1,0,55.360824742268,4.159323054449544,5.139881653605803,-0.9805585991562592,225.45038866996217,204.7256113300379,215.04,1.989999999999981,3.7034214285714273,102068668.0,1.0,0.1624999999999999,-0.001861851217416,-0.0225420101097501,0.0117536996332107,11936574.9,0.4809647698855389,278217309847.85,1466922433.0,189.6605461809377,18.8034188034187,27.66901042763102,2,4,0.0,0.0724999999999999,215.04,215.57,221.03,220.34,219.59,216.43231831427892,212.27299525982937,4.159323054449544,1,222.04684285714285,207.23315714285712,0.12694925751844394,29.06597952297669,17.551337659278126,69.61861016501152,2.963866221480029,1948378.268985879,-0.15734675903095938,0.3058981786869412,-0.0044988636890683775,0.06447133505256897,0.14713270268825807,-1.9178634501958862,0,1,0,0,0,0
6606512.0,215.7187,214.47,215.92,217.05,214.3357,1714017600000,76397,2024-04-25,215.729,203.511,195.8712,,1,1,1,0,51.45739910313901,3.810356352980904,4.8739765934808235,-1.0636202404999198,224.4203529926068,207.03764700739316,214.64,2.7143000000000086,3.595871428571428,108675180.0,1.0,-0.125,0.0059457625923805,-0.0200599074158119,0.0122287298727534,11965551.5,0.5521276641532151,279643787918.88995,1473528945.0,189.778279461548,18.270944741532823,21.881930705460004,3,4,0.1624999999999999,0.0074999999999999,214.64,215.04,215.57,221.03,220.34,216.35350011208217,212.54314375910127,3.8103563529809037,1,223.11174285714284,208.72825714285713,0.11279359550420401,26.776938626683634,18.076285895714463,64.9743106647536,3.742077715961233,1987776.0297014962,-0.4399216661484644,1.2638563207893705,-0.01765241128298467,0.06312161496799606,0.17010784154338032,-1.640390393821931,0,1,0,0,0,0
6268504.0,216.4095,216.77,216.62,217.0676,215.53,1714104000000,72160,2024-04-26,216.27400000000003,204.15499999999997,196.1173,,1,1,1,0,50.26799387442576,3.5493669845598106,4.609054671696621,-1.0596876871368108,223.5791745178902,208.96882548210985,215.92,1.5375999999999976,3.5485571428571427,114943684.0,1.0,0.0,0.0032366976978418,-0.0199520427091345,0.0122449729930215,11819253.05,0.5303638033200414,281001671255.36993,1479797449.0,189.8919824772383,24.50980392156863,20.528055822173396,4,4,-0.125,0.0074999999999999,215.92,214.64,215.04,215.57,221.03,216.39450009483878,212.84513311027897,3.5493669845598106,1,223.7171142857143,209.5228857142857,0.0981486281186902,25.015599896735605,18.317304011224408,59.952009134591485,6.346476732564408,2008098.152710018,-0.9187739899945333,3.076819856514281,-0.0012448706717690383,0.05298463931557462,0.1746014532046416,-1.6294055059533612,0,1,1,0,0,0
6409870.0,216.4292,216.02,216.18,217.215,215.25,1714363200000,72455,2024-04-29,216.692,204.76539999999997,196.4005,,0,1,1,0,47.0634607804494,3.2693397929528487,4.341111695947867,-1.0717719029950183,222.82269447426893,210.5613055257311,216.62,1.9650000000000032,3.516771428571427,108533814.0,0.0,0.0,-0.0020332724195341,0.0028297072876559,0.0038043285405772,11460890.85,0.5592820038068856,282387356951.9699,1486207319.0,190.00536018216843,20.58823529411767,21.122994652406387,0,4,0.0,0.0074999999999999,216.62,215.92,214.64,215.04,215.57,216.3615000802482,213.09216028729534,3.2693397929528487,1,223.21354285714287,209.14645714285714,0.08467245326597912,21.077977361322095,19.051565149233557,53.74464915763372,-9.834868292742604,1995078.3816824125,-2.1535045247746956,5.325394297481316,-0.021588594704684216,0.04022711962275061,0.1643865129807176,0.743810588220304,0,1,0,0,0,0
11248615.0,212.6048,213.38,211.87,214.1271,211.8,1714449600000,106613,2024-04-30,216.74100000000004,205.276,196.64769999999996,188.2796,0,1,1,1,43.22954380883418,2.6688701722584653,4.006663391209987,-1.3377932189515214,222.68939527232172,210.79260472767837,216.18,4.3799999999999955,3.6081999999999983,97285199.0,0.0,0.0,-0.0201385149518576,-0.0147414434523809,0.0101842682183714,11352268.1,0.9908693928748916,284770601012.0199,1497455934.0,190.1696033561011,0.526711813393478,15.2082503430266,1,4,0.0,0.0074999999999999,216.18,216.62,215.92,214.64,215.04,215.6705000679023,213.00162989564384,2.6688701722584653,1,219.0864,204.6536,-0.013993117141380308,20.543880205297498,21.89457346720278,48.642591158608646,-118.10632680119515,1770813.7380983622,-1.274438211187009,0.5763032191987533,-0.04226561793689543,0.004646972355256462,0.13700762047869497,-1.4474706146370626,0,1,0,1,0,0
10317880.0,213.8069,212.96,213.79,215.5,212.41,1714536000000,103225,2024-05-01,216.7935,205.8024,196.9072,188.44075,0,1,1,1,38.14595660749506,2.321164683996414,3.669563649767273,-1.348398965770858,222.6102897639406,210.9767102360594,211.87,3.629999999999995,3.565342857142856,107603079.0,1.0,0.0,0.0090213457761173,-0.0039601192694744,0.0115516015174869,11297350.8,0.9133008421762028,286976460577.2199,1507773814.0,190.33124060955467,14.973664409330189,12.029537172280454,2,5,0.0,-0.025,211.87,216.18,216.62,215.92,214.64,215.3811923651481,213.0600276811517,2.3211646839964146,1,220.9206857142857,206.6593142857143,-0.06586936403173385,19.41428193253016,22.157756813178114,43.71776760493315,-86.30646866040836,1864316.0253499774,-1.3570426986740363,0.8562339169952976,-0.026412860330616184,0.004935602143461448,0.14039579666079893,-0.3428196371977665,0,1,0,0,0,0
6286967.0,212.8498,211.9,213.13,213.705,211.49,1714622400000,74245,2024-05-02,216.874,206.3154,197.157,188.5882,0,1,1,1,41.86147186147189,1.9696442623210544,3.329579772278029,-1.3599355099569743,222.42184510086105,211.32615489913903,213.79,2.299999999999983,3.0817714285714266,101316112.0,1.0,0.0,-0.0030919166391693,-0.0129214523897739,0.0109234310097906,11001795.45,0.5714491810516256,288316401853.92993,1514060781.0,190.42590989214057,15.087396504139702,10.195924242287798,3,5,0.0,0.0,213.79,211.87,216.18,216.62,215.92,215.03485507820224,213.0652108158812,1.9696442623210544,1,219.29354285714285,206.96645714285714,-0.02127762964456786,10.29231795945458,27.76696148139127,40.824046036426985,-122.73409077912164,1844907.2680647909,-1.2362104149250919,0.7355992278295825,-0.032722156666969315,0.007611573373676128,0.13681459355664605,-1.1829104380380229,0,1,0,0,0,0
8679910.0,212.3161,212.89,212.96,213.225,210.71,1714708800000,89011,2024-05-03,216.765,206.8234,197.4302,188.73465,0,1,1,1,29.20353982300891,1.6582291825204436,2.995309654326512,-1.3370804718060685,222.53740805356236,210.99259194643767,213.13,2.5149999999999864,2.842128571428568,92636202.0,3.0,0.1666666666666667,-0.0007979535263457,-0.0168959468193149,0.0105261685118957,10766654.95,0.8061844686496618,290164875487.5299,1522740691.0,190.5543584685949,19.313304721030033,16.45812187816665,4,5,0.0,0.0333333333333333,213.13,213.79,211.87,216.18,216.62,214.71564660463267,213.05741742211222,1.6582291825204436,1,218.64425714285716,207.27574285714286,-0.030889480653273665,11.16014656742175,29.90716212951378,38.341174831566335,-129.17560345537495,1837983.8659158682,-1.1935053798130106,0.7831265073161171,-0.036510880875899154,-0.01013293669238624,0.1354233312006825,-1.605135881005693,0,1,1,0,0,0
6809677.0,215.1445,215.14,215.2,215.91,214.47,1714968000000,71110,2024-05-06,216.701,207.355,197.7463,188.89695,0,1,1,1,35.788479697828095,1.5740352689157646,2.7110547772443625,-1.137019508328598,222.51494657154947,210.88705342845057,212.96,2.9499999999999886,2.823557142857138,99445879.0,1.0,0.0,0.0104634736408278,-0.0045332593209362,0.0122729033361071,10593793.5,0.6427987292748344,291630317977.92993,1529550368.0,190.66408277829916,38.540772532188655,24.31382458578614,0,5,0.1666666666666667,0.0333333333333333,212.96,213.13,213.79,211.87,216.18,214.79016251161227,213.2161272426965,1.5740352689157646,1,220.84711428571427,209.5528857142857,-0.06486714578846423,15.597346807826648,30.10387099603238,34.8571446146895,-43.060764063162424,1909610.821588295,-1.257274861063219,2.85992422637572,-0.0017163798302175515,-0.00591278640059123,0.14091824832997557,-0.3693710854780732,0,1,0,0,0,0
5160735.0,214.3056,214.52,214.21,214.93,213.88,1715054400000,52703,2024-05-07,216.528,207.8752,198.0535,189.0571,0,1,1,1,36.90360272638752,1.4111592936538102,2.451075680526252,-1.039916386872442,222.4258483141593,210.63015168584073,215.2,1.3199999999999932,2.686414285714282,94285144.0,0.0,0.0,-0.0046109860229045,0.0110445084249775,0.0070391288708307,10197864.95,0.5060603396204026,292735799022.2799,1534711103.0,190.74326005073536,30.04291845493561,29.298998569384775,1,5,0.0,0.0333333333333333,215.2,212.96,213.13,213.79,211.87,214.700906740595,213.2897474469412,1.4111592936538102,1,219.58282857142856,208.83717142857145,-0.07758212327904099,16.393599536186397,32.51812026851564,31.60955483983408,-62.31583963934231,1885869.5220994477,-1.141841583932645,2.395533181087573,-0.0038597470238094234,-0.01589562181283588,0.13820403825717342,1.5690141404575133,0,1,0,0,0,0
4462736.0,214.0146,213.62,213.58,214.8,213.5,1715140800000,50930,2024-05-08,216.4265,208.38679999999997,198.313,189.218,0,1,1,1,33.44760039177277,1.2172119136775734,2.2043029271565167,-0.9870910134789432,222.45919783412728,210.39380216587267,214.21,1.3000000000000114,2.6258499999999976,89822408.0,0.0,0.0,-0.0029453725213256,-0.0009822723233078,0.0061119597686377,9755127.15,0.4574759438168881,293688950177.1599,1539173839.0,190.80947371608744,24.63519313304724,31.072961373390513,2,5,0.0,0.0333333333333333,214.21,215.2,212.96,213.13,213.79,214.52845954973424,213.31124763605666,1.2172119136775734,1,218.8317,208.3283,-0.07385818492019142,16.771712012498856,34.301817905412435,28.640750969443225,-68.10890073259299,1872744.4407306975,-1.087438644807202,2.2267140305360167,-0.00493850167722687,-0.00941514772042118,0.13606382978723408,-0.16071288970507117,0,1,0,0,0,0
7732469.0,216.0699,214.48,216.95,216.95,214.44,1715227200000,75290,2024-05-09,216.284,208.959,198.5952,189.3907,1,1,1,1,41.16883116883112,1.3202193861899048,2.0274862189631944,-0.7072668327732896,222.1123568145649,210.4556431854352,213.58,3.369999999999976,2.703707142857138,97554877.0,1.0,0.0,0.0156554425009605,0.0179233331769341,0.0089726538743395,9570989.4,0.8079069651879459,295366509326.7099,1546906308.0,190.9401414935014,95.926210607225,50.20144073173597,3,5,0.0,0.0333333333333333,213.58,214.21,215.2,212.96,213.13,214.9010042343905,213.5807848482006,1.3202193861899048,1,222.35741428571427,211.5425857142857,-0.09331052173752831,19.59082634700208,33.31404763477818,25.211256621077855,-5.488812888659542,1994752.2154755236,-0.5409735886397102,1.191220686284876,0.004770285290848442,-0.012966333030027366,0.1519061272167357,1.997548713285939,0,1,0,0,0,0
8699417.0,218.9165,219.22,218.71,219.6,218.08,1715313600000,82810,2024-05-10,216.375,209.54699999999997,198.9123,189.56775,1,1,1,1,58.09278350515469,1.526276871648946,1.9272443495003448,-0.4009674778513987,222.29923923607964,210.45076076392036,216.95,2.6500000000000057,2.472278571428567,106254294.0,3.0,0.0249999999999999,0.0080797391301014,0.0270003756574004,0.0087725902866761,8461646.5,1.0280997912167569,297269158818.7799,1555605725.0,191.09543892863977,89.98875140607439,70.18338504878221,4,5,0.0,0.0049999999999999,216.95,213.58,214.21,215.2,212.96,215.48700358294582,213.96072671129687,1.526276871648946,1,223.65455714285713,213.7654428571429,0.03315829492622146,29.08103859392831,22.160008545569507,23.538072527270636,74.81451000871496,2065325.9602093345,-0.6236488104161697,0.8681620645196416,0.009648231926876472,0.008391350454147295,0.15530082932755795,3.077807579858483,0,1,1,0,0,0
4896343.0,216.4517,217.06,216.26,217.31,215.8,1715572800000,56324,2024-05-13,216.14050000000003,210.0144,199.1964,189.74695,1,1,1,1,52.86116322701688,1.4748828574456638,1.8367720510894088,-0.3618891936437449,221.65968558065177,210.6213144193483,218.71,2.9099999999999966,2.5379928571428514,101357951.0,1.0,0.0,-0.0112652638570699,0.0049256505576207,0.0107516165367435,8044516.05,0.6086560048568739,298328041955.9599,1560502068.0,191.1743970569092,62.42969628796391,82.78155276708777,0,5,0.0249999999999999,0.0049999999999999,218.71,216.95,213.58,214.21,215.2,215.60592610864646,214.1310432512008,1.4748828574456638,1,221.3359857142857,211.18401428571428,-0.05705601111639688,28.32806575828248,24.428752747691853,22.27292383636318,9.962165357779629,2010476.8890648964,-0.38637051679168916,-0.2815218341232014,0.00037006198538258595,-0.02122652183751983,0.12115713619161173,0.4581307340603185,0,1,0,0,0,0
4662679.0,217.7801,217.31,218.09,218.3795,216.98,1715659200000,52784,2024-05-14,215.984,210.456,199.486,189.9281,1,1,1,1,57.58241758241763,1.5637920160334602,1.7821760440782193,-0.2183840280447591,221.05613398461483,210.9118660153852,216.26,2.1195000000000164,2.5472428571428543,106020630.0,4.0,0.0,0.0084264341117436,0.0181130666168711,0.0106361848562046,7741243.85,0.6023165127397453,299344925619.0699,1565164747.0,191.2545795532602,83.01462317210357,78.47769028871397,1,5,0.0,0.0049999999999999,216.26,218.71,216.95,213.58,214.21,215.98809132270085,214.4242993066674,1.5637920160334602,1,223.1844857142857,212.9955142857143,-0.07768401674093538,29.850202171016768,24.340042728457053,21.234911195359423,62.771562031760205,2049932.6486598281,-0.15048063677910614,-1.0948669421934254,0.02935762495870109,-0.014148811138233408,0.11264731391255545,1.7029649100782394,0,1,0,0,0,0
9297715.0,220.0852,219.06,220.89,221.19,217.65,1715745600000,93163,2024-05-15,216.049,210.93,199.8139,190.12080000000003,1,1,1,1,60.23897816234035,1.8389910204423072,1.793539039351037,0.0454519810912703,221.34412546444372,210.75387453555624,218.09,3.539999999999992,2.606221428571424,115318345.0,2.0,0.0493939393939394,0.0127570184196002,0.0342260511283827,0.0105417939447793,7630076.9,1.2185611130603415,301398697885.41986,1574462462.0,191.4295863888433,97.13740458015256,80.86057468007336,2,5,0.0,0.0148787878787878,218.09,216.26,218.71,216.95,213.58,216.7422311192084,214.9032400987661,1.8389910204423074,1,226.10244285714285,215.67755714285713,-0.0025826625972086934,34.95893068099159,23.789229611619092,21.207396800600606,135.47923552191403,2169303.559751578,-0.14639193543362816,-1.306228392787467,0.03321015950231532,0.005920123867207083,0.1201886505400882,3.246697748095831,0,1,0,0,0,0
4301652.0,220.085,220.14,220.03,220.585,219.41,1715832000000,50076,2024-05-16,216.0335,211.3544,200.11990000000003,190.31865,1,1,1,1,56.97912402783464,1.9650416248031777,1.8278395564414651,0.1372020683617121,221.27730446461803,210.789695535382,220.89,1.4799999999999898,2.6021071428571383,111016693.0,0.0,0.0,-0.0039009393566854,0.0141968195436736,0.010017571763945,7520315.25,0.5720042121904397,302345190374.97986,1578764114.0,191.50751381658264,88.93129770992368,89.69444182072662,3,5,0.0493939393939394,0.0148787878787878,220.89,218.09,216.26,218.71,216.95,217.24804171625328,215.2830000914501,1.9650416248031775,1,225.23421428571427,214.82578571428573,0.0008099462012397677,34.96589301665793,23.82684362293556,21.456578432898876,140.97446452008427,2152555.7634728877,-0.13066320113963992,-1.3711374081506453,0.032374607047342074,-0.0014069165834619257,0.10673507368844626,1.417190283863756,0,1,0,0,0,0
10448937.0,222.8995,222.18,223.66,223.8501,221.67,1715918400000,95715,2024-05-17,216.165,211.82879999999997,200.4538,190.53895,1,1,1,1,63.54091238233166,2.3309782336351645,1.9284672918802053,0.4025109417549593,222.03133033326097,210.2986696667391,220.03,3.820099999999997,2.7346142857142803,121465630.0,0.0,0.0,0.0163631409079925,0.0226327099812535,0.0116559621597327,7608313.75,1.373357795608784,304682199624.39984,1589213051.0,191.71891360486936,98.55328346055204,94.87399525020945,4,5,0.0,0.0098787878787878,220.03,220.89,218.09,216.26,218.71,218.2344968368297,215.90351860319453,2.3309782336351645,1,229.12922857142857,218.19077142857142,0.06701005077466497,41.80009715608881,21.94093708124389,23.321316187947957,231.7528913169281,2324939.717070123,-0.4170708353566802,-1.376802456602069,0.05024417731029285,0.011898837261910211,0.1186355906772032,1.9417264961769198,0,1,1,0,0,0
5990860.0,224.4813,223.79,224.56,225.66,223.02,1716177600000,62476,2024-05-20,216.6145,212.2874,200.7822,190.76405000000003,1,1,1,1,76.20817843866179,2.662911722222759,2.075356177948716,0.5875555442740432,223.56616311036356,209.6628368896364,223.66,2.6399999999999864,2.6103285714285653,127456490.0,2.0,0.2857575757575757,0.0040158904535848,0.0383797281050588,0.0078924807221993,7237644.1,0.8277361966444302,306027507145.9998,1595203911.0,191.84224978119417,92.64214046822748,93.37557387956774,0,5,0.0,0.067030303030303,223.66,220.03,220.89,218.09,216.26,219.2076511696251,216.54473944740235,2.662911722222759,1,229.78065714285714,219.33934285714287,0.12613120951537024,48.74290591530816,13.545092841748138,27.130278112257734,211.06509538618647,2349046.7277112757,-0.21726940621866672,-1.2948360886243333,0.04349442379182156,0.04170339100988074,0.11372315627634788,4.862815739156676,0,1,0,0,0,0
4002615.0,224.3565,224.77,224.23,225.21,223.7,1716264000000,51107,2024-05-21,217.074,212.732,201.0986,190.98425,1,1,1,1,73.07692307692312,2.866302213597976,2.233545385078568,0.6327568285194078,224.76323622242157,209.38476377757848,224.56,1.510000000000019,2.458899999999996,123453875.0,3.0,0.0369047619047619,-0.0014706212681877,0.0281535146040625,0.0088009652684365,6901258.25,0.5799833675257696,306925013507.4498,1599206526.0,191.9233122910917,90.4347826086956,93.87673551249172,1,5,0.2857575757575757,0.0744112554112553,224.56,223.66,220.03,220.89,218.09,219.980320220452,217.11401800685402,2.866302213597976,1,229.1478,219.3122,0.10996385681639705,47.7565461769326,14.379252042324593,30.49580402558983,167.02838170123096,2343164.723124528,-0.27545385223059354,-1.0207160005792275,0.04677652770645624,0.04273623511904767,0.11004950495049504,3.198908501087516,0,1,0,0,0,0
8903115.0,220.9005,223.09,220.11,223.24,219.7407,1716350400000,76483,2024-05-22,217.3475,213.1384,201.385,191.1859,1,1,1,1,63.38190184049087,2.6643283568281504,2.3197019794284848,0.3446263773996656,225.0612959117681,209.6337040882319,224.23,4.489299999999986,2.6152785714285676,114550760.0,0.0,0.0,-0.0185448893914266,-0.0035311693603149,0.0126754691006042,7059360.4,1.2611787039517064,308884678150.09985,1608109641.0,192.0793646619894,62.87625418060209,81.98439241917507,2,5,0.0369047619047619,0.0645324675324675,224.23,224.56,223.66,220.03,220.89,220.00027095576706,217.3359425989389,2.6643283568281504,1,225.34055714285714,214.8794428571429,0.08697208537531415,44.90098021655681,21.820401535531474,29.687103930372732,80.20360985947164,2179578.968319195,-0.675707726663055,-0.4779049350591111,0.030574023784998516,0.02548453224002989,0.1017067921317385,-0.27858271330719014,0,1,0,0,0,0
9527911.0,216.814,218.78,215.72,219.23,215.66,1716436800000,76635,2024-05-23,217.3375,213.429,201.6305,191.3713,0,1,1,1,54.55445544554455,2.125524584637219,2.280866500470232,-0.1553419158330129,225.05960190911296,209.61539809088703,220.11,4.450000000000017,2.7534928571428554,105022849.0,1.0,0.0,-0.0201461509249863,-0.0195882379675499,0.0154721710770407,7205430.35,1.322323655519063,310940039111.01984,1617637552.0,192.2186083814527,18.256578947368418,57.18920524555538,3,5,0.0,0.0645324675324675,220.11,224.23,224.56,223.66,220.03,219.3417677318029,217.21624314716567,2.125524584637219,1,221.22698571428572,210.21301428571428,0.013642144154254467,42.64713129488848,29.28747641844839,27.752993730144947,-9.894081881852776,1989548.8502418697,-0.38995103254827684,-1.157945878399411,-0.005669509103479964,-0.0009262689885142228,0.0722202892787911,-1.2660295190454467,0,1,0,0,0,0
4212379.0,216.169,216.96,215.92,217.21,215.74,1716523200000,35082,2024-05-24,217.3025,213.7404,201.8825,191.56195,0,1,1,1,51.273885350318466,1.695116790645642,2.163716558505314,-0.468599767859672,225.04461415434676,209.5603858456533,215.72,1.490000000000009,2.649207142857142,109235228.0,1.0,0.0,0.0009266982407228,-0.0346060985424304,0.0114110973755947,7102624.1,0.593073621902643,311849575984.6998,1621849931.0,192.28016724853185,19.901315789473585,33.67804963914804,4,5,0.0,0.0645324675324675,215.72,220.11,224.23,224.56,223.66,218.81534192691015,217.1202251362645,1.695116790645642,1,221.21841428571426,210.62158571428571,-0.026988396636580408,37.086567669279255,30.44037433559894,26.18872147444611,-22.289887119884987,1993454.2637408497,-0.253568922945727,-0.9752275563613401,-0.012756618353070404,-0.0032314652386669085,0.07771400049912658,-3.032667856271651,0,1,1,0,0,0
3809677.0,217.9591,218.43,218.19,218.59,217.21,1716868800000,45604,2024-05-28,217.40299999999996,214.11,202.1731,191.7649,1,1,1,1,56.736628300609325,1.519667757852858,2.034906798374823,-0.5152390405219651,225.13594006864477,209.67005993135515,215.92,2.670000000000016,2.7456357142857155,113044905.0,0.0,0.0,0.0104582741248098,-0.0283665835411471,0.0131961902207027,6972614.45,0.54637711970436,312680809409.32983,1625659608.0,192.34088604441095,38.56907894736841,25.57565789473682,1,5,0.0,0.0073809523809523,215.92,215.72,220.11,224.23,224.56,218.7191354766163,217.19946771876343,1.519667757852858,1,223.68127142857142,212.69872857142857,-0.013553653434970097,39.37417562953814,27.83638448867253,25.060154006612812,12.724039537309737,2033505.980997241,-0.7299501334605113,-0.40829694092708685,0.008924442800332999,0.009297807382736556,0.09253417455310187,-2.1496023905915376,0,1,0,0,0,0
4184972.0,216.5951,216.92,216.16,217.16,216.12,1716955200000,44735,2024-05-29,217.6175,214.4326,202.4415,191.95769999999996,0,1,1,1,54.16936005171296,1.202952216401485,1.8685158819801555,-0.6655636655786705,224.93083281357372,210.30416718642624,218.19,2.069999999999993,2.8006357142857143,108859933.0,0.0,0.0,-0.0093473686226703,-0.035989831869063,0.0130258685369673,6619432.3,0.6322252136335015,313585432956.84985,1629844580.0,192.40204667665296,15.329768270944731,24.600054335928927,2,5,0.0,0.0,218.19,215.92,215.72,220.11,224.23,218.32542232636763,217.12247010996614,1.202952216401485,1,221.76127142857143,210.55872857142856,0.03639852322004217,38.60092988107259,29.100535840306517,23.610832857371516,-25.873780717504086,1994569.7641220405,-0.2865152976572916,-0.9258497586539833,-0.008849557522123908,0.02024826544579228,0.0806379043143528,-2.7629485233509783,0,1,0,0,0,0
3071290.0,216.8119,216.69,216.57,217.51,216.41,1717041600000,35150,2024-05-30,217.7565,214.768,202.7137,192.15524999999997,0,1,1,1,49.32094353109365,0.9738109549634828,1.6895748965768211,-0.7157639416133383,224.8663753412708,210.64662465872925,216.16,1.3499999999999943,2.656350000000001,111931223.0,2.0,0.0916666666666666,0.0018949466072905,-0.0160828676570806,0.0117738016214376,6257102.8,0.4908485761173686,314250582232.14984,1632915870.0,192.44750327042252,9.099999999999966,20.99961573943772,3,5,0.0,0.0183333333333333,216.16,218.19,215.92,215.72,220.11,218.0553573530803,217.0815463981168,0.9738109549634828,1,221.8827,211.2573,0.029908705526479906,35.85747359135179,30.68119787606482,22.313684438582943,-22.201471951084375,2000395.2124010928,-0.22809924393648429,-0.42449975348015706,-0.01955724568789896,0.013003414565695204,0.08393393393393378,-1.365986493940257,0,1,0,0,0,0
5617183.0,215.6444,217.77,215.3,217.96,214.65,1717128000000,55111,2024-05-31,217.86499999999995,215.0304,202.988,192.3488,0,1,1,1,43.79774463441252,0.681876223580872,1.4880351619776313,-0.8061589383967593,224.73995071752583,210.99004928247405,216.57,3.3100000000000023,2.7034928571428583,106314040.0,3.0,0.1666666666666666,-0.0058814164488619,-0.0019469682922306,0.0076653413776294,6223613.6,0.9025597283224652,315459961732.04987,1638533053.0,192.52584569745017,5.90372388737517,10.111164052773304,4,5,0.0916666666666666,0.0516666666666666,216.57,216.16,218.19,215.92,215.72,217.63145622183717,216.9495799982563,0.681876223580872,1,220.70698571428574,209.8930142857143,-0.02161971402858239,28.230675124447213,34.796255628354736,22.09299122107882,-49.17469979076155,1967455.1818797835,-0.16589953207425606,-0.5140489005127823,-0.021497068581556977,0.010181579317787293,0.06489266989811071,-0.2539959613479223,0,1,1,1,0,0
6152606.0,216.7631,215.92,217.22,217.82,215.54,1717387200000,52904,2024-06-03,218.07799999999995,215.3354,203.2809,192.55705,0,1,1,1,51.78041543026708,0.5985441551348742,1.31013696060908,-0.7115928054742058,224.56617742634847,211.58982257365147,215.3,2.519999999999982,2.6756357142857143,112466646.0,1.0,0.4,0.0088782604815726,0.0060207484253427,0.0087542520655801,6097248.4,1.0090791118170614,316796430807.3699,1644685659.0,192.61822408057483,23.342415985467714,12.782046624280964,0,6,0.1666666666666666,0.1316666666666666,215.3,216.57,216.16,218.19,215.92,217.56815526463146,216.96961110949658,0.5985441551348742,1,222.57127142857144,211.86872857142856,-0.054347520800409096,28.524596283253146,29.07186275382566,21.632924550682947,-34.61617029187859,2022322.8247966436,-0.5561342943497262,-0.7153366756586576,-0.02879370473039433,0.02000375657400455,0.07550626330643162,0.6877505357093437,0,1,0,0,0,0
5509361.0,215.117,216.24,215.27,216.24,214.2,1717473600000,52193,2024-06-04,218.0815,215.6338,203.5586,192.75689999999997,0,0,1,1,44.79320531757755,0.3708789259520131,1.122285353677667,-0.7514064277256536,224.56321281781447,211.5997871821855,217.22,3.0200000000000102,2.7399571428571425,106957285.0,1.0,0.0,-0.0090176106455345,-0.0133828314771529,0.0078960532994083,6032232.6,0.9133203848936462,317982430949.83984,1650195020.0,192.69384957290671,9.336823734729675,12.860987869190868,1,6,0.4,0.1316666666666666,217.22,215.3,216.57,216.16,218.19,217.21459291622662,216.8437139902746,0.3708789259520131,1,220.74991428571428,209.79008571428574,-0.05347869722746619,25.066867566993444,31.882667603799135,21.761493404495912,-78.66724862498275,1972864.883769114,-0.17630326957043901,-0.846495313959703,-0.04136978981118633,0.0003252788104091131,0.07446967806338911,-1.6948738845793898,0,1,0,0,0,0
5479226.0,217.4678,216.69,217.82,218.0795,215.93,1717560000000,49095,2024-06-05,218.262,215.9704,203.8581,192.96934999999996,0,1,1,1,44.278792396571006,0.3917009950999102,0.9761684819621156,-0.5844674868622053,224.48569191498265,212.03830808501735,215.27,2.8094999999999857,2.6877785714285705,112436511.0,2.0,0.2649621212121212,0.0117759794411848,0.007679496669134,0.0090179182318255,6048157.15,0.905933140312004,319175915957.15985,1655674246.0,192.77700110892457,31.58813263525307,21.422457451816836,2,6,0.0,0.1846590909090908,215.27,217.22,215.3,216.57,216.16,217.3077324675764,216.91603147247648,0.3917009950999102,1,223.19555714285713,212.44444285714286,-0.0031316623965409636,22.973034018274955,32.501614441957734,21.630322462032314,-28.585217510659113,2037769.5444278207,-0.19264136037414634,-1.2739147528218275,-0.028586718993890203,0.016852621259511702,0.08373550922931483,0.851581036321847,0,1,0,0,0,0
5283914.0,219.2605,218.36,219.43,219.97,218.1,1717646400000,47016,2024-06-06,218.5545,216.3262,204.1553,193.18745,1,1,1,1,48.91225525743293,0.5319838014681864,0.8873315458633297,-0.3553477443951434,224.3894238032268,212.7195761967733,217.82,2.1500000000000057,2.7356357142857144,117720425.0,1.0,0.0,0.0073642414002379,0.013205891859445,0.009396988849187,6089216.05,0.867749469983086,320335365206.1799,1660958160.0,192.86179081487512,45.63699825479943,28.85398487492741,3,6,0.2649621212121212,0.1663257575757575,217.82,215.27,217.22,215.3,216.57,217.63423516487234,217.10225136340415,0.5319838014681864,1,224.90127142857145,213.95872857142857,0.04735340439784819,27.507317435355155,31.9330320108585,20.808846627328816,18.42625389407475,2076825.193771316,-0.613338675068637,-0.5150977297108804,-0.0030893644087047756,0.02739020507538159,0.08822654235270799,1.4053307945852875,0,1,0,0,0,0
12195073.0,213.2729,215.07,211.6,215.19,211.54,1717732800000,105126,2024-06-07,218.287,216.4962,204.3922,193.36495,0,0,1,1,31.025802391441132,0.0112141050163359,0.712108057693931,-0.7008939526775951,224.8737429855645,211.70025701443544,219.43,7.890000000000015,3.0263428571428586,105525352.0,3.0,0.2746031746031745,-0.0363355750636338,-0.0171853228053878,0.0200824685615779,6312346.25,1.9319398076428396,322915842652.97986,1673153233.0,192.9983675637316,0.4249291784702709,25.88335335617427,4,6,0.0,0.1879130591630591,219.43,217.82,215.27,217.22,215.3,216.70589129335352,216.69467718833718,0.011214105016335907,1,217.65268571428572,205.54731428571426,-0.10899042405603394,17.15861671391239,44.348671653587346,21.741005709667217,-157.5517788624515,1641663.9961684353,-1.6178691094898583,3.165333072688052,-0.01909883181902472,-0.024660059921640887,0.04185130477597232,-0.8557371418419943,0,1,1,0,0,0
4219641.0,213.4203,213.13,213.54,214.02,212.76,1717992000000,43554,2024-06-10,218.0285,216.6526,204.6692,193.5432,0,0,1,1,33.211456429006674,-0.242166302232448,0.5212531857086552,-0.7634194879411033,224.9429890590236,211.11401094097636,211.6,2.420000000000016,3.010628571428575,109744993.0,0.0,0.0,0.009126468766012,-0.0169413497836294,0.0201208835696254,6088357.45,0.6930672245598851,323816904792.1199,1677372874.0,193.0500426061617,14.630577907827345,20.23083511369903,0,6,0.2746031746031745,0.1079130591630591,211.6,219.43,217.82,215.27,217.22,216.21883109437604,216.4609973966085,-0.24216630223244806,0,219.56125714285713,207.51874285714285,-0.0925288255857609,12.954105451886084,44.58015411006233,21.63106959423545,-123.75949073672027,1680350.6858659778,-1.639105668345802,2.974187743928429,-0.01102260096331975,-0.023638608202642852,0.038012832976861644,-0.8419780028658439,0,1,0,0,0,0
4004085.0,213.8667,213.95,214.15,214.38,213.24,1718078400000,37400,2024-06-11,217.923,216.77920000000003,204.937,193.7247,0,0,1,1,34.773413897280975,-0.3892630167181607,0.339149945223292,-0.7284129619414528,225.01325751146857,210.83274248853144,213.54,1.1399999999999864,2.9842000000000013,113749078.0,2.0,0.1388888888888889,0.0028525353112237,-0.0052027686161564,0.0199947936128191,6043744.55,0.6625172468614677,324674379594.8699,1681376959.0,193.1002907212254,22.307692307692392,12.45439979799668,1,6,0.0,0.1356908369408369,213.54,211.6,219.43,217.82,215.27,215.90054938754895,216.2898124042671,-0.38926301671816077,0,220.1184,208.1816,-0.057625111492880014,13.93051020758593,44.97496336779057,21.558602705215574,-103.90517176101147,1691788.7857535868,-1.6768250267549074,3.3013608426875813,-0.018515972317704743,-0.00975677425321364,0.030459051101915158,-0.26020603737367004,0,1,0,0,0,0
5851883.0,215.4102,216.47,214.72,216.55,214.2,1718164800000,61251,2024-06-12,217.75449999999995,216.8558,205.2049,193.9102,0,0,1,1,40.87986463620979,-0.4546035991019153,0.1803992363582505,-0.6350028354601658,224.98680028195795,210.52219971804195,214.15,2.4000000000000057,2.8349642857142885,119600961.0,1.0,0.0,0.0026581497219368,-0.0142319346249196,0.0189202766490937,6103204.75,0.958821347096376,325930895912.6299,1687228842.0,193.1752752200936,37.72241992882567,24.886896714781813,2,6,0.1388888888888889,0.0826984126984126,214.15,213.54,211.6,219.43,217.82,215.7189264048491,216.17353000395102,-0.4546035991019153,0,220.38992857142858,209.0500714285714,-0.10618340974814681,20.131268970349453,37.366809852135475,21.228844004338352,-66.26290262286143,1707364.6592534692,-2.0404640700442895,4.716717759488165,-0.006661732050333047,-0.015452336191480565,0.01816112665370584,-0.752205021460461,0,1,0,0,0,0
5861099.0,213.1712,214.44,212.97,214.96,212.26,1718251200000,48371,2024-06-13,217.3585,216.8604,205.4624,194.0844,0,0,1,1,44.89037532515793,-0.6402168348829207,0.0162760221100163,-0.656492856992937,224.7338223658352,209.9831776341648,214.72,2.700000000000017,2.7099642857142885,113739862.0,2.0,0.1193181818181818,-0.0081835430639128,-0.0294399125005696,0.0180772867408417,5931373.95,0.9881519946993056,327179134166.6599,1693089941.0,193.2438001335098,16.963226571767564,25.664446269428556,3,6,0.0,0.106562049062049,214.72,214.15,213.54,211.6,219.43,215.29601465025692,215.93623148513984,-0.6402168348829207,0,218.38992857142858,207.5500714285714,-0.19777549178211934,21.059845274434267,33.44798955351332,21.525653217370262,-100.67314245521527,1659595.8289162857,-1.7313349370730489,3.522677857853996,-0.01662280094195867,-0.035854950427814725,0.0010811318980914475,-1.6285572407547282,0,1,0,0,0,0
5996496.0,215.6279,215.34,215.73,216.04,214.98,1718337600000,50963,2024-06-14,217.1435,216.9446,205.7402,194.2637,0,0,1,1,49.6776382762131,-0.5581734516927099,-0.0986138726505289,-0.459559579042181,224.441209157493,209.84579084250697,212.97,3.069999999999993,2.82282142857143,119736358.0,1.0,0.0,0.012876315063108,0.0195179584120983,0.0080083676581476,6016116.15,0.996738734839752,328472758248.7399,1699086437.0,193.32315949076104,49.7034400948991,34.796362198497455,4,6,0.1193181818181818,0.0516414141414141,212.97,214.72,214.15,213.54,211.6,215.36278162714046,215.92095507883317,-0.5581734516927099,0,221.37564285714285,210.08435714285713,-0.1762803414175091,22.95069522059968,32.11073013775204,22.01092075459893,-43.84520977329947,1737307.8492008324,-1.8717748526030047,3.8135396276607216,0.0019972131908962965,-0.019542789619597434,0.019903555219364488,2.4371925557532905,0,1,1,0,0,0
3877671.0,214.3938,214.9,214.61,215.24,213.6,1718596800000,40267,2024-06-17,216.69099999999997,216.93399999999997,206.0223,194.43515,0,0,1,1,43.67937853107346,-0.5768782260970511,-0.1942667433398333,-0.3826114827572177,223.38471079525513,209.9972892047448,215.73,2.1299999999999955,2.78425,115858687.0,0.0,0.0,-0.0052051983491219,0.0050107708157722,0.008216905685995,5687552.85,0.6817819723644415,329304945222.0499,1702964108.0,193.37162989817395,36.4175563463822,34.3614076710163,0,6,0.0,0.0516414141414141,215.73,212.97,214.72,214.15,213.54,215.24696906911885,215.8238472952159,-0.5768782260970511,0,220.1785,209.0415,-0.2544034651614968,19.728318726579708,36.095896551752595,22.879007792298605,-69.42466963904027,1717176.2424701971,-1.6426638703677063,3.2554246690529474,-0.012015468188932843,-0.04046320307609752,-0.0024635121316350928,0.6098116382419029,0,1,0,0,0,0
4853415.0,215.2039,214.38,215.47,215.83,214.04,1718683200000,41497,2024-06-18,216.23650000000004,216.9138,206.30559999999997,194.6124,0,0,1,1,48.72928176795581,-0.5163548644355274,-0.2586843675589722,-0.2576704968765552,221.82343315739976,210.6495668426003,214.61,1.7900000000000205,2.764250000000002,120712102.0,1.0,0.45,0.0039992612827512,0.0061639038057434,0.0082971627681927,5630680.6,0.8619588544944283,330350710552.0999,1707817523.0,193.43443084703603,46.61921708185058,44.24673784104397,1,6,0.0,0.1138636363636363,214.61,215.73,212.97,214.72,214.15,215.28128152002364,215.79763638445917,-0.5163548644355274,0,220.9985,209.9415,-0.24007698424024787,21.39562526094757,33.54048501051934,23.455755586176128,-45.19089371241517,1736625.181941796,-2.0192657094942996,4.700430435692382,0.000929065824313513,-0.04047915924474532,-0.004665558019216531,0.742892064315304,0,1,0,0,0,0
7290516.0,217.8431,216.32,218.16,218.7413,216.15,1718856000000,65235,2024-06-20,215.933,216.9236,206.6171,194.80265,1,1,1,1,52.70132517838941,-0.2484649957327747,-0.2566404931937326,0.0081754974609579,220.19364536747167,211.6723546325283,215.47,3.2712999999999965,2.9014857142857164,128002618.0,1.0,0.0,0.0124070498211913,0.01602086438152,0.0097374254566529,5795075.65,1.25805363731533,331941209522.6599,1715108039.0,193.5395333556943,78.52906287069987,53.8552787663109,3,6,0.45,0.1138636363636363,215.47,214.61,215.73,212.97,214.72,215.72416128617385,215.97262628190663,-0.2484649957327747,0,223.96297142857142,212.35702857142857,-0.18829361929374147,26.689036152244782,31.95407278242815,23.541380591044092,68.16895983079237,1827642.4374297995,-1.999224594119559,4.633102647400998,0.001560921862088005,-0.027070418766445115,0.002251114071760041,1.64528580988684,0,1,0,0,0,0
8935399.0,215.3311,217.83,214.78,217.9,214.255,1718942400000,76121,2024-06-21,215.6665,216.907,206.8816,194.98335,0,0,1,1,49.175649968294216,-0.3053778906724176,-0.2663879726894697,-0.0389899179829479,219.46923737969595,211.863762620304,218.16,3.905000000000001,2.9439857142857164,119067219.0,2.0,0.325,-0.0156144901072626,0.0084988496032305,0.0121687159748085,5796689.85,1.5414657729186598,333860354519.8799,1724043438.0,193.64961877479092,38.43416370106769,54.52748121787272,4,6,0.0,0.1549999999999999,218.16,215.47,214.61,215.73,212.97,215.57890570368556,215.88428359435798,-0.3053778906724176,0,220.66797142857143,208.89202857142857,-0.1825266155180924,26.30374758556082,31.820321325360585,23.475232609191675,-8.19590573536597,1689204.3707814682,-1.389731984024838,2.058992424402286,-0.02119126828601381,-0.024215165144700457,-0.0038495431566254457,0.698417370957706,0,1,1,0,0,0
4626923.0,215.6345,215.55,215.63,215.94,215.2,1719201600000,44640,2024-06-24,215.662,216.8236,207.15199999999996,195.17235,0,0,1,1,47.39087627174269,-0.2786814078966699,-0.2688466597309097,-0.0098347481657601,219.46468381679512,211.8593161832048,214.78,1.1599999999999966,2.8468428571428603,123694142.0,1.0,0.0,0.0039497274925039,-0.0004635423909515,0.0106816749653701,5551640.45,0.8334334764060594,334858057926.3699,1728670361.0,193.70845100430913,48.51720047449585,55.16014234875448,0,6,0.325,0.1549999999999999,214.78,218.16,215.47,214.61,215.73,215.58676636465702,215.8654477725537,-0.27868140789666995,0,221.32368571428572,209.93631428571427,-0.10089852512602937,27.201310718339155,32.90612657808746,24.085293878690543,-8.038354505510124,1707515.5941262862,-0.6995179507484163,-0.08113831880387222,0.019045368620037806,-0.0004172074911923396,-0.01897179253867154,-0.043395999082008044,0,1,0,0,0,0
3847694.0,214.6524,214.96,214.56,215.31,214.12,1719288000000,39073,2024-06-25,215.594,216.77699999999996,207.4131,195.35505,0,0,1,1,48.80027036160863,-0.3399456289937745,-0.2830664535834827,-0.0568791754102918,219.42578617137588,211.7622138286241,215.63,1.509999999999991,2.738985714285716,119846448.0,1.0,0.0,-0.0049745563892059,-0.0002329807557895,0.0106545410199263,5533406.2,0.6953572286090256,335683619151.0099,1732518055.0,193.7547595433341,35.8244365361804,40.92526690391466,1,6,0.0,0.1549999999999999,215.63,214.78,218.16,215.47,214.61,215.42880230855593,215.7687479375497,-0.33994562899377456,0,220.03797142857144,209.08202857142857,-0.08154661718933341,28.272457471672794,33.52388005113362,23.837423254843916,-51.47442217738109,1688422.5524344994,-0.2769001899167848,-0.36284276699244244,0.004776622646810891,-0.006298629121896937,-0.010742772834155478,-0.02186678306329154,0,1,0,0,0,0
4686848.0,212.6349,212.39,212.58,213.11,212.1204,1719374400000,45834,2024-06-26,215.31350000000003,216.6096,207.6348,195.52754999999996,0,0,1,1,40.97174362508616,-0.5420193563035411,-0.3348570341274944,-0.2071623221760467,219.1664183744261,211.460581625574,214.56,2.439600000000013,2.7125642857142895,115159600.0,0.0,0.0,-0.0092710314279326,-0.0134125400287742,0.0110405835825246,5577264.75,0.8403488466277309,336679949298.8499,1737204903.0,193.80554862436392,12.336892052194775,32.22617635429035,2,6,0.0,0.0649999999999999,214.56,215.63,214.78,218.16,215.47,214.99052503031655,215.5325443866201,-0.5420193563035411,0,218.0051285714286,207.15487142857143,-0.09824889002995177,23.70398067624352,39.1158603116408,24.36292319839052,-141.51281534029854,1645171.43834054,0.09030458237237399,-0.9438561189994878,-0.007331309829558652,-0.025711535817406816,-0.03788187372708751,-1.21483867045011,0,1,0,0,0,0
4977837.0,215.0221,214.71,214.99,215.5,214.45,1719460800000,49979,2024-06-27,215.25499999999997,216.485,207.8986,195.71045,0,0,1,1,42.5553319919517,-0.5019116571154143,-0.3682679587250784,-0.1336436983903358,219.0892857703111,211.4207142296888,212.58,2.9199999999999875,2.7675642857142884,120137437.0,2.0,0.05,0.0112731273126207,-0.0145306197286394,0.0106576805973416,5616908.0,0.8862237017234393,337750134475.4799,1742182740.0,193.86607772011328,47.90801660811264,32.02311506549595,3,6,0.0,0.0749999999999999,212.58,214.56,215.63,214.78,218.16,214.9904442564217,215.49235591353712,-0.5019116571154143,0,220.52512857142858,209.45487142857144,-0.061901729836099664,24.522078458747227,38.338508064507835,25.40105456020188,-17.743280256971474,1701604.7207283464,-0.021598575283333782,-1.4479379813529916,0.0012574515648287043,-0.005412657290895573,-0.02816201066811319,-1.3633929035492776,0,1,0,0,0,0
3955080.0,215.2671,215.64,215.01,215.8148,214.82,1719547200000,39628,2024-06-28,215.177,216.3934,208.17300000000003,195.89805,0,0,1,1,57.74647887323946,-0.4631730135108682,-0.3872489696822364,-0.0759240438286318,218.96180118368056,211.39219881631945,214.99,0.994799999999998,2.275050000000001,124092517.0,1.0,0.2590909090909091,9.30232558810317e-05,0.0010708632088647,0.0079555252932099,5661097.5,0.6986419152823282,338600516226.2799,1746137820.0,193.91396964661124,43.643613406032394,34.62950735544661,4,6,0.05,0.0618181818181817,214.99,212.58,214.56,215.63,214.78,214.99345283235684,215.4566258458677,-0.46317301351086826,0,219.5601,210.45989999999998,-0.06377205235094464,30.819102867183556,26.042127794352353,22.8435458735565,-1.3058349651561112,1701972.6522600455,-0.25793242934343197,-0.9730871261986184,0.009578813917453077,-0.007203213741515446,-0.020857051778314206,0.13460605344541537,0,1,1,0,0,0
3792921.0,215.354,215.25,215.57,216.0,214.485,1719806400000,41793,2024-07-01,215.1905,216.298,208.4432,196.0905,1,0,1,1,54.920019389239,-0.3828715347493414,-0.3863734826956574,0.003501947946316,218.97907270721896,211.401927292781,215.01,1.5149999999999864,2.210407142857142,127885438.0,1.0,-0.0833333333333333,0.0026011441114048,-0.0002782544172889,0.0078188993633063,5569884.4,0.6809694290962304,339418156206.2499,1749930741.0,193.96090842560372,52.1016780196046,47.884436011249896,0,7,0.2590909090909091,0.0451515151515151,215.01,214.99,212.58,214.56,215.63,215.08215239660964,215.46502393135899,-0.38287153474934144,0,219.99081428571426,211.14918571428572,-0.01947539315777806,31.72040056236541,27.886265287944234,19.376640252205075,8.344987733806564,1711851.428875087,-0.24780327207616656,-0.4466210568167754,-0.0007416678255226516,0.0012540640966092198,-0.021648361622946366,-0.03558736958823596,0,1,0,0,0,0
4921672.0,215.2869,215.33,215.56,216.08,214.6204,1719892800000,42470,2024-07-02,215.1075,216.1886,208.71379999999996,196.28245000000004,1,0,1,1,53.519720419370955,-0.3163917831869298,-0.372377142793912,0.0559853596069821,218.77981391273596,211.43518608726407,215.57,1.459600000000023,2.233235714285716,122963766.0,0.0,0.0,-4.638972004634951e-05,0.0046607009694257,0.007339753306349,5508337.7,0.8934949649147328,340479071822.5699,1754852413.0,194.0214853968861,51.95064115150523,49.231977525714086,1,7,-0.0833333333333333,0.0451515151515151,215.57,215.01,214.99,212.58,214.56,215.15566741251584,215.47205919570277,-0.31639178318692984,0,220.02647142857143,211.09352857142858,-0.033304452303988916,30.500586902892056,27.60120644049427,15.968641695137407,17.52338660220021,1711623.1191844994,-0.45911271538392645,-0.00039939636153160256,0.004426634360001902,-0.0076420219132676825,-0.02474777179568388,0.6349933608068978,0,1,0,0,0,0
5055313.0,218.1516,217.34,217.99,218.7397,217.33,1719979200000,49853,2024-07-03,215.2435,216.237,209.0104,196.4807,1,1,1,1,57.46916400182737,-0.06685474953332,-0.3112726641417936,0.2444179146084735,219.1360152198587,211.3509847801413,215.56,3.179699999999997,2.2889285714285728,128019079.0,0.0,0.0,0.0112098971120278,0.0254492426380656,0.0057708427923068,5485635.3,0.9215547012394352,341581079503.4399,1759907726.0,194.0903346562386,88.65260009968455,64.2349730902648,2,7,0.0,0.0451515151515151,215.56,215.57,215.01,214.99,212.58,215.5917185798211,215.65857332935443,-0.06685474953332005,0,222.56785714285715,213.41214285714287,-0.03883581647672314,31.286628169359584,26.92963019911691,14.362092040283262,149.2053701911923,1768611.477831744,-0.4560013024995465,-0.48765469106342507,0.011695363623706267,0.012635295210665642,0.011226051862504027,4.409962193454722,0,1,0,0,0,0
5950550.0,220.471,219.58,220.93,221.28,219.58,1720152000000,67990,2024-07-05,215.39899999999997,216.3548,209.3437,196.6884,1,1,1,1,67.24436741767774,0.363943265432141,-0.1762294782270067,0.5401727436591477,219.9222680314348,210.87573196856516,217.99,3.289999999999992,2.331071428571428,133969629.0,0.0,0.0,0.013396719085613,0.0276291920554443,0.006390427113489,5509201.5,1.0801111558544374,342895734514.9399,1765858276.0,194.180778364424,96.1788724398446,78.9273712303448,4,7,0.0,0.0351515151515151,217.99,215.56,215.57,215.01,214.99,216.41299264446403,216.04904937903189,0.36394326543214106,1,225.59214285714287,216.26785714285714,-0.04462277924957065,38.504979304885715,20.49823808166129,14.918589428166708,242.03820090354878,1848865.6959151423,-0.4070047308535552,-0.5031553635540524,0.012697103043637803,0.014277844091451719,0.027390252976190466,4.32352146884042,0,1,1,0,0,0
5790811.0,218.3992,219.64,218.19,220.04,217.41,1720411200000,65017,2024-07-08,215.337,216.4258,209.6545,196.88325,1,1,1,1,55.3339115351258,0.4787400775511514,-0.045235567071375,0.5239756446225265,219.65705409322737,211.0169459067726,220.93,3.5200000000000102,2.363214285714286,128178818.0,0.0,0.0,-0.0124796664283778,0.0147900097669875,0.0103021061556251,5534546.35,1.046302738073555,344159231567.0299,1771649087.0,194.2592548899216,66.26490239748462,83.69879164567126,0,7,0.0,-0.0166666666666666,220.93,217.99,215.56,215.57,215.01,216.68637839146956,216.2076383139184,0.47874007755115144,1,222.91642857142858,213.4635714285714,-0.08586897748023933,34.71694120153625,26.77829831440885,14.65239887619965,151.44781483726598,1777047.3727358547,-0.17716310523809356,-0.9934806577624009,0.015876711053170567,-0.005651004876270349,0.016539321654863937,1.4356283256340443,0,1,0,0,0,0
3904495.0,218.3574,218.57,218.56,219.29,217.265,1720497600000,39882,2024-07-09,215.685,216.4786,209.9948,197.0793,1,1,1,1,58.852532496638275,0.5927405420027867,0.0823596547434573,0.5103808872593294,219.8563080114402,211.5136919885598,218.19,2.0250000000000057,2.355714285714287,132083313.0,0.0,0.0,0.0016943335478661,0.0138702045739202,0.0103174528002315,5120017.45,0.7625940806119713,345012597994.2299,1775553582.0,194.31269294931923,70.30438010393472,77.58271831375465,1,7,0.0,0.0,218.19,220.93,217.99,215.56,215.57,216.97462786970502,216.38188732770223,0.5927405420027867,1,223.27142857142857,213.84857142857143,0.032994269228153454,34.827471184103125,23.11885990809013,14.001406374731827,121.05542950510286,1783668.49721452,-0.08568767456796463,-0.956620293153914,0.013588090710940026,0.03289224952741021,0.012226750648388407,1.3443425813572096,0,1,0,0,0,0
5556185.0,219.8583,220.14,219.36,220.71,219.16,1720584000000,50633,2024-07-10,215.97599999999997,216.5334,210.34420000000003,197.28585,1,1,1,1,58.74157303370791,0.7391199310517322,0.2137117100051123,0.52540822104662,220.32547256330423,211.6265274366957,218.56,2.1500000000000057,2.3814285714285717,137639498.0,0.0,0.0,0.003653639431579,0.017628502505103,0.0101982990240702,5186844.65,1.071207135536631,346231402735.8299,1781109767.0,194.39082820763056,79.03838595571875,71.86922281904604,2,7,0.0,0.0,218.56,218.19,220.93,217.99,215.56,217.3416081974427,216.60248826639096,0.7391199310517322,1,224.12285714285716,214.59714285714287,-0.01685400921984411,36.94091180655634,22.869226147909693,14.102835994086451,147.18188611670402,1804005.9240080777,-0.41667937991256015,-0.42435754577744483,0.022371364653243964,0.02725484686709767,0.012648878219924331,1.7285711252224212,0,1,0,0,0,0
9323981.0,223.0481,222.65,223.25,224.1489,221.48,1720670400000,76069,2024-07-11,216.431,216.6748,210.72010000000003,197.509,1,1,1,1,60.85287846481879,1.1556950087276905,0.4021083697496279,0.7535866389780623,221.76798870347704,211.09401129652295,219.36,4.788899999999984,2.489828571428571,146963479.0,0.0,0.0,0.0175780039426042,0.0241295472269369,0.0116910458727214,5452839.45,1.7099313276131758,348312981494.0799,1790433748.0,194.54111713609183,92.52691524296463,80.62322710087271,3,7,0.0,0.0,219.36,218.56,218.19,220.93,217.99,218.25059155168228,217.0948965429546,1.1556950087276903,1,228.22965714285715,218.27034285714285,-0.010027233658126989,36.84619708848391,21.87356558630732,15.282861299202917,209.16409973458252,1969351.8671608863,-0.4994281910081639,0.5056736726137073,0.05019286856712757,0.04249357926686903,0.03270422795818306,2.0639322478338404,0,1,0,0,0,0
5179297.0,222.8365,222.03,223.11,223.62,221.86,1720756800000,48952,2024-07-12,216.8505,216.8996,211.0878,197.73605,1,1,1,1,70.60860959920839,1.4577330894285012,0.6132333136854026,0.8444997757430986,222.89347408479156,210.8075259152085,223.25,1.759999999999991,2.336614285714284,141784182.0,0.0,0.0,-0.0006272963732898,0.0098673788077672,0.0107477792719926,5419210.15,0.9557291296407836,349468534447.7499,1795613045.0,194.62352171079817,91.36301284449443,87.64277134772595,4,7,0.0,0.0,223.25,219.36,218.56,218.19,220.93,218.99819285142348,217.54045976199498,1.4577330894285012,1,227.7832285714286,218.43677142857143,0.0401002585471677,39.2622414484748,17.51496364779477,17.34084708269753,166.9050294687751,1966103.9317521518,-0.0964009298004392,0.5272302310852847,0.03776919856737515,0.03907414307004475,0.053051399443054814,0.9180845063161371,0,1,1,0,0,0
5719339.0,224.2839,223.39,223.83,225.59,223.02,1721016000000,58513,2024-07-15,217.3935,217.1004,211.4514,197.9738,1,1,1,1,70.41832669322719,1.73519616588149,0.8376258841246201,0.8975702817568699,223.9020604358688,210.8849395641312,223.11,2.569999999999993,2.4373285714285697,147503521.0,0.0,0.0,0.0032219117682141,0.0258490306613503,0.0071714740397962,5412122.15,1.0567645817084892,350748694096.1199,1801332384.0,194.71625404149725,86.93353922907889,90.27448910551266,0,7,0.0,0.0,223.11,223.25,219.36,218.56,218.19,219.74154779735832,218.00635163147683,1.73519616588149,1,228.70465714285714,218.95534285714288,0.046291241741209244,43.413163110837615,16.79121754591059,19.82143648128103,170.12357539769656,1984560.8547049556,-0.22766298390015594,0.7683136098339511,0.04102134784428646,0.05099309761938309,0.046961972028626287,3.604418627707757,0,1,0,0,0,0
10953663.0,227.1832,225.45,228.29,228.29,225.3,1721102400000,83938,2024-07-16,218.0215,217.4036,211.8595,198.24475,1,1,1,1,79.25010651896042,2.288590927593873,1.1278188928184707,1.1607720347754025,226.09087361424687,209.95212638575313,223.83,4.4599999999999795,2.6480428571428547,158457184.0,0.0,0.0,0.0197299154099881,0.0445186676427524,0.0092594683992338,5659980.5,1.9352828159036943,353249305822.3899,1812286047.0,194.91917758079495,100.0,92.7655173578578,1,7,0.0,0.0,223.83,223.11,223.25,219.36,218.56,221.05669429007241,218.76810336247854,2.288590927593873,1,233.5860857142857,222.99391428571428,0.11903953157084436,47.241628575486544,12.541877286043702,23.36032206155778,201.52594597530276,2202821.7535120854,-0.23359096535921123,-0.11879761221147943,0.05900635524423614,0.058220924303527655,0.07113029606343546,4.807902316229412,0,1,0,0,0,0
8604511.0,227.9295,228.79,227.23,229.65,226.67,1721188800000,83335,2024-07-17,218.6525,217.689,212.2562,198.51475,1,1,1,1,82.48337028824835,2.611523109247827,1.424559736104342,1.1869633731434848,227.53169122680055,209.77330877319943,228.29,2.980000000000018,2.686642857142855,149852673.0,0.0,0.0,-0.0046540301778145,0.0358770970094819,0.0109795102678756,5896322.5,1.4593012848262623,355204508856.9199,1820890558.0,195.0718604675855,84.07894736842096,90.33749553249996,2,7,0.0,0.0,228.29,223.83,223.11,223.25,219.36,222.00643363006128,219.39491052081345,2.611523109247827,1,232.6032857142857,221.85671428571428,0.06110709666064246,50.17866161960528,7.045436416386526,26.991930801511977,175.44924895022277,2162869.1420967802,-0.15942820338440816,-0.6046278015361659,0.05413805900909252,0.058804342761287876,0.06700788880540931,3.267637941746217,0,1,0,0,0,0
5485459.0,226.7965,227.71,225.78,228.32,225.57,1721275200000,60232,2024-07-18,219.16800000000003,217.90060000000005,212.6278,198.7864,1,1,1,1,74.98842056507647,2.7191021904952493,1.6834682269825236,1.0356339635127256,228.45691042276175,209.8790895772383,227.23,2.75,2.6744999999999988,144367214.0,0.0,0.0,-0.0064016465503054,0.0113325867861142,0.0104557094364469,5927924.7,0.925359088991127,356443015789.93994,1826376017.0,195.16409133286376,74.48071216617205,86.18655317819768,3,7,0.0,0.0,227.23,228.29,223.83,223.11,223.25,222.58698230235956,219.8678801118643,2.7191021904952493,1,231.129,220.431,-0.002890895427235198,44.023448964019074,10.015223136496752,29.917191309001204,127.73419062456935,2127865.332960663,0.2765535385068515,-0.8431595290912755,0.035735584201110004,0.047848888476353935,0.049163568773234356,1.0838648507161244,0,1,0,0,0,0
8665956.0,222.0221,221.52,221.73,222.68,221.41,1721361600000,69467,2024-07-19,219.3465,218.051,212.96309999999997,199.0468,1,1,1,1,63.11475409836067,2.4493239528344475,1.8366393721529084,0.6126845806815391,228.690891563082,210.0021084369181,225.78,4.3700000000000045,2.915585714285714,135701258.0,0.0,0.0,-0.0181006483684958,-0.0061852897673794,0.013984148753629,5996696.7,1.4451216117033232,358364518213.81995,1835041973.0,195.2895484063241,47.77448071216604,68.77804674891969,4,7,0.0,0.0,225.78,227.23,228.29,223.83,223.11,222.45513887122732,220.00581491839287,2.4493239528344475,1,227.5611714285714,215.89882857142857,-0.07221633349706733,39.611986800100965,19.378610517029504,31.767063691492773,42.90598023750992,1972417.0124716912,0.2969506195390503,-0.2301928130231217,0.0036210564432173076,0.016364136413641317,0.035105737360533906,-0.44230688998537493,0,1,1,0,0,0
5334060.0,221.2923,221.58,221.8,221.92,220.4,1721620800000,48758,2024-07-22,219.6975,218.2154,213.3011,199.31,1,1,1,1,62.395543175487504,2.2156307586234334,1.9124376494470137,0.3031931091764199,228.8449652802084,210.5500347197916,221.73,1.5199999999999818,2.915942857142856,141035318.0,0.0,0.0,0.0003156494513616,-0.0090693830138944,0.0138116124426106,5816629.75,0.9170361926509076,359547612721.81995,1840376033.0,195.36638506192716,47.76973439080224,56.67497575638012,0,7,0.0,0.0,221.73,225.78,227.23,228.29,223.83,222.35434827565388,220.13871751703044,2.2156307586234334,1,227.63188571428572,215.9681142857143,0.01884310045359227,39.607135148737235,21.02970859192087,33.495977910183576,29.06775516069012,1974100.9713405862,0.15671162047634565,0.5719561571929533,0.016545212887850047,0.0326846075053544,0.03848674969566446,-0.6566486342628515,0,1,0,0,0,0
4435700.0,222.4136,222.34,222.58,222.75,221.86,1721707200000,38116,2024-07-23,220.045,218.328,213.6435,199.5772,1,1,1,1,63.55212355212357,2.069510669043609,1.9438522533663327,0.1256584156772764,229.06906956860004,211.02093043139993,221.8,0.9499999999999886,2.879542857142854,145471018.0,0.0,0.0,0.0035105126290124,-0.025012046081738,0.0082821260649017,5807068.6,0.7638449457958875,360534910827.81995,1844811733.0,195.43181798910425,42.91481631005263,46.15301047100698,1,7,0.0,0.0,221.8,221.73,225.78,227.23,228.29,222.38906392555327,220.31955325650966,2.069510669043609,1,228.33908571428572,216.8209142857143,0.03601574344345288,41.96821915136134,21.295542938041912,35.47360572002348,41.780958478317466,1989699.916336078,0.09487009207157837,0.5306913387385747,0.018393118594436375,0.03223113666929467,0.025950679880156757,-3.019999416302136,0,1,0,0,0,0
6838783.0,223.2124,223.47,221.8,224.88,221.74,1721793600000,66835,2024-07-24,220.407,218.3898,213.9684,199.84205000000003,1,1,1,1,57.855670103092784,1.8692227279877045,1.9289263482906072,-0.0597036203029026,229.0786066622771,211.73539333772288,222.58,3.1399999999999864,2.8767071428571387,138632235.0,0.0,0.0,-0.0035105126290124,-0.0238964925405975,0.0083120818471442,5956623.05,1.148097326722731,362051752897.22,1851650516.0,195.52920476556065,36.6168752523215,42.4338086510588,2,7,0.0,0.0,222.58,221.8,221.73,225.78,227.23,222.2984387062374,220.4292159782497,1.8692227279877045,1,227.5534142857143,216.04658571428573,-0.011685899150229374,40.694345459294,21.31653502111384,37.17109778663049,43.83646953520667,1965734.372531603,0.3184482550408773,0.4488564819700664,0.011123267687819016,0.03374347501864294,0.014128297745873653,-2.8749071810133646,0,1,0,0,0,0
9777054.0,218.3837,219.02,218.33,219.2607,217.52,1721880000000,85540,2024-07-25,220.6945,218.4312,214.2228,200.08519999999996,0,0,1,1,44.753833736884594,1.4141911761292365,1.8259793138583331,-0.4117881377290968,228.62290987574937,212.76609012425064,221.8,4.280000000000001,2.947421428571425,128855181.0,0.0,0.0,-0.0157683952412414,-0.0329967224732039,0.0096935125257505,6211133.35,1.5741175481283138,364186377097.04,1861427570.0,195.64896478730032,8.59911182882539,29.376934463733186,3,7,0.0,0.0,221.8,222.58,221.8,221.73,225.78,221.68790967450857,220.27371849837934,1.4141911761292363,1,224.22484285714287,212.43515714285715,-0.013980446815668056,33.561781597580094,31.031967402249485,35.27097377736684,-48.18874289513387,1812775.0516118556,0.5097176582412464,1.3671557423757323,-0.022038073908174582,0.02704864051180733,0.009571811708129152,-3.403997090381672,0,1,0,0,0,0
6328784.0,220.4221,219.96,220.63,221.04,219.7,1721966400000,57599,2024-07-26,220.97650000000004,218.482,214.469,200.32425,0,1,1,1,55.01232539030403,1.2250446192471711,1.7057923749361008,-0.4807477556889294,228.43806262736507,213.51493737263505,218.33,2.7099999999999795,2.88956428571428,135183965.0,0.0,0.0,0.0104794106452548,-0.0049609885897262,0.0097244608575076,6278680.7,1.0079799089002883,365582696710.96,1867756354.0,195.73361157520657,27.169963665724698,24.128650248957204,4,7,0.0,0.0,218.33,221.8,222.58,221.8,221.73,221.5251543399688,220.30010972072162,1.2250446192471713,1,226.40912857142857,214.85087142857142,0.004595182920123586,38.63212198610471,26.289183483844806,35.706887506238076,-12.363689034139414,1879445.702461486,0.2424394535911812,0.0969030952621713,-0.011115593205145546,0.026233778315270406,0.01164656793067076,-0.5101551192264779,0,1,1,0,0,0
4665057.0,220.1881,221.26,220.32,221.55,219.045,1722225600000,49030,2024-07-29,221.242,218.4706,214.70030000000003,200.5632,0,1,1,1,53.62438220757824,1.03816290523136,1.5722664809951528,-0.5341035757637929,228.1683481682163,214.31565183178373,220.63,2.505000000000024,2.9238499999999954,130518908.0,0.0,0.0,-0.0014060553399355,-0.006672678088368,0.0096969068968285,6314179.55,0.7388223542043558,366610502069.1999,1872421411.0,195.79486749908776,23.08326463314084,19.61744670923032,0,7,0.0,0.0,220.63,218.33,221.8,222.58,221.8,221.3397459799736,220.30158307474224,1.03816290523136,1,226.1677,214.4723,0.024588552092139795,38.17911314627266,27.22682177187445,35.45968360583324,-23.35358012578793,1872890.9833842977,0.395484182137533,0.3384922557735694,-0.01568154402895061,0.02469652574298875,-0.0025804699171533274,-0.6881236747063785,0,1,0,0,0,0
4939531.0,221.832,221.41,222.52,222.92,220.355,1722312000000,58997,2024-07-30,221.58950000000004,218.5204,214.93740000000005,200.80684999999997,1,1,1,1,56.15264797507787,1.055413267125175,1.4688958382211572,-0.4134825710959822,227.99549217837944,215.18350782162065,220.32,2.5999999999999943,2.955992857142852,135458439.0,0.0,0.0,0.0099359502267479,-0.000269565998742,0.0108566753234768,6371510.05,0.7752527989813027,367709646507.31995,1877360942.0,195.86518408952813,41.22011541632318,30.491114571729582,1,7,0.0,0.0,220.32,220.63,218.33,221.8,222.58,221.52132352151614,220.46591025439096,1.055413267125175,1,228.4319857142857,216.60801428571432,0.038171669046297964,37.64314140580193,26.930762923037523,34.96411734151401,8.996044320177672,1922214.5500146544,-0.27839057829016106,-0.45372891847641483,-0.025274869683297507,0.0322401076216543,0.011316638640185506,-0.024829493598666152,0,1,0,0,0,0
7316552.0,225.1884,223.73,226.55,226.6,223.64,1722398400000,75296,2024-07-31,222.139,218.5782,215.2035,201.0733,1,1,1,1,56.39039504260266,1.378382487786979,1.4507931681343216,-0.0724106803473425,228.2457207153038,216.03227928469616,222.52,4.079999999999984,2.9053571428571376,142774991.0,0.0,0.0,0.0179486859060546,0.0214156898106401,0.0131483455502973,6491254.05,1.1271399861479772,369367211362.9199,1884677494.0,195.9843063541777,74.44352844187968,46.24896949711458,2,7,0.0,0.0,222.52,220.32,220.63,218.33,221.8,222.2949660566675,220.91658356888053,1.378382487786979,1,232.3607142857143,220.73928571428573,0.08102234086713783,38.89194836167377,27.400122918893643,34.38102372929711,98.96244144375726,2054722.6596677187,-0.10691466687259499,-0.5573948614245745,-0.0029925626017690554,0.05098348487660043,0.012921398551372754,1.6287732506713255,0,1,0,1,0,0
7217224.0,226.0633,226.74,225.77,227.57,225.05,1722484800000,79262,2024-08-01,222.528,218.6024,215.4449,201.308,1,1,1,1,55.02645502645502,1.5534907662224668,1.4713326877519508,0.082158078470516,228.5118505469643,216.54414945303577,226.55,2.519999999999982,2.959642857142851,135557767.0,0.0,0.0,-0.0034488891632659,0.034076856135208,0.0089442204965078,6599349.6,1.0936265598052268,370996644025.3999,1891894718.0,196.09793319661875,68.01319043693324,61.225611431712046,3,8,0.0,0.0,226.55,222.52,220.32,220.63,218.33,222.82958666333406,221.2760958971116,1.5534907662224668,1,231.68928571428572,219.8507142857143,0.058697514384613535,40.51960901640652,26.897550373621936,33.08836607110792,102.22243587525017,2029874.1285708304,-0.190101651228139,-0.363142593868052,-4.4290902648569386e-05,0.03568971053718051,0.0053883149269682296,3.8099259794918106,0,1,0,0,0,0
11109387.0,225.7551,227.95,225.34,228.76,222.865,1722571200000,108791,2024-08-02,222.7485,218.6246,215.6783,201.5449,1,1,1,1,52.88498280473824,1.638678269085318,1.5048018040186244,0.1338764650666937,228.8089334567912,216.68806654320883,225.77,5.894999999999982,3.1971428571428504,124448380.0,0.0,0.0,-0.0019064092138614,0.0213479581199294,0.0093427250418407,6857291.45,1.6200838306209078,373500033291.9799,1903004105.0,196.2686429895956,64.4682605111294,68.97499312998077,4,8,0.0,0.0,225.77,226.55,222.52,220.32,220.63,223.2158040997442,221.57712583065887,1.638678269085318,1,231.7342857142857,218.9457142857143,0.01798152193788884,33.10835566731271,29.781054506304528,30.307754252727655,79.58630968269982,2008715.2659672957,0.007730700907621839,0.5510886459220227,0.016281062553556103,0.019961073643235405,0.004950274271952937,2.2849795080695596,0,1,1,0,0,0
8939011.0,221.8071,220.56,222.48,223.1,220.241,1722830400000,107951,2024-08-05,222.963,218.67199999999997,215.9052,201.76585,0,1,1,1,38.17663817663819,1.4585980702561017,1.49556105726612,-0.0369629870100183,228.6353525241189,217.29064747588112,225.34,5.0989999999999895,3.2427857142857084,115509369.0,0.0,0.0,-0.0127731628103105,0.0098039215686274,0.0120470407515662,7014701.45,1.274325224489775,375488784459.25995,1911943116.0,196.3911903638769,40.89035449299243,57.79060181368504,0,8,0.0,0.0,225.34,225.77,226.55,222.52,220.32,223.10260346901433,221.64400539875822,1.4585980702561017,1,228.9655714285714,215.99442857142859,0.07045238071262218,26.69508138357782,35.141743202462244,27.13755775160822,-29.175666436364818,1895261.9444975164,0.11606462113719732,-0.45215581846795266,0.003065825067628314,0.019661762683899298,0.010767343600926793,0.8138026286103943,0,1,0,0,0,0
14362267.0,221.143,221.5,220.7,222.14,220.11,1722916800000,112577,2024-08-06,223.07,218.7716,216.1003,201.965,0,1,1,1,37.08975879794387,1.1588930931647496,1.428227464445846,-0.2693343712810963,228.46668124137747,217.67331875862251,222.48,2.369999999999976,3.1992142857142767,101147102.0,0.0,0.0,-0.0080328966630187,-0.0081790400862844,0.0117460214454678,7537590.05,1.9054189607990155,378658536786.16,1926305383.0,196.5724334925767,28.291814946619073,44.55014331691365,1,8,0.0,0.0,222.48,225.34,225.77,226.55,222.52,222.73297216608904,221.5740790729243,1.1588930931647496,1,227.09842857142854,214.30157142857144,0.01844680393534264,24.022192943798203,35.912835732900355,23.170646330434636,-63.733749197378664,1780353.479646743,0.4452847571556191,-0.547946819406885,-0.008446401293916939,0.009791361639824192,0.023085481179306422,-0.6963237008394251,0,1,0,0,0,0
5287817.0,221.2549,221.94,220.55,222.31,220.35,1723003200000,57757,2024-08-07,223.1295,218.8642,216.3023,202.1523,0,1,1,1,39.09962484368491,0.8989089305642324,1.3223637576695233,-0.4234548271052909,228.37816489289207,217.8808351071079,220.7,1.960000000000008,3.1427857142857056,95859285.0,0.0,0.0,-0.0006798867117418,-0.0264842198190244,0.0049895419013141,7524171.65,0.7027772950926764,379824764825.50995,1931593200.0,196.63807308159397,26.957295373665534,32.04648827109236,2,8,0.0,0.0,220.7,222.48,225.34,225.77,226.55,222.39713029438303,221.4982213638188,0.8989089305642324,1,226.83557142857143,214.2644285714286,0.01790595147393395,24.839882718961853,34.057592210264474,19.793311043144104,-64.48637776889777,1776759.584993368,0.35295241196523325,-0.5574958443797691,-0.005635707844905302,0.005424872355944466,0.02144312708410534,-5.307935530653412,0,1,0,0,0,0
6327054.0,223.6005,222.73,224.01,224.25,222.515,1723089600000,61858,2024-08-08,223.1675,218.9806,216.5453,202.3544,1,1,1,1,54.87179487179487,0.9609850546742108,1.250088017070461,-0.28910296239625,228.43082244479453,217.9041775552055,220.55,3.6999999999999886,3.0949285714285617,102186339.0,0.0,0.0,0.0155662671647712,-0.0077955441378394,0.0107451954501092,7374325.3,0.857984119577692,381242088192.0499,1937920254.0,196.7274388123764,57.7402135231316,37.663107947805415,3,8,0.0,0.0,220.55,220.7,222.48,225.34,225.77,222.64526409524717,221.68427904057296,0.9609850546742109,1,230.19985714285713,217.82014285714286,0.02866657281071059,29.701354744004902,24.983267551759088,17.9596316959954,13.285708115873891,1876018.7409217285,0.19417846145494744,-1.1943281701151574,0.026015664361287882,0.0034042553191488967,0.026673999725010278,-0.7254904686592266,0,1,0,0,0,0
4441017.0,224.6144,224.82,224.56,225.28,223.82,1723176000000,47532,2024-08-09,223.24,219.1486,216.7906,202.56235,1,1,1,1,55.7788944723618,1.0425434418866075,1.2085791020336902,-0.1660356601470827,228.53980734505697,217.94019265494305,224.01,1.460000000000008,3.0906428571428495,106627356.0,0.0,0.0,0.0024522383379071,-0.0034614360521878,0.0108864695867392,7337411.3,0.605256652301882,382239362969.56995,1942361271.0,196.79107521165665,62.633451957295414,49.11032028469753,4,8,0.0,0.0,224.01,220.55,220.7,222.48,225.34,222.93983884982453,221.89729540793792,1.0425434418866075,1,230.7412857142857,218.3787142857143,0.014385928905554702,32.12299798189863,22.683676529921318,17.00147090390073,39.312082647766985,1886922.5369576204,0.451208664171124,-0.6202567719469195,0.01781262747586454,0.00649903634978255,0.03886010362694292,-0.3179573364013991,0,1,1,0,0,0
5561259.0,227.5577,226.14,228.41,228.535,225.965,1723435200000,66645,2024-08-12,223.469,219.3854,217.0767,202.78965,1,1,1,1,60.81632653061222,1.4016841333847765,1.2472001083039077,0.154484025080869,229.25009040889103,217.68790959110893,224.56,3.9749999999999943,3.3067142857142784,112188615.0,0.0,0.0,0.0169993276069154,0.0266540812657318,0.0107691437894024,7329507.3,0.7587493636850597,383509610137.75995,1947922530.0,196.8813462708704,96.88612099644132,72.41992882562279,0,8,0.0,0.0,224.56,224.01,220.55,220.7,222.48,223.78140210369767,222.3797179703129,1.4016841333847765,1,235.02342857142855,221.79657142857144,0.06307069639554667,35.262236999338526,21.201451587419264,16.446141401816053,116.7540291522378,1982268.311583555,0.079875649911604,-1.4057313874744704,0.0367193173565723,0.020461957735781633,0.054670545320219865,2.475039523714601,0,1,0,0,0,0
6659238.0,228.0803,228.07,228.06,228.87,227.59,1723521600000,56452,2024-08-13,223.4575,219.6406,217.3355,203.01135,1,1,1,1,61.8024132730015,1.6391683317564798,1.325593752994422,0.3135745787620578,229.19899027050457,217.71600972949545,228.41,1.2800000000000011,3.1738571428571367,105529377.0,0.0,0.0,-0.0015335074313301,0.0333484367920253,0.0090123100978504,7114786.05,0.9359716445725028,385028315956.04,1954581768.0,196.9875715918578,92.86343612334798,84.12766969236158,1,8,0.0,0.0,228.41,224.56,224.01,220.55,220.7,224.43964793389804,222.80047960214156,1.6391683317564798,1,234.40771428571426,221.71228571428574,-0.024434891480715402,32.69860916579679,22.08894089614062,15.597288475884541,127.83057038621266,1972064.1467046095,0.4405692721762355,-1.1070363103791883,0.024896638504404045,-0.0010074904726443679,0.059266140269391476,3.7003165034028807,0,1,0,0,0,0
5462495.0,226.3335,226.55,226.2,227.48,225.35,1723608000000,62758,2024-08-14,223.406,219.82019999999997,217.5778,203.2223,1,1,1,1,65.79686872741865,1.6581754007740983,1.3921100825503574,0.2660653182237409,229.02212115628643,217.7898788437136,228.06,2.710000000000008,3.06171428571428,100066882.0,0.0,0.0,-0.0081891885471923,0.0256177737474494,0.0109401205089985,6957685.25,0.7851023442027648,386263932325.04,1960044263.0,197.06898441866463,72.82442748091592,87.5246615335684,2,8,0.0,0.0,228.06,228.41,224.56,224.01,220.55,224.71047132868296,223.05229592790886,1.6581754007740983,1,232.32342857142854,220.07657142857144,0.0056833780899000624,33.89627658783683,18.27874206367149,17.45560801189845,82.98389632461196,1927513.4113718022,0.891052656112378,0.0933524873048311,-0.0015449128227765785,-0.0045328521762091345,0.04134057637418276,2.3416332854876103,0,1,0,0,0,0
5273310.0,226.806,226.51,226.91,227.5,225.12,1723694400000,56189,2024-08-15,223.4625,220.05300000000005,217.8434,203.4261,1,1,1,1,63.4648370497427,1.7108085699386493,1.455849780028016,0.2549587899106333,229.20059385184783,217.72440614815216,226.2,2.3799999999999955,3.0381428571428524,105340192.0,0.0,0.0,0.0031338994111584,0.0129458506316681,0.0092349367128891,6947077.8,0.7590687986825194,387460499097.1399,1965317573.0,197.14905337445936,80.05089058524169,81.91291806316853,3,8,0.0,0.0,226.2,228.06,228.41,224.56,224.01,225.04886035503944,223.3380517851008,1.7108085699386493,1,232.9862857142857,220.83371428571428,0.05827885424072821,29.97601917760478,18.961301542539804,17.705297510473045,87.82840169615436,1944065.3569951442,0.6537620933590926,-0.19416956162247193,0.005049386543827694,0.005004871999291227,0.05407163097505441,1.4018327375511261,0,1,0,0,0,0
11774536.0,230.7572,229.99,231.99,232.02,229.005,1723780800000,106752,2024-08-16,223.9755,220.33640000000003,218.1534,203.66054999999997,1,1,1,1,70.77251690993236,2.137791154669401,1.592238054956293,0.545553099713108,230.79421256562512,217.1567874343749,226.91,5.110000000000014,3.22421428571428,117114728.0,0.0,0.0,0.0221408041958753,0.0330869255432846,0.0127132828571947,7102506.8,1.6578000319549149,390192073703.78,1977092109.0,197.3565479967125,99.74811083123424,84.20780963246396,4,8,0.0,0.0,226.91,226.2,228.06,228.41,224.56,226.11672799272569,223.97893683805628,2.137791154669401,1,238.43842857142857,225.54157142857144,0.16850692510930165,38.25959812174412,16.415959587847343,19.362888533094274,176.6794415802956,2207670.4994745417,0.44726069138416263,-1.032200397754876,0.0295109612141653,0.046272493573264795,0.06505371407584248,2.60254569095056,0,1,1,0,0,0
5139817.0,231.0629,230.15,231.61,231.78,229.74,1724040000000,61722,2024-08-19,224.466,220.58,218.4531,203.89815,1,1,1,1,67.30110392082224,2.4176459870975293,1.7573196413845402,0.6603263457129891,231.9996645168612,216.93233548313876,231.99,2.25,3.1992142857142807,111974911.0,0.0,0.0,-0.0016393446294331,0.0140098944879822,0.0115480085137181,7092794.65,0.7246532930429616,391382506719.1499,1982231926.0,197.44536529029244,96.55751469353488,92.11883870333696,0,8,0.0,0.0,231.99,226.91,226.2,228.06,228.41,226.96184676307558,224.54420077597806,2.4176459870975293,1,238.00842857142857,225.21157142857146,0.1672667378157589,35.499787886423185,16.544240769710385,20.779517518709973,152.3588301268776,2199251.4708095132,0.6561662983883668,-0.896196425699579,0.041037396619920896,0.044229035166816866,0.05550745112336508,1.2131860086074155,0,1,0,0,0,0
9073611.0,232.7171,233.71,232.46,234.01,231.13,1724126400000,73366,2024-08-20,224.96,220.9972,218.74670000000003,204.14289999999997,1,1,1,1,62.797747942832395,2.6771602177794307,1.9412877566635185,0.7358724611159122,233.23243743116944,216.68756256883051,231.61,2.8799999999999955,3.1134999999999957,121048522.0,0.0,0.0,0.0036632445559412,0.0192931684644392,0.011293496007519,7324690.2,1.2387706172200976,393491758332.2099,1991305537.0,197.6049134704987,88.84892086330946,95.05151546269286,1,8,0.0,0.0,231.61,231.99,226.91,226.2,228.06,227.8077164918332,225.13055627405376,2.6771602177794307,1,238.687,226.233,0.13852795083540206,33.15056550204176,16.99970175571827,21.84164590393454,158.91511728018529,2232551.2823461476,0.6581507030770005,-0.6749699041602268,0.05328500226551891,0.04438853445952007,0.09858223062381866,1.7083418073709065,0,1,0,0,0,0
5301388.0,231.7775,231.69,232.15,232.87,230.48,1724212800000,58066,2024-08-21,225.4775,221.3694,219.011,204.38305,1,1,1,1,64.10256410256409,2.825245039905951,2.118079213312005,0.707165826593946,234.20027327942165,216.7547267205784,232.46,2.390000000000015,3.104214285714284,115747134.0,0.0,0.0,-0.0013344527496311,0.0263041556145005,0.0097864279285792,7247820.45,0.7314458238269409,394722475556.41,1996606925.0,197.6966375374111,86.6187050359713,90.67504686427188,2,8,0.0,0.0,232.46,231.61,231.99,226.91,226.2,228.47576010847425,225.6505150685683,2.825245039905951,1,238.35842857142856,225.94157142857145,0.19990948444385415,31.017740852063444,18.546215969408834,22.195707550312072,127.142708398317,2225481.5487145553,0.6628179578207136,-0.7010622824691356,0.05259578326909997,0.04666366095581598,0.08714994848740298,2.6878171410748783,0,1,0,0,0,0
5765369.0,229.3543,230.35,229.37,230.38,228.26,1724299200000,62275,2024-08-22,226.0295,221.6738,219.2265,204.60595,1,1,1,1,58.069683620344414,2.687303005504731,2.2319239717505504,0.4553790337541805,234.2294087928164,217.82959120718365,232.15,3.890000000000015,2.9610000000000007,109981765.0,0.0,0.0,-0.0120472942598064,0.0108413027191398,0.0125497574900295,7047236.2,0.8181035566822635,396044878243.94,2002372294.0,197.78783367641824,66.61870503597126,80.69544364508401,3,8,0.0,0.0,232.15,232.46,231.61,231.99,226.91,228.6133354764013,225.92603247089656,2.687303005504731,1,235.292,223.448,0.21233893442650142,32.51797171985386,19.527669219007166,23.600616556594392,72.50306793649636,2156441.1618095366,0.8084488150650503,0.43760908333704,0.023927503236462755,0.0505656574909541,0.0710716787298622,0.8638648267988204,0,1,0,0,0,0
5412571.0,231.9159,231.04,232.02,232.73,230.5199,1724385600000,64471,2024-08-23,226.599,222.0198,219.43780000000004,204.8493,1,1,1,1,69.26494345718906,2.760000237748727,2.3375392249501856,0.4224610127985415,234.80205180694043,218.39594819305952,229.37,3.359999999999985,2.8367857142857145,115394336.0,0.0,0.0,0.0114871546411363,0.0001293159187896,0.0085874363501936,7001425.55,0.7730669934782067,397300702967.36,2007784865.0,197.8801164871616,85.68345323741018,79.64028776978425,4,8,0.0,0.0,229.37,232.15,232.46,231.61,231.99,229.1374377108011,226.37743747305237,2.760000237748727,1,237.69357142857143,226.3464285714286,0.21000776251145764,39.858995331774175,13.775651513590427,26.09861094046144,110.76942955324184,2218974.6803603494,0.49214919308272453,-0.4531614865761604,0.03322052012825094,0.05162489235371437,0.08057004470938911,0.015058716353632257,0,1,1,0,0,0
3151384.0,232.746,233.45,232.76,233.5,232.06,1724644800000,43653,2024-08-26,227.221,222.4156,219.638,205.10015,1,1,1,1,75.4215851602024,2.8445351036065745,2.4389384006814634,0.4055967029251111,235.30506073051885,219.13693926948116,232.02,1.4799999999999898,2.7732142857142867,118545720.0,0.0,0.0,0.0031843049412083,0.0049652432969213,0.0086244650072329,6925741.9,0.4550247533769631,398034219107.2,2010936249.0,197.9347775470927,90.84919472913616,81.0504510008392,0,8,0.0,0.0,232.02,229.37,232.15,232.46,231.61,229.69475498606246,226.8502198824559,2.8445351036065745,1,238.30642857142857,227.2135714285714,0.2110657084933738,42.75595620276734,13.754024465227555,28.347365633034137,116.53926561677332,2229025.642173986,0.8268397633376414,1.3168533339561515,0.019044700319600594,0.056463326071169107,0.09292388599333234,0.5757154253165797,0,1,0,0,0,0
4435606.0,232.8065,231.69,233.39,233.47,231.5701,1724731200000,53149,2024-08-27,227.7645,222.7688,219.8567,205.36325,1,1,1,1,76.52892561983467,2.9286061796649108,2.5368719564781532,0.3917342231867575,235.97837138673808,219.55062861326192,232.76,1.8999000000000024,2.768921428571429,122981326.0,0.0,0.0,0.0027029942446606,0.0040006882904584,0.0085605259647379,6900545.65,0.6427906175796402,399069445191.54,2015371855.0,198.01281049027057,94.6063505872118,90.37966618458604,1,8,0.0,0.0,232.76,232.02,229.37,232.15,232.46,230.26325421897593,227.33464803931102,2.9286061796649108,1,238.92784285714285,227.85215714285712,0.2166412558058549,42.383702771738434,15.03912043755071,30.630885517890174,105.1440326057217,2241031.2779361443,0.6866341524920487,1.2763985998017375,0.02337104270805912,0.04884954161423671,0.08186158624206175,0.46734086591515067,0,1,0,0,0,0
4961482.0,231.5278,232.0,231.75,232.02,230.73,1724817600000,46764,2024-08-28,228.02450000000005,223.11160000000004,220.0228,205.61455,1,1,1,1,67.29222520107241,2.830273191623263,2.595552203507175,0.2347209881160878,236.4040326461803,219.6449673538198,233.39,2.6599999999999966,2.694635714285716,118019844.0,0.0,0.0,-0.0070516695871653,-0.0017230239069567,0.0092691592604423,6782792.15,0.7314807663684637,400219268645.04,2020333337.0,198.09566140176008,77.82139352306191,87.75897961313665,2,8,0.0,0.0,233.39,232.76,232.02,229.37,232.15,230.49198433913347,227.6617111475102,2.830273191623263,1,237.13927142857142,226.36072857142858,0.1895537140717396,38.4096445481871,17.680630030117904,32.654364681729895,71.0264936263168,2206167.614197338,0.7262945735501226,1.4194149704248034,0.024535809018567667,0.022952990509821136,0.07986580308466507,-0.18588763011481374,0,1,0,0,0,0
5524161.0,232.9855,231.95,232.95,233.61,231.92,1724904000000,55994,2024-08-29,228.3835,223.4612,220.1875,205.88175000000004,1,1,1,1,68.21537125488493,2.8167043469567545,2.6397826321970914,0.1769217147596631,236.9690307287736,219.7979692712264,231.75,1.8600000000000136,2.7232071428571447,123544005.0,0.0,0.0,0.0051646338168411,0.0156079696560142,0.0066676112741142,6698139.0,0.8247307199805797,401506121949.99005,2025857498.0,198.19070312022015,88.07649043869512,86.83474484965627,3,8,0.0,0.0,231.75,233.39,232.76,232.02,229.37,230.8701405946514,228.05343624769463,2.8167043469567545,1,238.3964142857143,227.5035857142857,0.22406668907891825,39.47551336804149,17.495127851484195,34.1800083018921,87.05022429008243,2234771.6841002502,0.6404491103592682,1.2359683197367894,0.026618483099025925,0.0318022766532311,0.08112498259618506,2.340860258006741,0,1,0,0,0,0
5742963.0,231.4966,232.53,231.29,232.86,230.5501,1724990400000,57250,2024-08-30,228.681,223.7238,220.3237,206.13565,1,1,1,1,56.909788867562376,2.6415526384920156,2.6401366334560765,0.001416005035939,237.2347751591717,220.12722484082823,232.95,2.3999000000000024,2.6107000000000022,117801042.0,0.0,0.0,-0.007151503855398,-0.0031462804930609,0.0059792015856154,6429817.8,0.8931766309147983,402834411862.2601,2031600461.0,198.28426877988392,69.40382452193472,78.43390282789726,4,8,0.0,0.0,232.95,231.75,233.39,232.76,232.02,230.9347343493204,228.29318171082838,2.6415526384920156,1,236.5114,226.06859999999998,0.23121700157075006,32.27103840998556,21.997110785285553,33.75353914181934,57.62474135472002,2193847.371672691,-0.12988644762045382,-0.30435134619943327,-0.0030173714384241768,0.026404544244253092,0.06018518518518512,-0.5262032373348559,0,1,1,0,0,0
6417918.0,229.7139,230.38,230.29,230.54,228.52,1725336000000,72332,2024-09-03,229.0715,224.034,220.4705,206.37649999999996,1,1,1,1,55.18845974872031,2.3944502727320014,2.590999361311262,-0.1965490885792604,237.13219417149008,221.01080582850992,231.29,2.769999999999982,2.717128571428572,111383124.0,0.0,0.0,-0.0043329501474829,-0.0106117889671765,0.0057197196024174,6303763.15,1.0181090004944109,404312394198.48,2038018379.0,198.3850579389108,58.15523059617543,71.87851518560177,1,9,0.0,0.0,231.29,232.95,231.75,233.39,232.76,230.83554444942496,228.44109417669296,2.3944502727320014,1,235.72425714285714,224.85574285714284,0.23399505420759875,30.12634135034193,26.472273769454,32.83146769217443,18.677062271776773,2166099.0124699585,-0.006094872588305325,-0.5413756651788673,-0.0056992357842926555,0.035104279036317854,0.07221342769345362,-1.8552955654916816,0,1,0,0,0,0
4695980.0,230.396,229.79,230.43,231.06,229.375,1725422400000,54343,2024-09-04,229.55800000000005,224.33,220.5768,206.62045,1,1,1,1,60.698027314112345,2.184732461692306,2.509745981387471,-0.3250135196951649,236.6016252627524,222.5143747372477,230.29,1.6850000000000025,2.643914285714286,116079104.0,0.0,0.0,0.0006077444187754,-0.0126826342174042,0.0053409892573138,5820448.8,0.8068072001595479,405394488869.88007,2042714359.0,198.45872580459013,59.730033745781896,62.42969628796402,2,9,0.0,0.0,230.29,231.29,232.95,231.75,233.39,230.77315299566726,228.58842053397495,2.184732461692306,1,235.71782857142858,225.14217142857143,0.315260836176537,32.3654321967523,21.153700676174427,32.189756414801074,22.777343341031095,2168953.8355191574,0.12772619024788787,-0.24761495821507903,-0.008732685193151513,0.04408699592206622,0.06863608959792233,-2.3745807865516912,0,1,0,0,0,0
4822112.0,232.2442,232.72,232.35,232.89,231.33,1725508800000,57541,2024-09-05,230.148,224.68580000000003,220.7314,206.86375,1,1,1,1,62.96472831267876,2.1486887925108817,2.4375345436121534,-0.2888457511012716,235.86683904302063,224.42916095697936,230.43,2.4599999999999795,2.649628571428571,120901216.0,0.0,0.0,0.008297726852287,0.002588996763754,0.0064124178888198,5797163.55,0.8318054093885277,406514906593.0801,2047536471.0,198.53854246344216,71.13043478260876,63.00523304152204,3,9,0.0,0.0,230.43,230.29,231.29,232.95,231.75,231.0157448424877,228.8670560499768,2.1486887925108817,1,237.64925714285712,227.05074285714286,0.3656235345897261,37.228937738651,20.48804683662182,32.653851480201766,65.46119873184985,2209132.870540639,-0.13053218610544817,-0.9652728174892761,0.0008615119534782778,0.053502607118567136,0.08291387024608499,0.40374672567748776,0,1,0,0,0,0
6315824.0,231.0245,231.83,230.63,232.76,229.62,1725595200000,84157,2024-09-06,230.479,225.0468,220.8282,207.09855,1,1,1,1,46.14074914869461,1.958754991385689,2.341778633166861,-0.3830236417811719,235.4146998117345,225.54330018826548,232.35,3.1399999999999864,2.508914285714283,114585392.0,0.0,0.0,-0.007430160754406,-0.0099592187164627,0.0066013405217958,5796602.05,1.089573502807563,407971525082.2001,2053852295.0,198.6372272608825,41.217391304347906,57.35928661091287,4,9,0.0,0.0,232.35,230.43,230.29,231.29,232.95,230.95639948210496,228.99764449071927,1.958754991385689,1,235.64782857142856,225.61217142857143,0.3067502342086486,26.448549165703852,26.50548899167956,29.80786214129431,24.859454948542197,2162379.1916940715,0.1681137913647809,-1.2995600701290486,0.005493307756027299,0.029552252131601398,0.08490921065010815,-1.5086638231949911,0,1,1,0,0,0
3538906.0,231.1458,231.26,231.6,231.62,230.39,1725854400000,45551,2024-09-09,230.831,225.379,220.932,207.3397,1,1,1,1,49.97254255903344,1.865003380915681,2.246423582716625,-0.3814202018009438,234.92102329165647,226.7409767083435,230.63,1.2300000000000182,2.4360571428571416,118124298.0,0.0,0.0,0.0041970509222589,0.0013403087033594,0.0063336364344095,5751496.5,0.6153017740687141,408791135711.8001,2057391201.0,198.69392632432087,58.08695652173919,56.811594202898625,0,9,0.0,0.0,230.63,232.35,230.43,230.29,231.29,231.0554149463965,229.19041156548082,1.865003380915681,1,236.47211428571427,226.72788571428572,0.3383916212566396,27.23956744292897,27.298210214603767,27.213961460334495,24.635279019561317,2177263.37337035,-0.14509571878878094,-1.6496363653030417,-0.001810188776829702,0.03135019593872457,0.07725940741429826,0.2116172282806563,0,1,0,0,0,0
4378349.0,232.2523,232.39,232.62,232.74,231.12,1725940800000,48447,2024-09-10,231.0415,225.73120000000003,221.0623,207.57605,1,1,1,1,50.43525571273122,1.8516651860356037,2.1674719033804206,-0.3158067173448171,235.03919552037928,227.0438044796207,231.6,1.6200000000000043,2.346057142857142,122502647.0,0.0,0.0,0.0043944752120527,0.0101176777107125,0.0059390092151797,5692351.0,0.7691635670393481,409809627256.18005,2061769550.0,198.76597132602916,81.49532710280364,60.266558309630256,1,9,0.0,0.0,231.6,230.63,232.35,230.43,230.29,231.29612033925858,229.44445515322298,1.8516651860356035,1,237.3121142857143,227.9278857142857,0.33057157500817297,24.905007786649662,28.345430622702715,25.375096762997366,60.81827354246484,2196546.257567242,-0.17663296864632122,-1.7358081524654305,-0.0006014779171678031,0.018431767435751478,0.0819031672945445,1.703594035333722,0,1,0,0,0,0
4637312.0,232.1095,231.72,232.25,232.87,231.09,1726027200000,50151,2024-09-11,231.25100000000003,226.0648,221.1814,207.8145,1,1,1,1,50.27114967462037,1.790597766274459,2.092097075959229,-0.3014993096847695,235.02363777607263,227.47836222392743,232.62,1.7800000000000011,2.3024857142857127,117865335.0,0.0,0.0,-0.0015918432169448,0.0078982771340536,0.0061469799901783,5591254.7,0.8293866491183097,410886642968.18005,2066406862.0,198.84111426657665,74.5794392523363,71.38724095895972,2,9,0.0,0.0,232.62,231.6,230.63,232.35,230.43,231.44287105629573,229.65227329002127,1.790597766274459,1,236.85497142857142,227.64502857142858,0.3649473685566587,25.77959223392746,26.865375300338343,23.725094961661604,53.83586255677839,2189170.2561916076,0.07599281496618368,-1.6521348259487472,-0.004884528043189507,0.018372358151363732,0.07737625829197015,1.284901577304261,0,1,0,0,0,0
9944986.0,235.6416,234.63,236.33,236.45,234.42,1726113600000,94523,2024-09-12,231.7575,226.4802,221.3344,208.06855,1,1,1,1,67.62917933130703,2.047817334652194,2.0832411276978218,-0.0354237930456275,235.39237710644025,228.1226228935598,232.25,4.199999999999989,2.324628571428568,127810321.0,0.0,0.0,0.0174147556982468,0.0171293307510222,0.0092229127670344,5815379.25,1.7101182179992818,413236941509.56006,2076351848.0,199.02067268011507,98.48675914249716,84.8538418325457,3,9,0.0,0.0,232.25,232.62,231.6,230.63,232.35,232.19473704763485,230.14691971298265,2.047817334652194,1,240.97925714285714,231.6807428571429,0.43576053194508696,36.53425430897279,19.788107464237594,24.066040309352328,239.43227332578164,2363876.5764499493,0.6626105793328075,0.4789497529318406,0.019762675296655985,0.04478337754199835,0.09635368342920758,1.8572562281718077,0,1,0,0,0,0
7455078.0,238.4168,238.13,238.68,238.98,237.7575,1726200000000,70935,2024-09-13,232.346,226.894,221.5655,208.3281,1,1,1,1,67.12962962962965,2.4134700752939864,2.149286917217055,0.2641831580769316,236.45644062178724,228.23555937821277,236.33,2.6499999999999773,2.2739142857142816,135265399.0,0.0,0.0,0.0098946092616862,0.0349043923166978,0.0071626717934443,5924467.65,1.2583540733824412,415016319526.6,2083806926.0,199.16255884764252,97.13193116634817,90.06604318706054,4,9,0.0,0.0,236.33,232.25,232.62,231.6,230.63,233.1924698095372,230.7789997342432,2.4134700752939864,1,243.22782857142857,234.13217142857144,0.43733538958907714,37.914483509268365,20.2294344490214,22.764931145987678,333.66186370017994,2438007.805240199,0.4821501229284135,-0.34314828245878964,0.024597553122987836,0.05187078577409543,0.09491261067021428,4.873089901696361,0,1,1,0,0,0
4713541.0,238.5886,238.73,238.66,239.278,238.05,1726459200000,45794,2024-09-16,232.6795,227.2486,221.8017,208.5751,1,1,1,1,65.75854700854703,2.6708507686709595,2.253599687507836,0.4172510811631236,237.658827686596,227.70017231340404,238.68,1.2279999999999802,2.255914285714281,130551858.0,0.0,0.0,-8.379771237156335e-05,0.0304835924006907,0.0077892691857589,5571417.9,0.8460217999443194,416141253221.66,2088520467.0,199.25169985018871,94.25543781372006,96.62470937418846,0,9,0.0,0.0,238.68,236.33,232.25,232.62,231.6,234.03362830037761,231.36277753170666,2.6708507686709595,1,243.17182857142856,234.14817142857143,0.3612066451997696,36.72251984095063,20.390845643707735,21.14160266382182,250.3602224418016,2437612.837836143,0.5637594155032741,0.2057147110887167,0.031864758528254544,0.028751239277555074,0.08025166342280365,3.913531878074636,0,1,0,0,0,0
5131119.0,237.5023,238.08,237.34,238.6,236.61,1726545600000,60529,2024-09-17,232.96600000000004,227.63160000000005,222.0287,208.8141,1,1,1,1,60.17516743946424,2.7367661179700633,2.3502329736002814,0.3865331443697819,238.33069707782437,227.6013029221757,238.66,2.049999999999983,2.2666357142857083,125420739.0,0.0,0.0,-0.0055462327045166,0.0202906026996818,0.0094044833857636,5570983.0,0.9210437368055152,417359073005.12006,2093651586.0,199.3450466142269,81.98549916341335,91.12428938116052,1,9,0.0,0.0,238.66,238.68,236.33,232.25,232.62,234.5423008695503,231.80553475158024,2.7367661179700633,1,241.87327142857143,232.80672857142858,0.3105278108711218,36.54881840722131,23.28844825928662,19.32310344520732,163.60338908926684,2409233.2305286764,0.513626975835952,0.08978282054337987,0.030613574189066073,0.02473986442726983,0.08776754205050641,2.1575434068992436,0,1,0,0,0,0
11081114.0,237.6954,238.19,235.51,240.2896,235.3,1726632000000,123286,2024-09-18,233.1185,227.9706,222.2246,209.0479,1,1,1,1,59.59183673469384,2.6112380740537446,2.402433993690974,0.2088040803627704,238.59487327165533,227.64212672834464,237.34,4.989599999999996,2.433035714285708,114339625.0,0.0,0.0,-0.0077403368370311,0.014036598493003,0.0106418796587041,5671358.15,1.9538730771217472,419968786163.2601,2104732700.0,199.5354498760152,59.390293637846504,78.54374353832664,2,9,0.0,0.0,237.34,238.66,238.68,236.33,232.25,234.69117765885025,232.0799395847965,2.6112380740537446,1,240.3760714285714,230.64392857142857,0.22167235086368353,39.00946787845603,19.22935779251982,19.109336602598354,119.85922836183722,2323792.7711876454,0.46336613971895796,-0.47032552774030584,0.02204574057197406,0.013120536866557675,0.07755307467057104,1.318994928830364,0,1,0,0,0,0
5882226.0,238.7802,238.24,239.17,239.515,237.39,1726718400000,59833,2024-09-19,233.4695,228.3668,222.4501,209.2837,1,1,1,1,64.09791477787849,2.7750980046143923,2.476966795875658,0.2981312087387344,239.5509523023072,227.38804769769277,235.51,4.0049999999999955,2.5862499999999926,120221851.0,0.0,0.0,0.0154212207508114,0.0120170947404052,0.0099732023368041,5700400.05,1.0318970508043557,421375638155.68005,2110614926.0,199.6459102818266,90.48735725937992,77.28771668687993,3,9,0.0,0.0,235.51,237.34,238.66,238.68,236.33,235.38022724979635,232.60512924518196,2.7750980046143923,1,244.34249999999997,233.9975,0.23690137514408452,32.30711868195626,18.090174682568485,18.368464106471702,137.02608217561277,2415206.9241323187,0.4386185697397813,-1.0774174116669673,0.029352270281902237,0.030239069567090215,0.09030816921954754,1.2049372192807497,0,1,0,0,0,0
7728416.0,241.8443,241.11,242.21,242.625,240.47,1726804800000,75678,2024-09-20,234.1115,228.746,222.7104,209.55545,1,1,1,1,73.29351535836176,3.114360366112209,2.604445509922968,0.5099148561892406,241.02481979054127,227.19818020945868,239.17,3.4550000000000125,2.661614285714279,127950267.0,0.0,0.0,0.0126305223074617,0.0147896765543824,0.0105465174076891,5798552.4,1.3328181702729804,423247537795.04,2118343342.0,199.8011981360102,97.05778092874873,82.31181060865839,4,9,0.0,0.0,239.17,235.51,237.34,238.66,238.68,236.43096151905846,233.31660115294625,3.1143603661122086,1,247.53322857142857,236.88677142857145,0.2715204500698119,39.73850454886721,13.90160643274982,20.456702743312487,173.15902858346644,2513439.9158954998,0.032334745076801195,-1.3270017284826296,0.05021029354377138,0.05597942189475513,0.08492721164613659,1.4023266600151032,0,1,1,0,0,0
5426166.0,242.8849,242.97,242.68,243.46,242.585,1727064000000,57323,2024-09-23,234.6445,229.1374,223.0185,209.83309999999997,1,1,1,1,77.04059362723697,3.3821658018599123,2.759989568310357,0.6221762335495553,242.46329644796504,226.82570355203495,242.21,1.25,2.553042857142852,133376433.0,0.0,0.0,0.0019385846158618,0.0168440459230705,0.0104399791418656,5799232.15,0.9356697334491084,424564359759.92,2123769508.0,199.91075216054944,94.46219382321618,94.00244400378163,0,9,0.0,0.0,242.21,239.17,235.51,237.34,238.66,237.39235205458792,234.010186252728,3.3821658018599123,1,247.78608571428572,237.5739142857143,0.21818087185063537,43.76458342600591,8.813013040793649,24.743849770625665,162.01086362821857,2523969.2004832537,0.12287449656417303,-1.3789193481184425,0.04784110535405883,0.045944315145246106,0.08771458025189371,1.6134160384826333,0,1,0,0,0,0
8386348.0,244.8228,243.39,246.07,246.19,243.15,1727150400000,72151,2024-09-24,235.31,229.5822,223.3413,210.12425,1,1,1,1,79.89296636085622,3.82386902585759,2.972765459819804,0.8511035660377861,244.5838159976284,226.0361840023716,242.68,3.509999999999991,2.683399999999994,141762781.0,0.0,0.0,0.0138723452263116,0.0367826746439705,0.0099057104415888,6060980.35,1.3836619681500866,426627988412.28,2132155856.0,200.09230901752616,99.2757996378998,96.93192479662156,1,9,0.0,0.0,242.68,242.21,239.17,235.51,237.34,238.72737481542055,234.90350578956296,3.82386902585759,1,251.43679999999998,240.7032,0.27320198183950556,47.521268314313154,8.384884845349514,28.247756782671196,168.58825201243408,2641118.2021315144,-0.1438604964552612,-1.7487879280375072,0.05781961998108498,0.057183364839319406,0.09936112228030192,3.7132760671843523,0,1,0,0,0,0
7393448.0,245.758,246.19,245.73,246.47,244.79,1727236800000,65157,2024-09-25,235.927,229.931,223.6673,210.41215,1,1,1,1,77.21724979658254,4.099233443224904,3.198059056500824,0.9011743867240796,246.2460536081752,225.6079463918248,246.07,1.6800000000000068,2.62768571428571,134369333.0,0.0,0.0,-0.0013826761047884,0.0433951849178377,0.0076574470819964,6208872.45,1.1907875479065446,428444780389.32,2139549304.0,200.2500150794936,95.6083086053412,96.44876735548571,2,9,0.0,0.0,246.07,242.68,242.21,239.17,235.51,239.8047017668943,235.7054683236694,4.099233443224904,1,250.9853714285714,240.47462857142858,0.24107072474309063,44.315475854821976,8.562667853145472,31.005502925131395,150.77217099786955,2630902.522365594,-0.14760673627035623,-1.7356314748288761,0.05804090419806229,0.052872873730665404,0.07639406018660466,5.667049054687487,0,1,0,0,0,0
6925563.0,246.4866,246.44,246.98,247.37,245.19,1727323200000,70503,2024-09-26,236.6885,230.326,224.0075,210.71885000000003,1,1,1,1,83.90709249274153,4.367974984544304,3.4320422421095205,0.9359327424347836,247.9173861986899,225.45961380131,245.73,2.180000000000007,2.559114285714283,141294896.0,0.0,0.0,0.0050739894940559,0.0326545971484717,0.0066498948208043,6307076.5,1.0980623114370025,430155255939.06,2146474867.0,200.40078854510995,97.70318021201406,97.52909615175167,3,9,0.0,0.0,245.73,246.07,242.68,242.21,239.17,240.9085938027567,236.5406188182124,4.367974984544304,1,252.09822857142856,241.86177142857142,0.2497081994731921,48.01493819066458,4.019247729677886,37.03721607922965,141.87968492307803,2666132.057831349,-0.042680997714083464,-1.4749702237310949,0.04506410527651994,0.06571736785329008,0.08691634027197104,4.910536019449697,0,1,0,0,0,0
8307633.0,245.0858,246.31,245.02,246.75,244.19,1727409600000,82714,2024-09-27,237.292,230.7108,224.3057,211.026,1,1,1,1,76.73306772908367,4.372396705127358,3.620113134713088,0.7522835704142694,248.9635643654488,225.62043563455123,246.98,2.789999999999992,2.6705428571428524,132987263.0,0.0,0.0,-0.0079675218236517,0.0116015028281244,0.0080735475382058,6446250.1,1.288754372096112,432190792176.72,2154782500.0,200.57281520372473,85.5651105651106,92.95886646082197,4,9,0.0,0.0,246.98,245.73,246.07,242.68,242.21,241.54111783310182,237.16872112797446,4.372396705127358,1,250.3610857142857,239.6789142857143,0.21228225701564438,46.01151182584305,6.526227945488288,42.397824044252154,111.11910847902101,2600203.8017782276,0.32128260742684084,-1.4433004671214427,0.026562761856879558,0.051813693925735205,0.08521569669589879,1.4369753077529466,0,1,1,0,0,0
6919352.0,243.3312,243.97,243.06,244.08,242.5,1727668800000,70567,2024-09-30,237.8805,231.1374,224.59420000000003,211.32385,1,1,1,1,70.04608294930874,4.169679857092717,3.7300264791890143,0.4396533779037028,249.46442620469244,226.29657379530752,245.02,2.5200000000000102,2.7348285714285674,126067911.0,0.0,0.0,-0.0080315134233703,0.0015658480303279,0.0093219650194791,6505069.55,1.0636860907966772,433872609873.84,2161701852.0,200.70881165801023,73.52579852579852,85.59802976764108,0,9,0.0,0.0,245.02,246.98,245.73,246.07,242.68,241.77479201262463,237.6051121555319,4.169679857092717,1,248.52965714285713,237.59034285714287,0.21074196163383005,42.00472214450518,10.786782140748763,46.16022165434659,74.58594053931108,2544853.5041698692,0.3844554386946439,-1.6477007914647142,0.018436269169529895,0.05088849496303349,0.09619807874441899,0.1679738496462306,0,1,0,1,1,0
10550494.0,246.0763,245.2,245.61,246.98,245.06,1727755200000,107238,2024-10-01,238.6465,231.6136,224.9145,211.61375,1,1,1,1,73.67115520907157,4.166757200004696,3.817372623352151,0.3493845766525449,250.14280837772543,227.15019162227455,243.06,3.919999999999987,2.887685714285709,136618405.0,0.0,0.0,0.0104365856138122,-0.001869386759865,0.0081219742609547,6711698.35,1.5719559267737353,436463916705.18,2172252346.0,200.92689392596932,86.40926640926651,81.83339183339189,1,10,0.0,0.0,243.06,245.02,246.98,245.73,246.07,242.36482401068238,238.1980668106777,4.166757200004696,1,251.38537142857143,239.8346285714286,0.13470925558769495,46.632993290070964,10.215793168475061,50.58860049527183,101.45662733373142,2655541.2343599456,-0.08159412742215691,-1.7919696525060804,0.03484452683913375,0.06652481653567244,0.1073489630297566,-0.23016379985514313,0,1,0,0,0,0
6798783.0,245.1678,245.61,245.66,246.07,243.99,1727841600000,56860,2024-10-02,239.408,232.0752,225.2016,211.8984,1,1,1,1,69.28482844150471,4.1209715604057635,3.8780924107628736,0.2428791496428899,250.62701506137407,228.1889849386259,245.61,2.079999999999984,2.7362571428571374,143417188.0,0.0,0.0,0.0002035540544817,-0.0002848655027876,0.0081036951524913,6816838.5,0.9973513381606444,438134105736.96,2179051129.0,201.06646416232857,85.83264291632139,81.92256928379548,2,10,0.0,0.0,245.61,243.06,245.02,246.98,245.73,242.8717741628851,238.75080260247933,4.1209715604057635,1,251.13251428571428,240.1874857142857,0.15415214342517297,39.868328989582245,13.57432989444018,51.97915163820618,82.62252630647836,2656925.295065942,-0.1607457655405988,-1.4046090566129936,0.043097957623880134,0.06609382458881208,0.10369305418276564,-0.035152500914970304,0,1,0,0,0,0
5674503.0,245.1051,244.72,245.49,245.91,243.69,1727928000000,61870,2024-10-03,240.065,232.549,225.4694,212.19085,1,1,1,1,65.47024079963654,4.024575728122755,3.90738907423485,0.1171866538879053,251.08084791394324,229.04915208605675,245.66,2.219999999999999,2.705542857142853,137742685.0,0.0,0.0,-0.0006922529035481,-0.0060328771560449,0.0075846275435784,6859458.05,0.8272523803830246,439527139478.43,2184725632.0,201.181847752693,84.42419221209613,85.55536717922803,3,10,0.0,0.0,245.66,245.61,243.06,245.02,246.98,243.27457813782584,239.2500024097031,4.024575728122755,1,250.90108571428573,240.0789142857143,0.16809106596031212,33.641518989154214,14.520455357646636,52.64240780013193,71.7990502620213,2652998.4632251873,0.12398117093772713,-1.1162177908257216,0.026424718819249904,0.056552614590058115,0.10680793507664554,-0.795407443187933,0,1,0,0,0,0
5951628.0,244.9246,245.0,245.0,246.69,244.045,1728014400000,70620,2024-10-04,240.7835,233.0824,225.7568,212.4766,1,1,1,1,64.10142348754451,3.864099497950918,3.898731158978064,-0.0346316610271464,251.05781601001513,230.50918398998488,245.49,2.6450000000000102,2.806757142857141,131791057.0,0.0,0.0,-0.0019980026626731,-8.162598971517276e-05,0.0066696862267015,6841248.25,0.8699622908728681,440985288338.43,2190677260.0,201.30089282911075,80.36454018227005,83.54045843689586,4,10,0.0,0.0,245.49,245.66,245.61,243.06,245.02,243.5400276550834,239.6759281571325,3.8640994979509173,1,250.61351428571427,239.38648571428573,0.17291577789370924,33.65500602279834,13.99683416703649,53.546590929332446,68.46615095922681,2641118.966219199,0.522979287023261,-0.18300839056822735,0.01151892985425862,0.06230759224732263,0.12215453671048415,-0.012238336940802614,0,1,1,0,0,0
3849026.0,244.2975,244.58,244.17,244.82,243.81,1728273600000,53094,2024-10-07,241.412,233.5532,226.0176,212.7518,1,1,1,1,65.52978626648472,3.62812410966302,3.844609749115055,-0.2164856394520353,250.82250834803247,232.00149165196748,245.0,1.1899999999999975,2.7453285714285705,127942031.0,0.0,0.0,-0.0033935065376672,0.0045667736361392,0.0054954243141307,6856754.25,0.5613481043162659,441925105016.85,2194526286.0,201.37608186154577,73.48798674399322,79.4255730461198,0,10,0.0,0.0,245.0,245.49,245.66,245.61,243.06,243.63694647737827,240.00882236771525,3.6281241096630197,1,249.66065714285713,238.67934285714284,0.13949901843900947,34.40805939585479,11.174826845817327,55.60433939271764,48.67399119724459,2628079.4087498114,0.737399009658426,-0.16890042390400797,0.006139772539970334,0.05427461139896361,0.10669446584779951,0.8310123231564089,0,1,0,0,0,0
7669807.0,242.0903,243.79,242.37,244.04,240.63,1728360000000,91658,2024-10-08,241.8995,233.9942,226.2324,213.02315,1,1,1,1,65.61930783242263,3.25830722015354,3.727349243322752,-0.4690420231692123,250.35388901897576,233.4451109810242,244.17,3.539999999999992,2.6417857142857133,120272224.0,0.0,0.0,-0.0073992198473327,-0.0131916452913155,0.0029794447004865,7021327.15,1.092358586367821,443784036139.44,2202196093.0,201.51885545073483,49.89979959919849,67.91744217515394,1,10,0.0,0.0,244.17,245.0,245.49,245.66,245.61,243.4420316347047,240.18372441455116,3.25830722015354,1,247.65357142857144,237.08642857142857,0.11079066274401964,31.188319580589884,20.21089630384996,54.70386757065912,9.805212261149117,2571538.2587313824,0.8442698245354089,0.560245951049547,-0.015036371764132084,0.04191385091565647,0.10008169934640532,-4.427536786903155,0,1,0,0,0,0
4120486.0,241.1229,241.16,241.05,241.84,240.64,1728446400000,57852,2024-10-09,242.3395,234.3648,226.44259999999997,213.28125,0,1,1,1,54.791029561671834,2.826133791390788,3.54710615293636,-0.7209723615455719,249.49566914571423,235.18333085428577,242.37,1.7300000000000182,2.479285714285715,116151738.0,0.0,0.0,-0.0054611033080956,-0.0187657738337538,0.0026825149474007,6995485.85,0.5890207039729771,444777279289.74,2206316579.0,201.5926832636741,8.40579710144945,43.93119448154706,2,10,0.0,0.0,242.37,244.17,245.0,245.49,245.66,243.07402676782706,240.24789297643628,2.826133791390788,1,246.00857142857143,236.0914285714286,0.09181852758940977,33.232497829665064,21.535580518140115,54.214399232240126,-25.379330476910376,2549097.1912725386,1.0062780519315913,0.5665440218318564,-0.019045293614943115,0.037890204520990345,0.08327341362574159,-6.995563583457955,0,1,0,0,0,0
4786090.0,242.4536,241.77,242.82,243.02,241.5101,1728532800000,55268,2024-10-10,242.664,234.6902,226.6342,213.544,1,1,1,1,51.66212534059941,2.5965263039967397,3.356990183148436,-0.7604638791516964,249.2376616408504,236.0903383591496,241.05,1.9699999999999989,2.3732142857142855,120937828.0,0.0,0.0,0.0073160472641979,-0.0108762067701332,0.0056939940597586,6737541.05,0.7103615346432658,445939437663.54,2211102669.0,201.6819227418426,32.49258160237381,30.26605943434059,3,10,0.0,0.0,241.05,242.37,244.17,245.0,245.49,243.0349457266229,240.43841942262617,2.5965263039967397,1,247.56642857142856,238.07357142857143,0.05636513133415941,28.9089540921267,22.49811887960928,51.6646566051944,-4.620161354090491,2584240.851509004,0.9705302025211036,0.0708188670662747,-0.016843469106810227,0.027461600304658607,0.0718163760759214,-1.9101157385887606,0,1,0,0,0,0
5785646.0,245.3287,244.5,245.47,245.92,244.47,1728619200000,57936,2024-10-11,243.00349999999997,235.0842,226.84330000000003,213.81274999999997,1,1,1,1,56.79493424257184,2.598440365964393,3.2052802197116277,-0.6068398537472346,249.41004361201092,236.59695638798905,242.82,3.0999999999999943,2.505357142857142,126723474.0,0.0,0.0,0.0108543120590994,0.0019183673469387,0.0081653844213798,6654069.45,0.8694898728476601,447359640187.16,2216888315.0,201.79620108068457,71.81008902077147,37.56948924153159,4,10,0.0,0.0,242.82,241.05,242.37,244.17,245.0,243.40956946098862,240.81112909502423,2.598440365964393,1,250.48071428571427,240.45928571428573,0.045037545333187615,33.27156093135511,21.31147540376008,48.48148233072424,64.00590212799244,2647382.116231844,0.5706783780538088,-1.1555411618356655,0.001836584768590166,0.028448131389307907,0.08725694290649777,0.234938724076299,0,1,1,0,0,0
3922892.0,244.8552,245.16,245.07,245.86,244.26,1728878400000,47754,2024-10-14,243.324,235.4788,227.0517,214.07515,1,1,1,1,47.14937286202965,2.5384192992329133,3.071908035615885,-0.5334887363829717,249.45087058438975,237.1971294156102,245.47,1.6000000000000227,2.368928571428573,122800582.0,0.0,0.0,-0.001630856153041,0.0036859565057132,0.0079978928508507,6614537.0,0.5930712913088247,448321023329.6,2220811207.0,201.87264091449623,65.87537091988118,56.726013847675496,0,10,0.0,0.0,245.47,242.82,241.05,242.37,244.17,243.66502031314423,241.1266010139113,2.5384192992329133,1,249.80785714285713,240.33214285714286,0.045909504683267516,26.956128440537768,23.172018687419857,44.020422213978485,52.649804754798865,2640989.6576829376,0.6415968766277045,-0.9771539735845691,0.008269563070846697,0.026858292131065165,0.08755658116623755,0.46086537614309003,0,1,0,0,0,0
5640831.0,245.8259,244.99,245.92,246.55,244.53,1728964800000,61690,2024-10-15,243.753,235.9476,227.3098,214.3474,1,1,1,1,50.52631578947368,2.530272659494756,2.9635809603916594,-0.4333083008969036,249.28868747216092,238.21731252783903,245.07,2.0200000000000102,2.3932142857142873,128441413.0,0.0,0.0,0.003462395768398,0.014647027272352,0.0065864485104831,6640022.6,0.8495198495258134,449708216489.12,2226452038.0,201.9842371691458,78.48664688427277,72.05736894164183,1,10,0.0,0.0,245.07,245.47,242.82,241.05,242.37,244.0119402649682,241.48166760547343,2.5302726594947558,1,250.70642857142857,241.1335714285714,0.0720048349777362,27.90628263605232,22.936875086423843,39.8890229953598,65.80547297640467,2660554.297785765,0.761058941813264,0.058302934913155316,0.001262163592687493,0.036150669925002044,0.10535778496943538,2.22380923663902,0,1,0,0,0,0
5431939.0,247.1092,247.62,247.15,248.09,246.36,1729051200000,65093,2024-10-16,244.33500000000004,236.4766,227.6241,214.6273,1,1,1,1,50.47143649473104,2.5931746066002574,2.889499689633379,-0.2963250830331216,248.4994182003413,240.1705817996588,245.92,2.170000000000016,2.3925000000000023,133873352.0,0.0,0.0,0.0049891599626825,0.0253059531217589,0.0046359903534315,6357563.85,0.8544057327870959,451050720212.97,2231883977.0,202.0941611934741,87.39946380697056,77.25382720370818,2,10,0.0,0.0,245.92,245.07,245.47,242.82,241.05,244.49471868574233,241.90154407914207,2.5931746066002574,1,251.935,242.365,0.15131312882986572,29.825347057821787,22.943722936873034,34.78113066293164,118.41892821109755,2687722.82808017,0.4554793058565636,-0.7396533733106386,0.006065293495074453,0.049424652880981856,0.11984594472134136,5.458574459130014,0,1,0,0,0,0
5176170.0,248.5057,247.75,248.63,249.06,247.62,1729137600000,64251,2024-10-17,244.808,237.0382,227.95120000000003,214.91685,1,1,1,1,60.28490028490025,2.7309675895848784,2.857793269623679,-0.1268256800388005,248.63784182715384,240.97815817284612,247.15,1.9099999999999968,2.32964285714286,139049522.0,0.0,0.0,0.0059704078272982,0.0239271888641792,0.004505005020888,6322261.05,0.8187213338810172,452337671360.06995,2237060147.0,202.2018370702618,94.89916963226564,86.92842677450301,3,10,0.0,0.0,247.15,245.92,245.07,245.47,242.82,245.13091581101273,242.39994822142785,2.7309675895848784,1,253.2892857142857,243.97071428571428,0.13723153041199,33.60416985019016,20.49670396428123,31.14340124745116,169.82236474517453,2718719.112118203,0.09304556810792497,-1.2899754595619513,0.012790745040531126,0.0395534557009658,0.12731806846520066,5.311233981071793,0,1,0,0,0,0
7827864.0,250.9684,250.0,251.27,251.37,249.9,1729224000000,77730,2024-10-18,245.261,237.5834,228.282,215.22755,1,1,1,1,72.51782775644546,3.0184012077114915,2.8899148572412416,0.1284863504702498,249.8624912914432,240.65950870855687,248.63,2.740000000000009,2.3453571428571456,146877386.0,0.0,0.0,0.0105622106149984,0.0236281419318042,0.0044065338864641,6327233.45,1.2371700936686634,454304578747.35,2244888011.0,202.3729364321283,99.0689013035382,93.7891782475915,4,10,0.0,0.0,248.63,247.15,245.92,245.07,245.47,246.07539030162616,243.05698909391467,3.0184012077114915,1,255.9607142857143,246.57928571428573,0.1530156073132096,40.41419216067769,15.21242576055659,30.155603195185076,258.41269859829197,2801836.8411130956,-0.24533217392235465,-1.4395849434378947,0.025591836734693896,0.037405557161141134,0.12169099593768151,5.362057553627113,0,1,1,0,0,0
9258590.0,251.7718,252.74,251.22,253.14,250.73,1729483200000,84586,2024-10-21,245.688,238.1166,228.6326,215.53705,1,1,1,1,67.8321678321678,3.2052121483210954,2.952974315457213,0.2522378328638828,250.833805036498,240.54219496350208,251.27,2.4099999999999966,2.2375000000000034,137618796.0,0.0,0.0,-0.000199008936158,0.0250948708532257,0.0039135880493328,6518854.65,1.420278637444386,456630521727.1499,2254146601.0,202.57356887283925,84.65227817745813,92.87344970442068,0,10,0.0,0.0,251.27,248.63,247.15,245.92,245.07,246.8668687167606,243.6616565684395,3.2052121483210954,1,255.695,246.745,0.13896257073426338,38.75498801635895,15.945730242315799,28.558354011406824,236.45454180841637,2799994.482295887,-0.3620945367787505,-1.0359725549448322,0.02887332596142045,0.03519037415526616,0.11872105450659065,6.412224898135346,0,1,0,0,0,0
5756321.0,253.3669,253.06,253.93,253.94,252.52,1729569600000,67361,2024-10-22,246.081,238.627,229.0062,215.85995,1,1,1,1,72.48504622077218,3.53122969839049,3.068625392043868,0.4626043063466221,252.41341252770343,239.74858747229652,251.22,2.719999999999999,2.28321428571429,143375117.0,0.0,0.0,0.010729589226194,0.0325715679895901,0.0045219113704779,6387353.3,0.9012059815135012,458092224318.68,2259902922.0,202.70438161709671,99.92486851990992,94.54868266696876,1,10,0.0,0.0,251.22,251.27,248.63,247.15,245.92,247.95350429879744,244.42227460040695,3.53122969839049,1,258.49642857142857,249.36357142857142,0.1257838216788589,40.481776930867404,12.27905521280181,28.862175720821067,224.57531194112278,2862089.9759269673,-0.5533819995669484,-0.7267077301051569,0.04769567190658908,0.03194213028812953,0.11172890854165751,7.203037231527042,0,1,0,0,0,0
8024258.0,251.6029,253.08,250.87,253.18,250.2,1729656000000,82085,2024-10-23,246.33799999999997,239.0832,229.3619,216.17495,1,1,1,1,62.64097744360899,3.50231205587059,3.1553627248092124,0.3469493310613774,253.01809958954792,239.657900410452,253.93,3.730000000000018,2.391071428571434,135350859.0,0.0,0.0,-0.0121237618115543,0.01505158810439,0.0095487957039186,6418893.8,1.2500998224958948,460105269923.14,2267927180.0,202.87479861815493,76.93463561232161,87.1705941032299,2,10,0.0,0.0,253.93,251.22,251.27,248.63,247.15,248.4021959451363,244.8998838892657,3.50231205587059,1,255.65214285714288,246.08785714285713,0.08391093169949555,38.65571320727219,17.759522026061404,28.6720615204532,133.78289461166196,2765393.132387409,-1.3195012336943464,1.909936742708121,0.040738436009126744,0.020917266918976107,0.10001753924405854,1.576279649109751,0,1,0,0,0,0
5962188.0,252.484,253.27,252.8,253.32,251.4,1729742400000,68960,2024-10-24,246.629,239.6152,229.7177,216.4993,1,1,1,1,67.16549295774648,3.593703509100066,3.2430308816673836,0.350672627432683,253.90714869462113,239.35085130537885,250.87,2.4499999999999886,2.377142857142861,141313047.0,0.0,0.0,0.0076637855989556,0.0167719100671681,0.0097096998904008,6370725.05,0.9358727543892356,461612511049.54,2273889368.0,203.00570359566413,91.43501126972212,89.43150513398456,3,10,0.0,0.0,250.87,253.93,251.22,251.27,248.63,249.0787811843461,245.48507767524603,3.5937035091000666,1,257.55428571428575,248.0457142857143,0.07108584460655261,36.9591346042789,17.863581725401602,28.213326443840685,133.97694755099525,2811261.6014749845,-1.3225493308983747,1.8897438644438052,0.041100403591137535,0.02356466110616262,0.1175950486295314,1.7273337984844552,0,1,0,0,0,0
4424475.0,253.0162,252.0,253.32,253.5499,251.77,1729828800000,59516,2024-10-25,247.044,240.1434,230.0982,216.8284,1,1,1,1,70.41499330655958,3.6658340948599175,3.3275915243058907,0.3382425705540268,254.86233849625788,239.22566150374217,252.8,1.7798999999999978,2.4192785714285754,145737522.0,0.0,0.0,0.002054849375527,0.0081585545429219,0.0088303554130402,6176567.15,0.7163323724247052,462733319056.54,2278313843.0,203.10341372777236,95.34184823441018,87.90383170548465,4,10,0.0,0.0,252.8,250.87,253.93,251.22,251.27,249.7312763867544,246.06544229189447,3.6658340948599175,1,258.15855714285715,248.48144285714284,0.12352754809577371,36.994204282565136,16.85862668125434,27.24338411632951,120.49922930570406,2820362.578531946,-1.2276827528145826,2.0794767879949427,0.031979467959424746,0.033874785731776935,0.11638975805385399,0.9239203771651163,0,1,1,0,0,0
4029110.0,253.2568,253.01,253.33,253.63,252.95,1730088000000,49481,2024-10-28,247.55750000000003,240.5702,230.4533,217.1557,1,1,1,1,76.57613967022306,3.6813684957274977,3.398346918590212,0.2830215771372852,255.619344832619,239.49565516738107,253.32,0.6800000000000068,2.2149928571428625,149766632.0,0.0,0.0,3.947498273485181e-05,0.0083990128174509,0.0088186757748998,6032055.05,0.6679498059289097,463754013492.84,2282342953.0,203.1920807007833,95.4135338345866,94.06346444623964,0,10,0.0,0.0,253.32,252.8,250.87,253.93,251.22,250.28492617340757,246.60355767768007,3.6813684957274972,1,257.75998571428573,248.9000142857143,0.14711430510751636,40.6644329582923,8.15868480447907,30.473485494541315,111.78354424404975,2820521.6307189036,-1.347132981453796,2.676734478544977,0.03370465581262505,0.04225294166049531,0.09198672356567084,0.9524109410221424,0,1,0,0,0,0
8875470.0,255.6354,254.49,256.09,256.29,254.23,1730174400000,80387,2024-10-29,248.08149999999995,241.0598,230.8199,217.4876,1,1,1,1,84.08884859474152,3.871757345458775,3.4930290039639247,0.3787283414948503,256.93394723820614,239.22905276179375,253.33,2.960000000000008,2.3028500000000043,158642102.0,0.0,0.0,0.0108359585649824,0.0085062812586145,0.0088460719145274,5948303.85,1.4921009793405224,466026932605.14,2291218423.0,203.396990844264,98.64681087152114,96.4673976468393,1,10,0.0,0.0,253.33,253.32,252.8,250.87,253.93,251.1780144544218,247.30625710896302,3.871757345458775,1,260.6957,251.48429999999996,0.24718012390913577,47.363670468157736,7.847418879138219,34.06033215650196,131.2849388291766,2917218.8130502496,-1.350020764475577,2.2098924506365063,0.04135491216655818,0.04266927242376117,0.10569491818142551,0.9615874395923392,0,1,0,0,0,0
6386196.0,257.0122,256.76,257.5,257.71,255.9101,1730260800000,78727,2024-10-30,248.67349999999996,241.56059999999997,231.2789,217.83555,1,1,1,1,83.82488479262668,4.089278440314217,3.6122788912339834,0.4769995490802339,258.38592129277663,238.9610787072233,256.09,1.7998999999999796,2.2907000000000033,165028298.0,0.0,0.0,0.005490774907844,0.02642803045402,0.0043139416342183,5927674.5,1.0773526785251113,467671378075.14,2297604619.0,203.54737025149583,98.43866171003732,97.4996688053817,2,10,0.0,0.0,256.09,253.33,253.32,252.8,250.87,252.15062761527997,248.06134917496576,4.089278440314217,1,262.08140000000003,252.9186,0.2545986365913429,48.363257629182556,7.889042024618557,38.30893883553865,135.50806691752624,2952380.421703458,-1.3705079304134227,2.236822419808323,0.04187740238721416,0.04819669461857856,0.10771745676675559,6.126176808379733,0,1,0,0,0,0
9930827.0,253.5705,255.52,253.51,255.6,252.2,1730347200000,109309,2024-10-31,249.0745,241.9878,231.6786,218.1739,1,1,1,1,67.44791666666661,3.8948088885307186,3.6687848906933302,0.2260239978373879,258.89514308109585,239.25385691890412,257.5,5.300000000000011,2.4478428571428617,155097471.0,0.0,0.0,-0.0156164501188389,0.0028085443037972,0.0099258616851542,6140490.7,1.617269284358659,470188942027.91,2307535446.0,203.76239196800188,68.77323420074356,88.61956892743403,3,10,0.0,0.0,257.5,256.09,253.33,253.32,252.8,252.35976182831382,248.4649529397831,3.8948088885307186,1,258.4056857142857,248.61431428571427,0.19850135603437818,36.79624624690051,18.208743553155127,39.15755793360149,74.8552892281463,2798500.8111015153,-1.0063090714576006,-0.0021273367859616804,0.019627559023448482,0.032669355167216585,0.09200947663148829,0.28295190517099345,0,1,0,1,0,0
6473012.0,253.3572,254.33,252.47,254.86,252.435,1730433600000,75141,2024-11-01,249.448,242.4498,232.0618,218.4994,1,1,1,1,65.625,3.615098454643004,3.6580476034832654,-0.0429491488402615,259.1840071789946,239.71199282100545,253.51,2.4250000000000114,2.506771428571432,148624459.0,0.0,0.0,-0.0041108402094161,-0.0033554397599873,0.0100757296591293,6166559.9,1.0496957955439628,471823183367.5501,2314008458.0,203.8986425206705,60.242792109256534,75.81822934001248,4,11,0.0,0.0,253.51,257.5,256.09,253.33,253.32,252.37672154703478,248.76162309239177,3.615098454643004,1,257.4835428571429,247.45645714285715,0.16010229207337368,35.93124906369837,17.18231760341074,41.13976015804293,60.73431097743891,2771945.911965387,-0.6779152704916754,-0.41757124653785127,0.004775739244637256,0.030489795918367424,0.1007106421938353,-0.3330216811375277,0,1,1,0,0,0
4581435.0,252.9027,253.32,252.83,253.58,252.27,1730696400000,51630,2024-11-04,249.881,242.866,232.4429,218.8239,1,1,1,1,64.89866321690386,3.383472348837614,3.6031325525541353,-0.2196602037165211,259.39644539433607,240.36555460566393,252.47,1.3100000000000025,2.4560571428571456,153205894.0,0.0,0.0,0.0014248963424101,-0.0019737101803971,0.0101191503021034,6203180.35,0.7385622763652196,472981507578.6,2318589893.0,203.99532880159933,57.004405286343776,62.006810532114635,0,11,0.0,0.0,252.47,253.51,257.5,256.09,253.33,252.44645669364482,249.0629843448072,3.383472348837614,1,257.7421142857143,247.91788571428572,0.1627092014680179,34.66648052783002,18.016972610567226,42.69896888538164,50.2697046902555,2778478.6350612007,-0.7450070994089106,-0.3389433325455887,0.006408725419950745,0.03546709259941849,0.08969054391862774,-0.19504683407247128,0,1,0,0,0,0
6029884.0,253.1853,253.78,253.4,253.9893,252.41,1730782800000,54058,2024-11-05,250.4325,243.2788,232.8472,219.1548,1,1,1,1,63.8703950288504,3.2089109001429392,3.5242882220718963,-0.315377321928957,259.3763926530584,241.4886073469415,252.83,1.5792999999999893,2.4138642857142867,159235778.0,0.0,0.0,0.0022519417690929,-0.010504119645437,0.0083024295386123,6121184.2,0.9850845527569648,474509480184.2,2324619777.0,204.12348069952776,57.28444003964336,58.17721247841457,1,11,0.0,0.0,252.83,252.47,253.51,257.5,256.09,252.5931556638533,249.38424476371037,3.2089109001429392,1,258.2277285714286,248.57227142857144,0.17609948652982285,31.92657889041956,18.33189816614981,43.69957670049013,52.09330655834808,2792072.883686759,-0.8058115560882548,0.03276817422281449,-0.002087189382900756,0.045508932623674614,0.08867503007389588,-1.2651847202964028,0,1,0,0,0,0
14600217.0,246.1367,245.635,245.7,247.35,244.9506,1730869200000,149517,2024-11-06,250.665,243.525,233.1469,219.44355,0,1,1,1,44.90434782608696,2.4213324329303703,3.303697064243591,-0.8823646313132212,258.7858231369124,242.5441768630876,253.4,8.449399999999997,2.880964285714287,144635561.0,0.0,0.0,-0.0308579883599053,-0.0458252427184466,0.0139643222088724,6645170.75,2.197116906288676,478096753501.1,2339219994.0,204.38298010764183,5.8733169271280925,40.05405408437176,2,11,0.0,0.0,253.4,252.83,252.47,253.51,257.5,251.53267017710664,249.11133774417627,2.4213324329303703,1,251.46192857142856,239.93807142857142,0.1307977451410258,24.345271294495667,33.853992330481134,43.136033042914114,-89.93589112327058,2348419.880924327,-1.6397887276474166,2.64401312794302,-0.020608283174552655,0.019290603609209533,0.05274433351900254,-3.281592132943601,1,1,0,0,0,0
8821445.0,249.036,248.29,249.65,250.24,248.12,1730955600000,93871,2024-11-07,251.0065,243.883,233.4973,219.7598,0,1,1,1,47.30538922155688,2.0917899593828793,3.061315643271449,-0.9695256838885696,258.2671459767681,243.7458540232319,245.7,4.5400000000000205,3.009535714285716,153457006.0,0.0,0.0,0.0159486574194849,-0.0152262238176008,0.0172009601759934,6846938.5,1.2883780101135711,480299027245.3501,2348041439.0,204.5530454734662,36.830885464833834,33.32954747720178,3,11,0.0,0.0,245.7,253.4,252.83,252.47,253.51,251.24302861139793,249.15123865201505,2.0917899593828793,1,255.66907142857144,243.63092857142857,0.12981491514080246,24.681785271889986,32.40770407575737,40.86658792090588,-36.05136876620019,2490237.98328493,-1.257072697635851,1.9451046822046993,-0.012460443037974667,0.02812783131537766,0.07723840345199573,-0.8851956408163149,0,1,0,0,0,0
6267916.0,248.214,249.07,247.96,249.35,247.78,1731042000000,74362,2024-11-08,251.131,244.1832,233.8222,220.0639,0,1,1,1,44.85804416403788,1.6749485347016844,2.7840422215574963,-1.109093686855812,258.070194250204,244.191805749796,249.65,1.8700000000000043,2.970964285714288,147189090.0,0.0,0.0,-0.0067924941128996,-0.0178635085356675,0.0172831900690048,6871052.0,0.9122207196219736,481853219696.71,2354309355.0,204.6686085128817,23.58574854616993,22.096650312710636,4,11,0.0,0.0,249.65,245.7,253.4,252.83,252.47,250.73794728656748,249.0629987518658,1.6749485347016844,1,253.90192857142858,242.01807142857143,0.07823731048915311,20.74675129028644,33.64588216099971,39.582057248765786,-65.40900237834005,2447807.4684040966,-1.007590891947634,1.390202673359662,-0.02115900836886142,0.010143805760377989,0.06443442798883892,-1.033576447900028,0,1,1,0,0,0
11653848.0,241.9709,242.73,242.14,242.73,241.06,1731301200000,132012,2024-11-11,250.98450000000005,244.4002,234.062,220.33954999999995,0,0,1,1,33.06521114622235,0.8650021360517144,2.40023420445634,-1.5352320684046257,258.55726414805486,243.4117358519452,247.96,6.900000000000006,3.269535714285717,135535242.0,0.0,0.0,-0.0237513715541245,-0.042281374836847,0.019030516965454,7257599.8,1.6057440918690502,484675082451.43,2365963203.0,204.85317854346613,6.4864864864864,22.30104016583007,0,11,0.0,0.0,247.96,249.65,245.7,253.4,252.83,249.4151861655571,248.55018402950537,0.8650021360517144,1,248.67907142857143,235.60092857142854,0.09728980200291819,17.104438153712323,45.25435021458827,38.98833964643438,-201.1564401443494,2174273.8526596203,-0.5359558839877889,-0.5666684433598235,-0.044171633837287394,-0.011955767739829426,0.04691080461757968,-2.221765845664711,0,1,0,0,0,0
10145510.0,240.2189,241.29,240.05,241.66,239.39,1731387600000,101054,2024-11-12,250.69099999999997,244.5954,234.3147,220.59815000000003,0,0,1,1,34.013002364066224,0.0538475258723849,1.930956868739549,-1.877109342867164,259.4520186862608,241.92998131373912,242.14,2.75,3.199535714285716,125389732.0,0.0,0.0,-0.0086688363026448,-0.0526835043409629,0.0180703526505287,7482833.75,1.3558379537698535,487110512126.93,2376108713.0,205.0034619467893,3.6026200873363825,11.224951706664251,1,11,0.0,0.0,242.14,247.96,249.65,245.7,253.4,247.97438829393292,247.92054076806053,0.05384752587238495,1,246.44907142857144,233.65092857142858,0.05180923482193636,17.478652032665657,44.79332937930875,39.47573479415422,-207.90123560691396,2086704.199153385,-0.31704599067175415,-0.21191776480176014,-0.06263423015346159,-0.023869551073519735,0.04238134526032411,-2.915464695415036,0,1,0,0,0,0
8431694.0,238.9252,241.31,237.63,241.47,237.59,1731474000000,84975,2024-11-13,250.215,244.7394,234.5347,220.84335,0,0,1,1,27.905621905039325,-0.7753345479247855,1.3896985854066823,-2.165033133331468,260.65891437002335,239.77108562997665,240.05,3.879999999999995,3.3016785714285737,116958038.0,0.0,0.0,-0.0101323928326514,-0.0328449328449328,0.0143123635525725,7632821.5,1.104662803918577,489114135572.1499,2384540407.0,205.11882882601537,0.1988071570576147,3.429304576960147,2,11,0.0,0.0,240.05,242.14,247.96,249.65,245.7,246.38294394102016,247.15827848894494,-0.7753345479247855,0,244.23335714285713,231.02664285714286,-0.00021793678450271264,16.635044941072106,47.301697178426146,40.413777031638226,-197.01090090561613,2001702.3267101431,-0.02559894964306117,0.2951644412112669,-0.07716504854368933,-0.03851911794456808,0.031245931519333414,-2.2948627440645066,0,1,0,0,0,0
8210426.0,237.0928,236.57,237.01,237.9886,236.1326,1731560400000,81832,2024-11-14,249.634,244.8326,234.7592,221.08615,0,0,1,1,26.31426081905319,-1.4656015909519056,0.8186385501349648,-2.2842401410868702,261.62712504816875,237.64087495183128,237.63,1.8559999999999943,3.3071142857142877,108747612.0,0.0,0.0,-0.0026125078064855,-0.0506308832365312,0.0079841473809214,7784534.3,1.0547099779623297,491060088638.41,2392750833.0,205.22825940163824,4.066291582859821,2.622572942417954,3,11,0.0,0.0,237.63,240.05,242.14,247.96,249.65,244.9409525654786,246.4065541564305,-1.4656015909519056,0,243.62422857142857,230.3957714285714,-0.016480088327771158,16.111154304548723,50.37170946393233,41.42398443121766,-183.8548954522868,1980280.519194257,-0.3611299849032595,0.6563517621789988,-0.06508618989388981,-0.046736113904194965,0.020055950075317464,-6.341418489259315,0,1,0,0,0,0
7299482.0,236.914,237.57,236.59,237.88,236.33,1731646800000,71804,2024-11-15,248.9,244.9518,234.9993,221.31705,0,0,1,1,25.975889781859937,-2.0232113643668583,0.2502685672346001,-2.2734799316014587,262.19749323428107,235.60250676571897,237.01,1.549999999999983,3.369257142857143,101448130.0,0.0,0.0,-0.0017736491136152,-0.0458541700274237,0.0088213291670159,7758115.2,0.9408834248813422,492787073084.79,2400050315.0,205.32364259404704,2.1198105425121065,2.128303094143195,4,11,0.0,0.0,237.01,237.63,240.05,242.14,247.96,243.65619063232805,245.6794019966949,-2.0232113643668583,0,243.32851428571428,229.85148571428573,-0.09138346044067486,15.644186082637022,49.44264949258788,40.3775318355188,-150.61013854776084,1967345.2740991134,-0.41511149602147246,0.595218770851252,-0.06289856220541057,-0.058423210092728994,0.02584225816242469,-5.198096248115958,0,1,1,0,0,0
6416986.0,240.942,240.46,241.09,241.495,240.45,1731906000000,68967,2024-11-18,248.3935,245.1416,235.26030000000003,221.57945,0,0,1,1,29.496992892290947,-2.078054219727676,-0.215395990157855,-1.8626582295698209,262.0847853958069,234.7022146041931,236.59,4.905000000000001,3.508185714285714,107865116.0,0.0,0.0,0.0188416225370112,-0.0043363343520277,0.0116083455247728,7616035.0,0.8425625670050099,494334144239.53,2406467301.0,205.41901568083264,22.974964546238244,9.720355557203405,0,11,0.0,0.0,236.59,237.01,237.63,240.05,242.14,243.26139207350835,245.33944629323602,-2.078054219727676,0,248.10637142857144,234.07362857142857,-0.047547889544577865,16.969088617851,47.48465832003424,38.64695170658656,-86.97958759333103,2089397.9263667497,-0.09377349719953328,-0.1190638281582496,-0.04643436301071868,-0.040323222673353976,0.0409758203799655,-0.3735528553354306,0,1,0,0,0,0
6579103.0,242.7941,242.75,243.25,243.31,242.03,1731992400000,65454,2024-11-19,247.85950000000005,245.3542,235.5427,221.85785,0,0,1,1,30.913474417358714,-1.9250330469222945,-0.557323401510743,-1.3677096454115514,261.4744553606924,234.2445446393077,241.09,2.219999999999999,3.538192857142858,114444219.0,0.0,0.0,0.0089194133049059,0.0133305561341385,0.0113151049343227,7657174.1,0.859207706926763,495934511044.28,2413046404.0,205.5221607931747,36.56060901815345,20.55179470230128,1,11,0.0,0.0,241.09,236.59,237.01,237.63,240.05,243.25963944681476,245.18467249373705,-1.9250330469222945,0,250.32638571428572,236.17361428571428,-0.04541794198946648,17.622595873675895,47.08194456672151,36.75965235286319,-57.900996065398196,2148342.148358537,-0.16647983439698547,-0.46560116483285646,-0.04005524861878451,-0.042058835112038784,0.045696844639325995,1.1781193749700465,0,1,0,0,0,0
6630737.0,244.4567,243.74,244.62,245.21,243.51,1732078800000,65555,2024-11-20,247.54700000000005,245.6016,235.8332,222.1382,0,0,1,1,37.193892250072054,-1.6739192158420622,-0.7806425643770069,-0.8932766514650553,261.15791991941006,233.93608008059,243.25,1.960000000000008,3.2996214285714296,121074956.0,0.0,0.0,0.0056162649931026,0.0294154778437065,0.0087746630864347,7587498.05,0.8739029593556206,497556521929.22,2419677141.0,205.6293021487944,45.3207599560003,34.95211117346401,2,11,0.0,0.0,243.25,241.09,236.59,237.01,237.63,243.46892568576632,245.14284490160838,-1.6739192158420622,0,251.21924285714286,238.02075714285715,-0.0033687108639189997,23.009782502536048,42.45465387967563,36.46754951388055,-35.623968302286464,2185686.8952855673,-0.11364372001342739,-0.2674848341330599,-0.00439560439560438,-0.02491330171004902,0.05326157158234657,3.35231609815546,0,1,0,0,0,0
7646429.0,246.3532,246.23,246.66,246.81,245.69,1732165200000,64453,2024-11-21,247.24,245.8082,236.1442,222.429,0,1,1,1,41.86502380285635,-1.295366565100096,-0.8835873645216248,-0.4117792005784713,260.6271831870701,233.85281681292992,244.62,2.1899999999999977,3.282835714285714,128721385.0,0.0,0.0,0.008304884078625,0.0407155816210287,0.0074108668656384,7671710.1,0.9967046330387276,499442590106.36,2427323570.0,205.7585549282002,58.95490208157166,46.94542368524182,3,11,0.0,0.0,244.62,243.25,241.09,236.59,237.01,243.95986019564842,245.2552267607485,-1.295366565100096,0,253.22567142857142,240.09432857142858,0.015344734759853965,26.608746352432934,42.671731964596844,35.60224518455945,-10.456773368290962,2249454.0245472793,-0.19539893096659441,0.248214259122599,-0.0119767674744643,-0.024287974683544378,0.043710066432530725,5.494030242198784,0,1,0,0,0,0
7502963.0,249.5642,248.2,249.84,250.39,247.86,1732251600000,71880,2024-11-22,247.06599999999997,246.0314,236.4627,222.73655,1,1,1,1,46.11990656631196,-0.730342504660058,-0.8529383925493115,0.1225958878892534,260.20867680817616,233.92332319182375,246.66,3.7299999999999898,3.455692857142856,136224348.0,0.0,0.0,0.0128098428369811,0.0560040576524789,0.0051305960032985,7825634.5,0.958767368959028,501317130382.28,2434826533.0,205.8943927165919,76.76334373092462,60.34633525616554,4,11,0.0,0.0,246.66,244.62,243.25,241.09,236.59,244.8644970886256,245.59483959328566,-0.730342504660058,0,256.75138571428573,242.9286142857143,0.021172136509792338,32.67754863451454,40.19619798382458,34.0818485146364,27.351417965756795,2346184.026736528,-0.5557039501116152,0.05407961659792347,0.007581868043232687,-0.013737565135007013,0.046757164404223284,10.915680840913048,0,1,1,0,0,0
10733109.0,243.0438,244.27,242.48,244.3999,241.48,1732510800000,114437,2024-11-25,246.52349999999996,246.1078,236.6782,223.01095,0,0,1,1,37.9523389232127,-0.8664593518405752,-0.8556425844075642,-0.0108167674330109,259.4717764957537,233.57522350424625,249.84,8.360000000000014,3.940028571428572,125491239.0,0.0,0.0,-0.0299014802252754,0.0057654817702932,0.0175474359323682,8160834.45,1.3151974918447218,503919694652.6,2445559642.0,206.054960181012,44.52003871673656,60.07942817641096,0,11,0.0,0.0,249.84,246.66,244.62,243.25,241.09,244.4976513826832,245.36411073452376,-0.8664593518405752,0,250.36005714285713,234.59994285714285,-0.0033190087075780656,27.918579265574838,46.821270323126534,33.956261911635444,-47.112894249253614,2029998.9393205817,-0.9455395013359844,1.1855014638789865,0.0014041463616090155,-0.0428295109146174,0.016006033688091836,0.3285652961983563,0,1,0,0,0,0
4915897.0,242.5998,242.71,242.95,243.09,241.58,1732597200000,61388,2024-11-26,245.8665,246.22,236.9258,223.29015,0,0,1,1,46.390128642688374,-0.925736547188933,-0.869661376963838,-0.0560751702250948,258.08377728303196,233.64922271696804,242.48,1.509999999999991,3.444357142857143,130407136.0,0.0,0.0,0.0019364281023642,-0.0012332990750257,0.017045155455994,7962855.8,0.6173535127937392,505114011828.75,2450475539.0,206.1289752905997,47.81657244658912,56.36665163141678,1,11,0.0,0.0,242.48,249.84,246.66,244.62,243.25,244.2595511699627,245.18528771715162,-0.925736547188933,0,249.83871428571427,236.0612857142857,-0.023166659872239162,31.936293309567148,38.090043748970416,33.41694407909126,-44.79754846992123,2039527.4430734685,-1.2714482510523506,2.2678148027093283,0.012080816496563118,-0.051310086297785884,0.02363697648942442,-0.07235477286564006,0,1,0,0,0,0
6930587.0,243.8919,244.85,243.49,245.1835,243.2,1732683600000,65408,2024-11-27,245.166,246.37960000000004,237.1751,223.58495,0,0,1,1,41.118800461361026,-0.9185521669383548,-0.8794395349587414,-0.0391126319796133,256.11554245619254,234.21645754380745,242.95,2.2335000000000207,3.279607142857143,137337723.0,0.0,0.0,0.002220213065622,-0.0046194096966724,0.0168192836120743,7990075.35,0.8673994544995124,506801540457.38,2457406126.0,206.23434404890875,51.60407928514328,47.98023014948967,2,11,0.0,0.0,242.95,242.48,249.84,246.66,244.62,244.1411586822761,245.05971084921447,-0.9185521669383547,0,250.0492142857143,236.93078571428572,-0.08441380753582256,31.805856530767862,40.003484729224276,33.265717464274715,-19.405491656230705,2054931.9171627883,-1.715202705871613,4.3263849154490694,0.024660186003450768,-0.05440776699029126,0.033883911511188636,-0.2746494474272213,0,1,0,0,0,0
2708494.0,245.4548,245.25,245.59,245.81,244.73,1732856400000,32205,2024-11-29,244.77000000000004,246.50800000000004,237.43739999999997,223.8908,1,0,1,1,46.622969506982045,-0.7349341805091001,-0.8505384640688132,0.115604283559713,254.99803577376605,234.54196422623403,243.49,2.319999999999993,3.3117499999999995,140046217.0,0.0,0.0,0.0085876049141319,-0.004337955079867,0.0168585044484267,7628958.7,0.355028006640015,507466719498.84,2460114620.0,206.27767315119652,66.33327254618663,55.25130809263968,4,11,0.0,0.0,243.49,242.95,242.48,249.84,246.66,244.36405734654133,245.09899152705043,-0.7349341805091001,0,252.2135,238.9665,-0.06295860290403774,32.84840771865361,38.88190317184881,32.17261118708641,8.602782313441425,2078291.5516446976,-2.0140188119028317,5.328036402361052,0.03620100417703909,-0.031241371149067,0.026842831458794958,-0.257315381680729,0,1,1,0,0,0
4765001.0,243.8185,244.46,243.44,244.5805,243.14,1733115600000,59797,2024-12-02,244.3185,246.53259999999997,237.6393,224.17970000000005,0,0,1,1,52.06874602164228,-0.7542085879447598,-0.8312724888440025,0.0770639008992427,253.89162306737575,234.74537693262425,245.59,2.450000000000017,2.993892857142858,135281216.0,0.0,0.0,-0.0087929732429502,-0.0256163944924752,0.0151588118222619,7543558.15,0.6316649126645891,508626711342.28,2464879621.0,206.3495137892091,51.25338420749931,56.39691201294309,0,12,0.0,0.0,245.59,243.49,242.95,242.48,249.84,244.22189467784267,244.97610326578743,-0.7542085879447598,0,249.4277857142857,237.4522142857143,-0.04043372103211615,36.335874211469545,30.770735656927695,29.540548976808658,-12.139214376044917,2036576.6929370952,-1.7042244012311707,3.557794195695208,0.028953041125998613,-0.03576662573771139,0.005078237892737647,-1.6898671145309951,0,1,0,0,0,0
3557819.0,244.1565,244.96,243.93,245.18,243.3,1733202000000,44679,2024-12-03,243.8735,246.5576,237.8475,224.46765,1,0,1,1,56.50570087189803,-0.7216263306599444,-0.8093432572071909,0.0877169265472465,252.56780612224648,235.17919387775353,243.44,1.8799999999999957,2.93175,138839035.0,0.0,0.0,0.0020107932991401,0.0059798746288355,0.0062585237801977,7492377.35,0.4748584906765274,509494570130.95,2468437440.0,206.40367945924123,54.6901959684095,57.42561757403183,1,12,0.0,0.0,243.44,245.59,243.49,242.95,242.48,244.1769878043284,244.89861413498835,-0.7216263306599444,0,249.7935,238.06650000000002,-0.044105646019255096,38.56667762098047,27.354213103496434,27.622367484109677,4.224297377017743,2043737.9290116923,-2.036105831412935,4.557668718732715,0.011779833257289818,-0.03520151880710365,0.005150815889236826,0.9554753299816179,0,1,0,0,0,0
4583584.0,244.7641,244.93,244.67,245.34,244.365,1733288400000,46395,2024-12-04,243.43700000000004,246.5296,238.0559,224.75365,1,0,1,1,62.50888415067518,-0.6288439201871086,-0.7732433898031745,0.1443994696160659,250.9080193766501,235.96598062335,243.93,1.4099999999999966,2.7553214285714285,143422619.0,0.0,0.0,0.003029064943946,0.0070796460176991,0.0063098621214896,7420062.35,0.6177285019714154,510616035628.2301,2473021024.0,206.47460360136023,59.880483117538944,55.2746877644826,2,12,0.0,0.0,243.93,243.44,245.59,243.49,242.95,244.25283583443172,244.88167975461883,-0.6288439201871086,0,250.18064285714286,239.15935714285712,-0.06640733183135918,41.45095852403763,24.439461295820006,26.04049672323294,31.27460594872346,2057642.9516001393,-2.0292957328081003,4.698167275262905,0.005837615621788306,-0.0344514601420679,-0.005689437964806809,1.121995165890585,0,1,0,0,0,0
4806206.0,243.189,244.16,242.86,244.38,242.15,1733374800000,66162,2024-12-05,243.295,246.4722,238.2016,225.03055,0,0,1,1,59.97272417320154,-0.6933723003558327,-0.7572691719137062,0.0638968715578734,250.69251167267296,235.897488327327,244.67,2.519999999999982,2.802749999999999,138616413.0,0.0,0.0,-0.0074252182061289,-0.0025873752515503,0.0073836534237996,6930361.8,0.6935000132316325,511783270817.39,2477827230.0,206.54517983378125,46.44381223328601,53.67149710641149,3,12,0.0,0.0,244.67,243.93,243.44,245.59,243.49,244.0385533983653,244.73192569872114,-0.6933723003558327,0,248.46550000000002,237.2545,-0.044157733253259286,40.74951895695566,25.956649712410947,23.943586195548622,-6.151063708248794,2022087.9883435084,-1.6278937905376976,3.219276232209585,-0.007194832801896811,-0.011558811558811444,-0.011679485614291996,-0.35041890495854267,0,1,0,0,0,0
3540698.0,243.2842,242.79,242.95,243.86,242.435,1733461200000,40491,2024-12-06,242.96,246.3916,238.3588,225.3075,0,0,1,1,60.965517241379295,-0.7288475577489351,-0.7515848490807521,0.022737291331817,249.7256034079488,236.1943965920511,242.86,1.4250000000000114,2.79382142857143,142157111.0,0.0,0.0,0.000370515226239,-0.0107496233559999,0.0055327268056211,6666324.45,0.5311319643315591,512643483396.49,2481367928.0,206.5971263720186,25.15090543259558,43.82506692780686,4,12,0.0,0.0,242.86,244.67,243.93,243.44,245.59,243.87108364477064,244.59993120251957,-0.7288475577489351,0,248.53764285714286,237.36235714285712,-0.08260499095108115,40.879747391340615,26.03960268806439,21.818436226825536,0.6634650207449226,2023400.113930266,-1.6078475455060621,3.4875874263900886,-0.015040947052623044,-0.026837572601642323,-0.016317110697222414,-1.9429124741806973,0,1,1,0,0,0
4711536.0,246.0942,246.28,245.36,247.11,245.2595,1733720400000,56372,2024-12-09,242.83,246.3984,238.5546,225.5912,1,0,1,1,57.93385358602752,-0.5560848955042275,-0.7124848583654472,0.1563999628612197,249.283813234292,236.376186765708,242.95,4.160000000000025,2.740607142857146,146868647.0,0.0,0.0,0.0098708589540841,0.0078869536641472,0.0061963726421797,6588505.45,0.7151145332967737,513799505869.45,2486079464.0,206.67058849469265,43.546576879910496,38.38043151526404,0,12,0.0,0.0,242.95,242.86,244.67,243.93,243.44,244.1001476994213,244.65623259492554,-0.5560848955042275,0,250.8412142857143,239.87878571428573,-0.07879267109763591,40.722207008164894,26.545212863013926,19.942054873608544,90.09490425873688,2070137.3098965145,-1.8038198134673415,3.9125834248189966,-0.01793147614473256,-0.01048556218744956,0.0013876418251570488,1.2728319278508609,0,1,0,0,0,0
4641963.0,248.3596,247.86,248.59,248.86,247.83,1733806800000,54591,2024-12-10,243.15249999999995,246.509,238.8232,225.89315,1,1,1,1,59.54253037884204,-0.1567285658765627,-0.6013335998676703,0.4446050339911076,250.0877945522364,236.21720544776355,245.36,3.5,2.832035714285717,151510610.0,0.0,0.0,0.0130784332000927,0.019103841265937,0.0080824611938375,6237911.2,0.7441534275127225,514953451451.62,2490721427.0,206.7487137940858,79.79797979797998,49.498487370162024,1,12,0.0,0.0,245.36,242.95,242.86,244.67,243.93,244.79089420720265,244.94762277307922,-0.1567285658765627,0,254.25407142857145,242.92592857142856,-0.09292853424025249,39.24360315289508,25.688235361819984,18.181145954038648,143.972892098817,2131245.6425098167,-0.24944415990556248,-0.3358074404664012,0.025197954470471906,0.026637482448170546,0.022751583971035938,2.3636139007216963,0,1,0,0,0,0
11033776.0,250.4056,249.35,250.96,251.26,248.97,1733893200000,101401,2024-12-11,243.698,246.616,239.1148,226.20795,1,1,1,1,60.93857832988268,0.3470033569471127,-0.4116662085047137,0.7586695654518265,251.2908930759706,236.10510692402943,248.59,2.6699999999999875,2.8827500000000015,162544386.0,0.0,0.0,0.0094886108763337,0.0257080966199372,0.0084398279870316,6282324.5,1.75632061030913,517722487876.58,2501755203.0,206.94370386668885,96.93251533742348,73.42569067177133,2,12,0.0,0.0,248.59,245.36,242.95,242.86,244.67,245.73998740609454,245.39298404914743,0.3470033569471127,1,256.7255,245.1945,0.006328467387710526,39.792113175714505,25.23631948034836,17.658344783978922,172.87910650162308,2236439.130260732,-0.483561572161458,-0.6497651882248994,0.03296974686149423,0.04544886481982924,0.021782500712511643,3.046041483194285,0,1,0,0,0,0
9750285.0,247.6051,247.81,247.28,248.24,246.87,1733979600000,88976,2024-12-12,244.1805,246.6484,239.3618,226.50265,1,1,1,1,51.01241018941869,0.4441494120717095,-0.2405030843894291,0.6846524964611387,251.36529527598796,236.99570472401209,250.96,4.090000000000003,3.0184642857142876,152794101.0,0.0,0.0,-0.0147722660585618,0.0181997858848719,0.0113116044025346,6348254.05,1.5359002527631989,520133538351.38,2511505488.0,207.10029933702455,59.30470347648273,78.6783995372954,3,12,0.0,0.0,250.96,248.59,245.36,242.95,242.86,245.97691242054154,245.53276300846983,0.44414941207170955,1,253.31692857142858,241.24307142857143,0.04047291050694317,34.21678478076191,29.071074451513685,16.583001996252715,87.80216358827104,2093463.959715625,-0.5601076681283,-0.8509784078674301,0.015565320957739548,0.04060935067121152,0.006594480175852846,1.6089468078750866,0,1,0,0,0,0
6563591.0,245.0631,245.67,244.29,245.94,244.27,1734066000000,75456,2024-12-13,244.54450000000003,246.62440000000004,239.5867,226.77755,0,0,1,1,40.880709825829754,0.2766809434420167,-0.1370662788231399,0.4137472222651567,250.88811834319927,238.2008816568008,247.28,3.009999999999991,2.9670357142857164,146230510.0,0.0,0.0,-0.0121652536767113,0.0055155381765794,0.013404061008403,6265912.3,1.0475076390711693,521736957996.77,2518069079.0,207.19723789466775,28.732106339468324,61.65644171779152,4,12,0.0,0.0,247.28,250.96,248.59,245.36,242.95,245.71738743276592,245.4407064893239,0.27668094344201677,1,250.22407142857142,238.35592857142856,-0.0065437583853338675,26.191364631319946,35.83422607079357,16.95651784602112,7.8329888452626735,2014099.9307201537,-0.0940529257044193,-1.4590848896783233,-0.005293375137424228,0.03071600354415427,-0.00488818281803749,0.41148231556828624,0,1,1,0,0,0
3310036.0,244.9556,245.41,244.88,245.54,244.29,1734325200000,38982,2024-12-16,244.959,246.622,239.8522,227.0375,0,0,1,1,55.071851225697394,0.1893859216558553,-0.0717758387273408,0.2611617603831962,250.07963688472697,239.83836311527304,244.29,1.25,2.4591785714285725,149540546.0,0.0,0.0,0.0024122504900074,-0.0019563090968374,0.0125732296578843,6066440.0,0.5456307158729008,522547519612.45,2521379115.0,207.2467073688956,34.090909090908994,40.70923963562003,0,12,0.0,0.0,244.29,247.28,250.96,248.59,245.36,245.58855859695578,245.39917267529992,0.18938592165585533,1,249.79835714285713,239.96164285714286,0.031692468593465764,31.6002730204335,24.70337074670594,16.024958011642518,-2.6312313267950453,2022094.204902478,-0.45789678404281875,-0.8657948600154717,0.005915215248110339,0.035039519844456635,-0.0004897959183673972,-0.1555930810251165,0,1,0,0,0,0
3993839.0,243.9151,243.8,243.94,244.55,243.23,1734411600000,48531,2024-12-17,245.1015,246.6174,240.0853,227.27715,0,0,1,1,52.051388313302965,0.0438483869612298,-0.0486509935896267,0.0924993805508565,249.91841001630985,240.28458998369015,244.88,1.6500000000000057,2.4691785714285737,145546707.0,0.0,0.0,-0.0038460012220648,-0.0187054990144415,0.0100690949080208,5945282.65,0.6717660429483533,523521776698.11,2525372954.0,207.3047372543097,19.648737650932983,27.49058436043678,1,12,0.0,0.0,244.88,244.29,247.28,250.96,248.59,245.33493419742413,245.2910858104629,0.043848386961229835,1,248.87835714285714,239.00164285714285,0.02274676104883156,31.47229413151494,27.66969928470434,15.856517752983885,-46.326618438024546,2006763.3952814392,-0.2286852716082007,-1.1101607162459999,4.0995367523333215e-05,0.011821311543406932,-0.0009419666625710699,-1.8577121983843035,0,1,0,0,0,0
8015848.0,241.0433,243.57,239.26,243.7095,238.82,1734498000000,86108,2024-12-18,244.902,246.5552,240.27469999999997,227.4875,0,0,0,1,42.51857092324015,-0.4440097771096134,-0.1277227502936241,-0.3162870268159893,250.33312898992705,239.47087101007293,243.94,5.1200000000000045,2.675357142857144,137530859.0,0.0,0.0,-0.0193714666723341,-0.0466209754542557,0.0087493406961649,6017119.9,1.332173553663107,525439648490.59,2533388802.0,207.40584630190924,3.536977491961397,19.092208077934472,2,12,0.0,0.0,243.94,244.88,244.29,247.28,250.96,244.40032893628197,244.84433871339158,-0.4440097771096134,0,244.61071428571427,233.90928571428572,-0.0816899901865172,23.457482305844938,37.31144038517914,16.66951374247045,-160.97126061720667,1852978.9866563668,-0.10208261481720703,-1.3091365099427814,-0.022111415375812293,-0.016402877697841767,-0.012831621075215627,-5.328506888481571,0,1,0,0,0,0
8113568.0,239.4767,239.67,239.6,240.05,238.73,1734584400000,74816,2024-12-19,244.651,246.5262,240.4455,227.69145,0,0,0,1,38.70237646171254,-0.7940523868276728,-0.2609886776004338,-0.533063709227239,250.57833507173288,238.72366492826708,239.26,1.3200000000000216,2.6039285714285745,145644427.0,0.0,0.0,0.0014200394985362,-0.0310579100614688,0.0093111272337311,6091261.45,1.3320012720846188,527383659383.3899,2541502370.0,207.50862387879255,6.943335993615359,10.043017045503262,3,12,0.0,0.0,239.26,243.94,244.88,244.29,247.28,243.6618167922386,244.45586917906627,-0.7940523868276728,0,244.80785714285713,234.39214285714286,-0.07615339617998489,22.38238924087706,38.58181318376574,17.966704119868297,-174.2801270832515,1864508.7581183754,-0.38592244118726304,-1.0801116404353164,-0.01342337148974726,-0.02052162537813751,-0.0060153495125493395,-3.3355657082312677,0,1,0,0,0,0
9437805.0,242.2038,241.41,242.1,242.955,241.17,1734670800000,77352,2024-12-20,244.423,246.5118,240.601,227.90225,0,0,1,1,47.50558451228592,-0.8598230652469283,-0.3807555551297327,-0.4790675101171955,250.37570871558447,238.4702912844155,239.6,3.355000000000018,2.6685714285714317,155082232.0,0.0,0.0,0.0103799977027185,-0.0089647550042981,0.0110612681150453,6180830.25,1.5269477753413467,529668551973.8899,2550940175.0,207.6366028356153,26.89545091779732,12.45858813445804,4,12,0.0,0.0,239.6,239.26,243.94,244.88,244.29,243.42153728574036,244.28136035098728,-0.8598230652469283,0,247.43714285714285,236.76285714285714,-0.11712938464199814,29.615899349674457,33.39132761418857,17.802352311665246,-79.94300263283965,1962983.3511901624,-0.5107394125696695,-1.2976695481773726,-0.0034986622761884467,-0.018486986134760408,-0.002965159377316562,-0.8104628516757428,0,1,1,0,0,0
5756448.0,241.0628,241.6,240.96,241.67,240.65,1734930000000,66593,2024-12-23,243.979,246.4216,240.7529,228.0989,0,0,1,1,44.601962922573605,-0.9924944165412626,-0.5031033274120388,-0.4893910891292238,249.54242908266644,238.41557091733353,242.1,1.4499999999999886,2.6378571428571456,149325784.0,0.0,0.0,-0.0047199193324839,-0.0160078405749753,0.0108397547972561,6093504.5,0.9446859356549256,531055625683.97,2556696623.0,207.7116310580624,17.797286512370455,17.212024474594394,0,12,0.0,0.0,242.1,239.6,239.26,243.94,244.88,243.0428392417803,244.03533365832158,-0.9924944165412626,0,246.2357142857143,235.68428571428572,-0.1721289664866192,28.33739506408401,35.18819387078566,17.35773400744366,-106.1091300631631,1935877.4002607947,-0.20701539593195967,-1.2119461469345387,-0.017932833387675262,-0.03554274735830931,-0.018372917260765065,-1.476770102892584,0,1,0,0,0,0
2421008.0,241.2662,241.49,241.44,241.66,240.82,1735016400000,29413,2024-12-24,243.927,246.349,240.9139,228.2961,0,0,1,1,44.073394495412856,-1.0468381314694284,-0.6118502882235167,-0.4349878432459116,249.568317875141,238.285682124859,240.96,0.8400000000000034,2.59714285714286,151746792.0,0.0,0.0,0.00199005040801,-0.0102484217430515,0.0110683013029092,5677899.45,0.4263914888454039,531640153855.49,2559117631.0,207.7435391853193,21.62809257781331,22.10694333599371,1,12,0.0,0.0,240.96,242.1,239.6,239.26,243.94,242.7962485891987,243.84308672066814,-1.0468381314694284,0,246.6342857142857,236.24571428571429,-0.14479913849054815,28.34158415062103,35.7398239725687,16.338248509984773,-92.82567853544276,1940700.1253603962,-0.31841088099707027,-0.9336805525119948,-0.028762218914678783,-0.0042890135268888185,-0.014812094503611206,-0.9259246024601603,0,1,0,0,0,0
4651778.0,242.9923,242.39,243.07,243.56,242.195,1735189200000,43326,2024-12-26,243.933,246.292,241.1198,228.5125,0,0,1,1,50.38788326560764,-0.9474568467952622,-0.6789715999378658,-0.2684852468573964,249.57019639163465,238.29580360836533,241.44,2.1200000000000045,2.5685714285714334,156398570.0,0.0,0.0,0.0067284726816323,0.0159240993061942,0.0057304392723927,5664693.5,0.821187942472086,532770861533.95,2563769409.0,207.8076365462827,34.63687150837991,24.687416866187903,3,12,0.0,0.0,241.44,240.96,242.1,239.6,239.26,242.83836419086043,243.7858210376557,-0.9474568467952622,0,248.20714285714286,237.93285714285713,-0.16890056776768664,33.940489423264495,29.977753050617846,15.197072198009248,-38.641209385972644,1972105.0215664932,-0.4024802175193807,-0.8737770016192182,-0.03143927319094686,0.0004939287919325519,-0.01158913467794398,2.778857040565901,0,1,0,0,0,0
4728440.0,241.5116,241.2,241.4,241.95,241.05,1735275600000,45773,2024-12-27,243.8285,246.177,241.3268,228.71355,0,0,1,1,47.2949389179756,-0.9920161611183858,-0.7415805121739698,-0.2504356489444159,249.57666867861923,238.08033132138075,243.07,2.019999999999982,2.611071428571431,151670130.0,0.0,0.0,-0.0068941590377399,0.0075125208681134,0.0073413331424048,5554586.15,0.8512677402618014,533912306949.95,2568497849.0,207.86947793544755,21.308858739026466,25.857940941739912,4,12,0.0,0.0,243.07,241.44,240.96,242.1,239.6,242.6170773922665,243.6090935533849,-0.9920161611183858,0,246.62214285714288,236.17785714285714,-0.137563497923196,33.38804540189076,32.62207631442411,13.695944872845006,-80.07960131415122,1939618.516444512,-0.5518243666829671,0.061285659242417675,-0.023778712390811974,-0.008583514723397245,-0.023265223548452396,1.0233169492813718,0,1,1,0,0,0
3522539.0,240.4434,241.08,240.63,241.08,239.58,1735534800000,40313,2024-12-30,243.58049999999997,246.017,241.5276,228.91495,0,0,0,1,41.2439837097371,-1.0770467787661744,-0.8086737654924108,-0.2683730132737636,249.43566946583516,237.7253305341648,241.4,1.8199999999999932,2.4439285714285717,148147591.0,0.0,0.0,-0.0031948246164883,-0.0060718711276331,0.0055187877171688,5595288.4,0.6295545016053149,534759935509.52,2572020388.0,207.9143454711682,15.163607342378336,23.70311252992825,0,12,0.0,0.0,241.4,243.07,241.44,240.96,242.1,242.31137317807168,243.38841995683785,-1.0770467787661744,0,245.51785714285714,235.74214285714285,-0.13831444226964557,26.17273125057054,39.14949582371768,13.609530506004077,-101.7240191393933,1928382.5801147686,-0.8759963744504415,1.6924359726269478,-0.014982193294854507,-0.020196262062787573,-0.03217632626794831,-1.1002162860116627,0,1,0,0,0,0
2522102.0,242.0558,241.05,242.13,242.52,241.05,1735621200000,34636,2024-12-31,243.515,245.8342,241.7088,229.12704999999997,0,0,1,1,37.22310126582277,-1.0117340515242574,-0.8492858226987802,-0.1624482288254772,249.40598687112393,237.6240131288761,240.63,1.8900000000000148,2.328928571428573,150669693.0,0.0,0.0,0.0062142879574477,0.0048555776892429,0.0059349351402811,5483143.45,0.4599737400632843,535370612066.78,2574542490.0,207.9478641918938,27.134876296887512,21.202447459430783,1,12,0.0,0.0,240.63,241.4,243.07,241.44,240.96,242.2834696122145,243.29520366373876,-1.0117340515242574,0,246.78785714285715,237.47214285714284,-0.10499512860132267,26.514338283541,41.08265602175029,13.657774824678691,-51.296951602578226,1944104.4477123248,-0.8691403636031906,1.2862993665835936,-0.011229990199281281,-0.005381202760433745,-0.03637521391332044,0.8181335420082625,0,1,0,1,1,1
6241899.0,245.0176,244.22,245.42,245.53,244.08,1735794000000,76110,2025-01-02,243.5895,245.7182,241.9174,229.354,1,0,1,1,39.42748091603049,-0.6865832361463902,-0.8167453053883021,0.1301620692419119,249.539970923422,237.63902907657797,242.13,3.4000000000000057,2.381071428571431,156911592.0,0.0,0.0,0.013496256544011,0.0164844267726971,0.0082205576762786,5617347.45,1.1111826454673015,536902498919.3601,2580784389.0,208.0384945010453,70.34700315457397,37.54849559794662,3,1,0.0,0.0,242.13,240.63,241.4,243.07,241.44,242.7660127487969,243.4525959849433,-0.6865832361463902,0,250.18214285714285,240.65785714285713,-0.044913471491234355,27.763611811080317,40.182990838403,13.364518264043479,39.69742734354332,2028917.7616758978,-0.7999314607877622,0.8419197485381561,0.006067065671886418,0.006108309760996855,-0.023087333811002364,2.005266232436091,0,1,0,0,0,0
4875546.0,243.8608,244.56,243.49,244.82,243.36,1735880400000,55879,2025-01-03,243.5305,245.50940000000003,242.0682,229.57245,0,0,1,1,42.249488752556246,-0.5779712498971321,-0.7689904942900682,0.191019244392936,249.45922214863828,237.6017778513617,245.42,2.059999999999974,2.236071428571429,152036046.0,0.0,0.0,-0.0078951546308677,0.001727897313531,0.0092227981064336,5631945.55,0.8656948041694047,538089645614.9,2585659935.0,208.1053422111752,66.01941747572835,54.500432309063285,4,1,0.0,0.0,245.42,242.13,240.63,241.4,243.07,242.87739540282814,243.45536665272527,-0.5779712498971321,0,247.96214285714288,239.01785714285714,-0.06513986776827119,29.5639674079016,38.380450395022876,13.710616755659386,8.361223190978873,1990576.1278237265,0.18491867067581455,-1.2513411795003384,0.017679511828136762,-0.004822822577349006,-0.041113692749970454,0.18735045699646097,0,1,1,0,0,0
3758903.0,243.0908,242.33,243.19,243.79,242.05,1736139600000,46422,2025-01-06,243.54699999999997,245.3558,242.2195,229.7775,0,0,1,1,47.47242647058825,-0.5102214458568426,-0.717236684603423,0.2070152387465804,249.46969888692877,237.62430111307117,243.49,1.739999999999981,2.1453571428571427,148277143.0,0.0,0.0,-0.0012328430919601,0.0074150787075393,0.0084248279038159,5579580.4,0.6736891899613096,539003773235.47,2589418838.0,208.1562724907735,65.49192364170347,67.28611475733527,0,1,0.0,0.0,243.49,245.42,242.13,240.63,241.4,242.92548841777767,243.43570986363451,-0.5102214458568426,0,247.48071428571427,238.89928571428572,-0.03965330179216427,30.814050264420146,35.708340257796344,13.125671894290637,-17.79433736967904,1985944.845635546,0.30511576755916,-1.2916814312018248,0.014983305509181921,0.0013588075434405322,-0.03061346514130825,0.880144970407176,0,1,0,0,0,0
5090333.0,244.6588,245.52,244.56,245.77,243.81,1736226000000,61629,2025-01-07,243.6275,245.19100000000003,242.4031,229.99045,1,0,1,1,49.29015084294589,-0.3420388763568098,-0.6421971229541005,0.3001582465972906,249.55979120554048,237.69520879445952,243.19,2.5800000000000125,2.2403571428571434,153367476.0,0.0,0.0,0.0056176467570051,0.0163321281635706,0.0081192423480061,5657062.15,0.8998191755768495,540248665073.95,2594509171.0,208.2276952853176,82.81249999999994,71.44128037247727,1,1,0.0,0.0,243.19,243.49,245.42,242.13,240.63,243.17695173811958,243.5189906144764,-0.34203887635680985,0,249.0407142857143,240.0792857142857,-0.04099468008051005,35.82018171980868,34.19416546016434,12.416595229859677,30.3035221011754,2014621.0091702305,0.37106105105567866,-0.7769372241512329,0.010161090458488342,0.006626877958427757,-0.03259493670886082,2.011531045414716,0,1,0,0,0,0
6303334.0,245.6909,245.72,245.86,246.45,244.51,1736312400000,56136,2025-01-08,243.65249999999995,245.04179999999997,242.59260000000003,230.218,1,1,1,1,54.192139737991305,-0.1026703233142711,-0.5342917630261347,0.4316214397118635,249.61964469318767,237.68535530681228,244.56,1.9399999999999975,2.261071428571429,159670810.0,0.0,0.0,0.0053015906566158,0.0154049477553381,0.0080455829463663,5736652.05,1.0987826950389994,541798402771.19,2600812505.0,208.31890100866383,92.3575129533682,80.22064553169055,2,1,0.0,0.0,244.56,243.19,243.49,245.42,242.13,243.5897283937935,243.69239871710778,-0.10267032331427117,0,250.38214285714287,241.33785714285716,0.017701357489212134,37.640183213508045,30.53230136454504,12.702075127957528,57.50442919012471,2048127.446036439,-0.03573496710660297,-0.6443198138036311,0.02033532536520588,0.0020378219758721006,-0.029448918364124332,1.9147063315321673,0,1,0,0,0,0
12380131.0,248.3215,248.01,248.21,249.04,247.55,1736485200000,121280,2025-01-10,243.6335,244.9394,242.7548,230.4541,1,1,1,1,71.75498298492958,0.2735035609590852,-0.3727326982290907,0.646236259188176,249.5365242917879,237.73047570821208,245.86,3.1799999999999784,2.1224999999999983,172050941.0,0.0,0.0,0.0095128938083261,0.0113682666449352,0.0068639756899122,6123560.45,2.021721039758822,544871275086.7,2613192636.0,208.50788708816032,91.94956353055302,89.03985882797373,4,1,0.0,0.0,245.86,244.56,243.19,243.49,245.42,244.30053941013296,244.02703584917387,0.27350356095908523,1,252.455,243.965,-0.012981664028198316,48.813730422744854,17.684671035609977,14.417358897620298,137.2745193497024,2166460.2689844575,-0.26601520107725213,-1.1021349078761393,0.028040092776673298,-0.0015286214248360075,-0.020210792247266407,1.6562194559412926,1,1,1,0,0,0
8448595.0,245.7807,246.34,245.74,246.79,245.151,1736744400000,69575,2025-01-13,243.37250000000003,244.7324,242.8961,230.6746,1,1,1,1,63.52422907488992,0.3680728029287081,-0.2245715979975309,0.592644400926239,248.29108719552323,238.45391280447683,248.21,3.0589999999999975,2.2467142857142823,163602346.0,0.0,0.0,-0.0100010956080959,0.0092406258983941,0.0076612732868468,5994301.4,1.4094378037113715,546947432822.0,2621641231.0,208.62787262976184,65.11627906976754,83.14111851789626,0,1,0.0,0.0,248.21,245.86,244.56,243.19,243.49,244.52199488549712,244.1539220825684,0.36807280292870814,1,250.23342857142856,241.24657142857146,-0.10100458779424684,46.114961516463794,24.047815850432997,14.7658825218941,81.4224657390821,2082386.179906661,0.03081388103286765,-1.3906195106398347,0.010984490064590569,-0.0208001275103602,-0.04041547893318742,1.2061459617684127,0,1,0,0,0,0
4886037.0,246.4748,245.62,247.03,247.04,245.52,1736830800000,51204,2025-01-14,243.36,244.523,243.0418,230.89425,1,1,1,1,61.470451372731546,0.5408769349228066,-0.0714818914134634,0.61235882633627,248.23787701879527,238.4821229812047,245.74,1.5199999999999818,2.115642857142851,168488383.0,0.0,0.0,0.0052357203030666,0.0157901229491344,0.0075581942196443,5751089.0,0.8495846612702395,548154430542.11,2626527268.0,208.6993107669157,78.75264270613113,78.60616176881724,1,1,0.0,0.0,245.74,248.21,245.86,244.56,243.19,244.90784182618987,244.36696489126706,0.5408769349228066,1,251.2612857142857,242.7987142857143,-0.02932439237381821,40.008102893410374,25.537661627489854,15.91479651103818,106.54506975444102,2108035.189957934,-0.3840789746305538,-0.8168038385413264,0.023322286661143332,-0.0010109996764801066,-0.0406601941747573,2.089136849212776,0,1,0,0,0,0
6344973.0,248.1982,248.21,248.88,248.9,247.0102,1736917200000,60757,2025-01-15,243.5895,244.4304,243.2091,231.11005,1,1,1,1,67.83783783783784,0.8176792954888867,0.1063503459670065,0.7113289495218802,249.04886366062124,238.1301363393787,247.03,1.889800000000008,2.1470571428571383,174833356.0,0.0,0.0,0.0074610658468895,0.0176643768400392,0.0077521440642392,5740158.1,1.1053655473357085,549733567422.35,2632872241.0,208.79614242639963,98.30866807610995,80.7258632840029,2,1,0.0,0.0,247.03,245.74,248.21,245.86,244.56,245.51894308369913,244.70126378821024,0.8176792954888867,1,253.17411428571427,244.58588571428572,0.08052138038529805,45.610603202519655,23.43406921652425,17.438710499666414,146.75386072165492,2155552.4957507523,-0.8387423653857409,-0.10744729814148814,0.03428500187009109,0.018789144050104456,-0.01826357934598244,2.278641096869479,0,1,0,0,0,0
9158248.0,250.7432,250.56,250.6,251.39,250.27,1737003600000,82743,2025-01-16,243.87549999999996,244.393,243.4214,231.32395,1,1,1,1,69.5392491467577,1.162436936439633,0.3175676640615318,0.844869272378101,250.1569328737424,237.5940671262575,248.88,2.509999999999991,2.2663428571428517,183991604.0,0.0,0.0,0.0068871898725864,0.0192792646221426,0.0078756110610854,6032568.7,1.5181340578848277,552028624371.15,2642030489.0,208.9410499498403,93.31075359864526,90.12402146029548,3,1,0.0,0.0,248.88,247.03,245.74,248.21,245.86,246.3006441477454,245.13820721130577,1.162436936439633,1,255.13268571428569,246.0673142857143,0.04697872572195113,51.057714111136434,22.200650506101507,19.42769236755873,189.41574817780162,2218844.7914756,-0.8551602995420949,-0.12446919840282789,0.03498120844174624,0.023358379614505154,-0.007406820612349985,2.4479675282250786,0,1,0,0,0,0
8312858.0,250.0635,249.7,249.27,250.81,249.15,1737090000000,71253,2025-01-17,244.142,244.3218,243.5939,231.51585,1,1,1,1,63.39671564390672,1.3132021886211191,0.5166945689734493,0.7965076196476698,250.871259285113,237.41274071488695,250.6,1.6599999999999966,2.2334857142857083,175678746.0,0.0,0.0,-0.0053213961169682,0.0042705773337092,0.0079878153352004,6248519.65,1.3303723866820198,554100770484.81,2650343347.0,209.06754255519863,82.04911092294682,91.22284419923405,4,1,0.0,0.0,250.6,248.88,247.03,245.74,248.21,246.75746812501535,245.44426593639423,1.3132021886211191,1,253.73697142857142,244.8030285714286,-0.01396742639299884,45.732487320993364,26.10909276143984,20.935915178874872,135.88954291134317,2174726.2713638684,-0.6728492751863016,-1.2822897587458755,0.01568739304050215,0.021849635156186098,-0.01408060752284146,0.5346357931600991,0,1,1,0,0,0
7643119.0,252.7027,251.95,253.13,253.3598,251.83,1737435600000,73902,2025-01-21,244.8355,244.3164,243.7976,231.7178,1,1,1,1,73.1543624161074,1.7242780735083445,0.7582112698804284,0.966066803627916,252.26836153014293,237.40263846985707,249.27,4.089799999999997,2.381328571428566,183321865.0,0.0,0.0,0.0153665444071339,0.0300724342801335,0.007405818610173,6229883.2,1.2268478805509548,556035473197.28,2657986466.0,209.1942454598187,98.33234154341854,91.23073535500356,1,1,0.0,0.0,249.27,250.6,248.88,247.03,245.74,247.73785764424375,246.0135795707354,1.7242780735083443,1,257.8926571428571,248.36734285714286,0.08165920964409185,50.54141444135591,21.053673513268862,23.794946608589804,177.95686304700024,2293081.626360458,-0.6157905466059654,0.23820326611815443,0.039590948293564354,0.057970408760344316,-0.0010655090765588904,4.060644103864971,0,1,0,0,0,0
5213777.0,254.2912,254.29,254.43,254.68,253.7801,1737522000000,51725,2025-01-22,245.577,244.491,244.008,231.93235,1,1,1,1,76.68213457076573,2.1303998856164696,1.0326489930276368,1.0977508925888328,253.73430631493943,237.41969368506057,253.13,1.5500000000000114,2.3620428571428533,188535642.0,0.0,0.0,0.0051225582895846,0.0299558758045581,0.0074086272160081,6084893.65,0.8568394617710369,557362014479.39,2663200243.0,209.28280400408104,98.16581071166544,92.84908772601028,2,1,0.0,0.0,253.13,249.27,250.6,248.88,247.03,248.76741800666778,246.6370181210513,2.1303998856164696,1,259.1540857142857,249.7059142857143,0.08143009447610039,54.94638416656701,16.78026889049427,26.176713360637393,179.6896873141629,2319858.0262340405,-0.9546418031825592,1.1994110552190602,0.04621900571569548,0.061894824707846574,0.03553113553113563,4.04337193618165,0,1,0,0,0,0
6511526.0,253.7843,253.19,254.07,254.54,252.82,1737608400000,62145,2025-01-23,246.1755,244.5794,244.23120000000003,232.127,1,1,1,1,74.15048543689323,2.3955904804520287,1.3052372905125154,1.0903531899395134,254.9887710338302,237.3622289661698,254.43,1.7199999999999989,2.349899999999995,182024116.0,0.0,0.0,-0.001415929440101,0.0208534233365478,0.0079833169130109,5938579.7,1.096478674858906,559016397890.21,2669711769.0,209.39204163586615,95.17022961203472,97.22279395570624,3,1,0.0,0.0,254.43,253.13,249.27,250.6,248.88,249.58319985179583,247.1876093713438,2.3955904804520287,1,258.7698,249.3702,0.10495964374226135,50.85322778147004,19.785340403608352,27.77883874266167,144.02806814765066,2310644.689127567,-0.5869969152472732,0.203313136752381,0.03888616290480851,0.049442379182156104,0.01770478670138198,2.612121934097643,0,1,0,0,0,0
7293337.0,256.1291,255.96,255.65,257.07,255.61,1737694800000,76172,2025-01-24,246.91,244.7332,244.4582,232.32285,1,1,1,1,72.22946544980448,2.70210059913569,1.5846099522371504,1.1174906468985395,256.3213615548309,237.4986384451691,254.07,3.0,2.321328571428566,189317453.0,0.0,0.0,0.0061995019243908,0.0201516360734237,0.0079296361850958,6015424.15,1.212439358910377,560880939494.26,2677005106.0,209.51806861972415,90.54593874833564,94.62732635734528,4,1,0.0,0.0,254.07,254.43,253.13,249.27,250.6,250.51655372075032,247.81445312161463,2.70210059913569,1,260.29265714285714,251.00734285714287,0.06508229918654386,50.00215392355308,20.028862775618478,29.53040139617724,157.20147751267288,2356000.191390723,-0.6227667289112925,0.189192325571254,0.03981940941999507,0.06096447543160699,0.031013066623649,2.5413033069873654,0,1,1,0,0,0
5799780.0,252.9108,253.86,252.99,254.26,251.92,1737954000000,74988,2025-01-27,247.4875,244.95019999999997,244.6752,232.49945,1,1,1,1,70.0084245998315,2.69925695309999,1.8075393524097183,0.8917176006902716,256.9030590716398,238.07194092836025,255.65,3.730000000000018,2.4406142857142834,183517673.0,0.0,0.0,-0.0104593592713482,0.0149235768443856,0.0095958493820993,6184362.75,0.9378136817734374,562348225836.46,2682804886.0,209.612047738182,72.83621837549941,86.18412891195662,0,1,0.0,0.0,255.65,254.07,254.43,253.13,249.27,250.89708391755798,248.197826964458,2.69925695309999,1,257.87122857142856,248.10877142857143,0.049975917410380474,47.55828449290924,27.742137509953114,30.483265267743246,93.27447317275004,2295654.3482457986,-0.2609502157785837,-0.7710692058639899,0.019257886467104468,0.047837972166998144,0.04480878830428692,1.5552100390534014,0,1,0,0,0,0
5332005.0,254.7217,254.225,255.18,255.25,253.891,1738040400000,63672,2025-01-28,248.093,245.2528,244.9241,232.6973,1,1,1,1,73.39055793991419,2.8409691169968028,2.0142253053271353,0.8267438116696675,257.8632903043634,238.3227096956366,252.99,2.259999999999991,2.477757142857141,188849678.0,0.0,0.0,0.0086192162389371,0.0080986054596452,0.0077031866297603,6218374.1,0.8574596694013633,563708846872.36,2688136891.0,209.70243322045164,85.74660633484172,83.04292115289226,1,1,0.0,0.0,252.99,255.65,254.07,254.43,253.13,251.55599408408753,248.71502496709073,2.8409691169968028,1,260.1355142857143,250.22448571428572,0.07760921248620223,49.69932483591176,23.549811746928576,32.50769794027686,108.05860531051384,2341810.682290622,-0.6634207212185984,0.3732332941826136,0.038414584520224615,0.0498210392068128,0.06302853572172462,1.051330486405772,0,1,0,0,0,0
5428753.0,254.1943,254.55,254.2,254.82,253.3,1738126800000,65615,2025-01-29,248.733,245.5842,245.16179999999997,232.8693,1,1,1,1,69.09667194928682,2.841444811024246,2.1796692064665577,0.6617756045576884,258.3327304786705,239.1332695213295,255.18,1.8799999999999957,2.42775714285714,183420925.0,0.0,0.0,-0.0038478197382435,-0.0009039814487286,0.0077260904992527,6253389.75,0.8681296412077946,565088835884.96,2693565644.0,209.79211594256583,77.14968152866238,78.57750207966785,2,1,0.0,0.0,255.18,252.99,255.65,254.07,254.43,251.96276422499713,249.12131941397288,2.841444811024246,1,259.05551428571425,249.3444857142857,0.09357213204825972,44.89740676435707,25.773641742886344,34.274687178070224,87.49294364111576,2320961.9561365345,-0.27081573156282923,-0.5674023769758841,0.029024814799821774,0.05302402651201321,0.06973025291419432,-0.11700358399635583,0,1,0,0,0,0
12981164.0,257.669,257.2,258.05,258.29,256.45,1738213200000,103194,2025-01-30,249.604,246.005,245.4188,233.0751,1,1,1,1,71.9323497661029,3.116558875450039,2.3670471402632542,0.7495117351867848,259.26902626129566,239.9389737387043,254.2,4.090000000000032,2.581328571428571,196402089.0,0.0,0.0,0.0150320058393824,0.0156649742197032,0.010180489516151,6726321.0,1.929905515957386,568438625255.1599,2706546808.0,210.02357083756,98.17337696932788,87.023221610944,3,1,0.0,0.0,254.2,255.18,252.99,255.65,254.07,252.89926203653604,249.782703161086,3.116558875450039,1,263.21265714285715,252.88734285714287,0.1478417252167198,49.946594486242915,24.240286003265194,36.00500336539678,128.53301490323847,2517568.885326149,-0.16335785944322784,-0.9648773702816921,0.03684506589521064,0.07239330091842255,0.08877262562761068,1.5387235365859286,0,1,0,0,0,0
8891776.0,258.9406,259.08,258.56,259.99,257.86,1738299600000,92597,2025-01-31,250.4255,246.44440000000003,245.6981,233.26315,1,1,1,1,69.9421965317919,3.3372715028440325,2.56109201277941,0.7761794900646226,260.20800312386234,240.6429968761377,258.05,2.1299999999999955,2.5063285714285723,205293865.0,0.0,0.0,0.0019744107379944,0.011382749853315,0.0100341020983602,7044804.7,1.262174947163546,570737682857.72,2715438584.0,210.1825046681741,90.36323202372122,88.56209684057052,4,1,0.0,0.0,258.05,254.2,255.18,252.99,255.65,253.77014480014589,250.43287329730185,3.3372715028440325,1,263.57265714285717,253.54734285714287,0.11112698437415314,48.90477247627304,24.965658354860135,34.976085914703575,132.3569233056561,2535142.2461476955,0.03922006732152628,-0.8869041723083809,0.03176376695929761,0.06785611035394212,0.0928610676698085,1.1344052908453353,0,1,1,1,0,0
11395593.0,260.1995,259.75,259.94,261.3897,259.5236,1738558800000,133622,2025-02-03,251.1515,246.8214,245.9815,233.45675,1,1,1,1,78.55993563958161,3.582248387521986,2.7653232877279255,0.8169250997940605,261.50820802198194,240.79479197801805,258.56,2.8297000000000025,2.489950000000001,216689458.0,0.0,0.0,0.0053230598207117,0.0274714415589547,0.0070781283915452,7302489.4,1.5605079823874854,573699853302.14,2726834177.0,210.39044403254155,90.86498169467596,93.13386356257504,0,2,0.0,0.0,258.56,258.05,254.2,255.18,252.99,254.71935329243112,251.13710490490914,3.582248387521986,1,264.9199,254.96009999999998,0.02774751748192227,53.24174608978332,18.24792809429686,36.22595125880684,137.47455523267735,2595963.4030938586,-0.28837300593278764,-0.1343436560890591,0.04280499057247167,0.05916388232417891,0.07818656933095514,3.881167623363962,0,1,0,0,0,0
9850412.0,262.191,261.83,262.5,262.54,261.35,1738645200000,79672,2025-02-04,252.102,247.2064,246.2803,233.6713,1,1,1,1,79.60199004975121,3.937575024947506,2.9997736351718416,0.9378013897756644,262.97458764532234,241.2294123546777,259.94,2.6000000000000227,2.5670928571428613,226539870.0,0.0,0.0,0.0098002468782361,0.0286856336703502,0.0072296577587971,7551232.7,1.304477347122411,576285586452.14,2736684589.0,210.57800696817532,99.74243068165708,93.65688146668477,1,2,0.0,0.0,259.94,258.56,258.05,254.2,255.18,255.91637586282633,251.97880083787882,3.937575024947506,1,267.6341857142857,257.3658142857143,0.11420662851857241,54.14685315124479,17.699565651612733,38.27256486167924,148.19112128352162,2692974.462261359,-0.5188948371995851,0.29478441787731974,0.037016552759451704,0.07807302147932149,0.07913669064748197,3.9677665181011066,0,1,0,0,0,0
12593627.0,264.7708,264.45,264.13,265.99,263.89,1738731600000,98777,2025-02-05,253.14900000000003,247.5966,246.5991,233.89025,1,1,1,1,79.42879197221147,4.30112068076582,3.2600430442906374,1.0410776364751824,264.4332450019091,241.864754998091,262.5,3.490000000000009,2.681392857142862,239133497.0,0.0,0.0,0.0061903241560313,0.0390637293469708,0.0049717755419952,7992968.9,1.575588139721149,579611941151.65,2749278216.0,210.8233127438602,88.95486935866977,93.18742724500096,2,2,0.0,0.0,262.5,259.94,258.56,258.05,254.2,257.1800103454684,252.8788896647026,4.30112068076582,1,269.49278571428573,258.76721428571426,0.039824856364457074,56.07426842230863,16.94508450646786,39.80601527205251,169.42574870227526,2771174.888966122,-0.5618300220028108,0.2671910220287919,0.03812443501159457,0.08610551420699863,0.07975635679829929,7.857082534435777,0,1,0,0,0,0
8731433.0,262.9855,263.66,263.43,263.72,261.49,1738818000000,78527,2025-02-06,254.09250000000003,247.932,246.8701,234.10225,1,1,1,1,75.77340297308157,4.481093822153213,3.5042531998631525,0.97684062229006,265.5077398135103,242.67726018648975,264.13,2.6399999999999864,2.6906785714285752,230402064.0,0.0,0.0,-0.0026537281476958,0.0208486727378414,0.004703336859576,8175023.9,1.0680620762466515,581912062546.84,2758009649.0,210.9898573987331,84.79809976247029,91.16513326759906,3,2,0.0,0.0,264.13,262.5,259.94,258.56,258.05,258.1415472153964,253.66045339324316,4.481093822153213,1,268.81135714285716,258.04864285714285,0.08575830640076665,49.270630072267856,23.257808034813856,39.5542206789484,129.91961028380857,2748034.756834218,-0.5175053807989038,0.0228485816401301,0.03684024087849802,0.07715897939156036,0.0679883240087571,4.4327312784498485,0,1,0,0,0,0
9154042.0,264.8388,265.22,263.9,266.345,263.26,1738904400000,87222,2025-02-07,254.9945,248.2132,247.1223,234.3439,1,1,1,1,80.44111527257587,4.608524701335341,3.7251075001575904,0.8834172011777506,266.52115099488327,243.46784900511673,263.43,3.0850000000000364,2.7924642857142925,239556106.0,0.0,0.0,0.0017825654692643,0.0206528465346533,0.0047260139015414,8317559.3,1.1005682881034584,584327814230.64,2767163691.0,211.1648892080812,83.1553565277296,85.63610854962322,4,2,0.0,0.0,263.43,264.13,262.5,259.94,258.56,259.02746302841234,254.418938327077,4.608524701335341,1,269.48492857142855,258.3150714285714,0.037247983181117245,54.1892081867809,19.545204563418014,40.959223230189366,134.51428265258983,2764366.988318861,-0.3110805276158393,-0.04471661651812653,0.032270682573831255,0.07337509151549648,0.0562760166506564,4.370025832479887,0,1,1,0,0,0
13250312.0,268.0783,268.0,268.37,268.66,267.24,1739163600000,99954,2025-02-10,256.0025,248.731,247.4194,234.61055,1,1,1,1,80.92532467532465,5.012426105807492,3.982571221287571,1.0298548845199211,268.5148583119356,243.49014168806443,263.9,4.760000000000048,2.840335714285725,252806418.0,0.0,0.0,0.0167963818686991,0.032430560898669,0.0074662519967027,8361068.35,1.5847630285189571,587883800462.08,2780414003.0,211.4375052879778,98.26762246117072,88.74035958379022,0,2,0.0,0.0,263.9,263.43,264.13,262.5,259.94,260.4647764086566,255.45235030284908,5.012426105807492,1,274.05067142857143,262.6893285714286,0.09237430213368666,52.68542198163548,19.2157868614082,41.34226991231867,157.15146573617918,2988803.875927805,0.19215016467771565,-0.8037619026394063,0.06079291671607567,0.0812215462713024,0.1067716925107225,4.343614102075604,0,1,0,0,0,0
6997450.0,267.5893,267.7,267.39,268.36,266.711,1739250000000,69810,2025-02-11,257.085,249.2198,247.71989999999997,234.8743,1,1,1,1,76.64473684210516,5.193574771923238,4.224771931414705,0.9688028405085332,269.6050966870299,244.56490331297005,268.37,1.6589999999999918,2.848121428571438,245808968.0,0.0,0.0,-0.0036583585672418,0.0186285714285714,0.0083052456794314,8288511.1,0.8442348590206992,589754848617.58,2787411453.0,211.5779670715086,92.41338112305831,91.27878670398624,1,2,0.0,0.0,268.37,263.9,263.43,264.13,262.5,261.5301954227094,256.3366206507862,5.193574771923238,1,273.08624285714285,261.6937571428571,0.10006888565148228,49.23044511815286,20.48994700253794,40.48598471549457,131.13543127155563,2963251.463214014,0.47608780222958413,-0.9502322195889771,0.04784857747472371,0.08810124521852347,0.10059683062358515,2.2429859052631556,0,1,0,0,0,0
9328598.0,267.3564,267.15,267.67,268.43,266.3451,1739336400000,76385,2025-02-12,258.117,249.7034,248.0415,235.13305,1,1,1,1,78.05280528052802,5.298650510083121,4.439547647148388,0.8591028629347326,270.54967867144137,245.68432132855864,267.39,2.0849000000000046,2.8741857142857237,255137566.0,0.0,0.0,0.0010466116904993,0.0134024911975163,0.0082366184056603,8510639.15,1.0961101552519708,592251834444.24,2796740051.0,211.76506348256245,94.0860215053763,94.92234169653511,2,2,0.0,0.0,267.39,268.37,263.9,263.43,264.13,262.4747807422926,257.17613023220946,5.298650510083121,1,273.41837142857145,261.9216285714286,0.08397877863597888,48.78400340747829,18.82744429010259,40.509231424987,116.92308180737258,2973019.9939743285,0.5544411696977243,-0.698359153236195,0.052989771833202415,0.08355260494676764,0.09930592632140955,1.6271817225973146,0,1,0,0,0,0
8347547.0,269.3818,268.4,270.31,270.39,268.22,1739422800000,73698,2025-02-13,259.1885,250.1978,248.3529,235.40149999999997,1,1,1,1,78.97233201581022,5.5311896153641555,4.6578760407915425,0.873313574572613,271.9585262127228,246.4184737872772,267.67,2.7199999999999704,2.854185714285722,263485113.0,0.0,0.0,0.0098145700272822,0.0261169950271418,0.0081111160435022,8610767.85,0.9694311988680544,594508259873.8099,2805087598.0,211.9392849969065,99.56686518678949,95.35542260507472,3,2,0.0,0.0,267.67,267.39,268.37,263.9,263.43,263.6801990896322,258.14900947426804,5.5311896153641555,1,276.01837142857147,264.60162857142853,0.09183645360149037,47.699368834819076,18.95937294625946,40.53173829786311,127.57603499181157,3055350.9390933183,0.5772792376015253,0.0434953005692767,0.047510172447200016,0.08610575377692054,0.1006555641516349,3.2198975687307994,0,1,0,0,0,0
11246721.0,266.9198,270.07,266.29,270.21,265.45,1739509200000,118649,2025-02-14,259.973,250.6548,248.5937,235.65204999999995,1,1,1,1,74.94373593398349,5.329661112489077,4.7922330551310495,0.5374280573580279,272.44578823341965,247.50021176658035,270.31,4.860000000000014,2.934900000000007,252238392.0,0.0,0.0,-0.0149835080472067,0.0090564607805989,0.0122594062576374,8715191.5,1.2904731927003554,597503149208.8999,2816334319.0,212.1563285927845,76.0093622001172,89.88741629742766,4,2,0.0,0.0,270.31,267.67,267.39,268.37,263.9,264.0817069219965,258.7520458095074,5.329661112489077,1,272.1598,260.4202,0.07056517845583576,46.38756247562876,16.198897013721805,42.09738271194449,89.43728558989493,2888091.7980330545,-0.579686259448848,0.9325698069681891,0.029896349009901124,0.06260973663208302,0.09386296418008544,0.7387350743520831,0,1,1,0,0,0
8185949.0,270.3388,269.68,270.7,271.0099,269.6,1739854800000,92093,2025-02-18,261.0445,251.1902,248.8739,235.94620000000003,1,1,1,1,76.86980609418279,5.462826403826341,4.926351724870108,0.5364746789562327,273.3263796349892,248.7626203650109,266.29,4.7198999999999955,3.1106071428571505,260424341.0,0.0,0.0,0.016425256138945,0.0086820434474792,0.0121465385861129,8708846.05,0.9399579408112284,599719085603.2,2824520268.0,212.325998293456,98.25013128250284,91.2754528898032,1,2,0.0,0.0,266.29,270.31,267.67,267.39,268.37,265.09990585707396,259.6370794532476,5.462826403826341,1,276.9212142857143,264.47878571428566,0.137780248652923,43.330769132500336,15.28387889013766,42.965254988541965,115.25939022500665,3023658.4174705087,-0.4920618383346423,0.10393966969696525,0.04139416788489658,0.08597103542343643,0.10974459886032872,0.7147745210030564,0,1,0,0,0,0
7237452.0,270.4161,270.68,270.85,271.33,269.24,1739941200000,63042,2025-02-19,261.9305,251.7138,249.1217,236.2315,1,1,1,1,79.67914438502679,5.516869564801937,5.044455292856474,0.4724142719454622,274.36407335265005,249.49692664734997,270.7,2.089999999999975,3.125607142857149,267661793.0,0.0,0.0,0.0005539654836524,0.01293990051984,0.011821195581697,8688562.7,0.8329861048249098,601679349477.3999,2831757720.0,212.47557487983113,96.77419354838736,90.34456234366915,2,2,0.0,0.0,270.7,266.29,270.31,267.67,267.39,265.9845357252164,260.46766616041447,5.516869564801937,1,277.1012142857143,264.5987857142857,0.12985073918910972,43.12282184189977,14.68263308507321,44.54665369071687,105.41449214882827,3027668.826779708,-0.19346005583262615,0.17132381355772047,0.031809523809523954,0.07000355548532378,0.10700126701271118,1.0946345895443268,0,1,0,0,0,0
7356900.0,271.0559,270.23,270.99,271.84,270.17,1740027600000,65095,2025-02-20,262.7585,252.2764,249.3743,236.5208,1,1,1,1,76.58175842235006,5.507508855426124,5.1370660053704045,0.3704428500557197,275.29413892100575,250.22286107899433,270.85,1.669999999999959,2.952750000000001,275018693.0,0.0,0.0,0.0005167577259539,0.012403332461613,0.0118406404405754,8795718.85,0.8364182763754437,603672995808.3999,2839114620.0,212.6272012957335,93.91988555078709,96.31473679389244,3,2,0.0,0.0,270.85,270.7,266.29,270.31,267.67,266.7546071521062,261.24709829668006,5.507508855426124,1,276.8955,265.0845,0.11434684245908501,38.48688267874088,15.542170128199663,45.10498319473595,102.21961997844342,3031471.544150946,0.018805284869669998,0.19863158642474232,0.025972059213266174,0.06508666430845422,0.11582804908177557,1.0475212087259504,0,1,0,0,0,0
8917431.0,270.8779,270.795,270.74,271.51,269.51,1740114000000,85300,2025-02-21,263.592,252.8322,249.6119,236.80969999999996,1,1,1,1,75.29069767441864,5.417468312690971,5.193146466834518,0.2243218458564531,275.91011263738505,251.27388736261491,270.99,2.0,2.943464285714287,266101262.0,0.0,0.0,-0.0009229690722217,0.0015907661573748,0.0111267137711014,8916014.1,1.0001589163031943,606087301077.3398,2848032051.0,212.80915741960513,91.06881881069172,93.9209659699554,4,2,0.0,0.0,270.99,270.85,270.7,266.29,270.31,267.36774451332064,261.9502762006297,5.417468312690971,1,276.6269285714286,264.8530714285714,0.10774636032442932,34.48293433770146,17.19281215836727,45.18012433817837,89.25483681497526,3023244.828220469,-0.03278880645762093,0.3550835296123042,0.027749307216338392,0.06561183925689784,0.11438567606503414,0.14296806410404264,0,1,1,0,0,0
5374360.0,271.6061,271.45,272.21,272.32,270.375,1740373200000,73739,2025-02-24,264.42,253.3692,249.8838,237.09475,1,1,1,1,75.38270583367812,5.402451154562925,5.2350074043802,0.1674437501827252,276.7165840357111,252.12341596428897,270.74,1.9449999999999932,2.880271428571429,271475622.0,0.0,0.0,0.0054148764777857,0.0222314018551201,0.0071386672763541,8820065.25,0.6093333606573942,607550255612.9398,2853406411.0,212.92103826178015,98.9972652689151,94.66198987679796,0,2,0.0,0.0,270.74,270.99,270.85,270.7,266.29,268.1127068958867,262.71025574132375,5.402451154562925,1,277.97054285714285,266.4494571428571,0.1750186978066336,33.777074572888225,17.570020678217475,43.938284987409084,94.98460089368747,3052425.2566758124,-0.17191693276352632,0.32418743095486996,0.031489200454717814,0.06477606102092692,0.10943104010433635,3.1142186422628466,0,1,0,0,0,0
10079777.0,268.6099,271.46,268.62,271.6796,266.45,1740459600000,119564,2025-02-25,265.2015,253.7698,250.1394,237.3668,1,1,1,1,62.14285714285719,5.042737413527391,5.196553406209638,-0.1538159926822473,276.3748579271567,254.0281420728433,272.21,5.759999999999991,3.1059857142857124,261395845.0,0.0,0.0,-0.0132760857544967,-0.0076837827853711,0.0069839396189729,9034065.1,1.1157520881712486,610257885310.6798,2863486188.0,213.11710455181696,65.8356417359188,85.30057527184188,1,2,0.0,0.0,272.21,270.74,270.99,270.85,270.7,268.1907519888272,263.1480145752998,5.042737413527391,1,274.8319714285714,262.4080285714286,0.16412643243452008,28.677116528758507,25.319544284234876,40.75890417971927,54.115694253355315,2919489.6575795277,-0.0718681517467531,0.07648036358393437,0.0009315497261244143,0.06178109806711718,0.08057443984070156,-1.1002059299650448,0,1,0,0,0,0
7276033.0,268.5102,267.08,269.03,269.08,266.6612,1740546000000,80028,2025-02-26,265.894,254.13120000000004,250.3736,237.64405,1,1,1,1,60.21684737281067,4.736149868117479,5.104472698591207,-0.3683228304737271,276.1295878652524,255.65841213474764,268.62,2.418799999999976,3.029471428571424,268671878.0,0.0,0.0,0.0015251560661215,-0.0067195864869855,0.0070698077314934,9131266.5,0.7968262671996267,612215356468.6698,2870762221.0,213.25881746326277,69.62142197599238,78.15144299360878,2,2,0.0,0.0,268.62,272.21,270.74,270.99,270.85,268.31986706746915,263.58371719935167,4.736149868117479,1,275.0889428571428,262.97105714285715,0.17438479413765587,21.267029132553336,25.959031036541464,37.640888554377334,39.19321248731404,2930595.210144489,-0.2713360134093376,0.29368971450908227,0.006133363252178503,0.054275413433654496,0.07200350653490584,-0.9504610645126323,0,1,0,0,0,0
9374626.0,265.3477,266.49,264.93,266.67,264.4475,1740632400000,105544,2025-02-27,266.43050000000005,254.4842,250.5663,237.88395,0,1,1,1,52.739225712198696,4.114907205837767,4.906559600040519,-0.7916523942027522,275.0885354523801,257.77246454762,269.03,4.582499999999982,3.168221428571424,259297252.0,0.0,0.0,-0.01535725739823,-0.0223624487988486,0.0092506681736781,9328560.15,1.0049381522184857,614698976134.8499,2880136847.0,213.427003225604,18.43267108167787,51.2965782645297,3,2,0.0,0.0,269.03,268.62,272.21,270.74,270.99,267.7983490570893,263.68344185125153,4.114907205837767,1,271.26644285714286,258.59355714285715,0.13690667828671294,20.335654745376416,24.402154425443552,35.72831284730977,-19.686855010987593,2787726.5092561133,-0.06988328509251038,-0.7905936051829043,-0.010236485224343395,0.042210857592446915,0.07137657715949541,-2.4173847991468085,0,1,0,0,0,0
11504491.0,262.5298,262.555,263.27,263.4,261.25,1740718800000,110157,2025-02-28,266.6915,254.86379999999997,250.7441,238.10675000000003,0,1,1,1,48.89744487224362,3.4488634424466227,4.615020368521741,-1.166156926075118,274.56498722311557,258.8180127768845,264.93,3.680000000000007,3.210721428571422,247792761.0,0.0,0.0,-0.0062855186112622,-0.0275910467607299,0.0090373055077159,9254726.5,1.2430935695398453,617727763480.4198,2891641338.0,213.62530524192547,18.247515808491265,35.433869622053855,4,2,0.0,0.0,264.93,269.03,268.62,272.21,270.74,267.10167997138325,263.6528165289366,3.4488634424466227,1,269.6914428571428,256.84855714285715,0.14080005769640377,14.226664676112742,31.192589108546752,35.0403975268488,-83.69684834762667,2715641.599808334,0.3284701338677863,-0.08095452904943556,-0.026044171506788616,0.020228637860879584,0.07769454337058401,-3.053013556644465,0,1,1,1,0,0
7719347.0,266.2049,265.07,266.74,266.88,265.07,1740978000000,87644,2025-03-03,267.10049999999995,255.301,250.9615,238.35915,0,1,1,1,47.043888284367064,3.1645401128103003,4.324924317379453,-1.1603842045691524,273.98291840909326,260.21808159090665,263.27,3.6100000000000136,3.1285785714285623,255512108.0,0.0,0.0,0.0130942796566903,-0.020094779765622,0.011650970702072,9196105.05,0.8394148346532861,619786822099.1998,2899360685.0,213.76671943773695,49.59349593495946,28.757894275042883,0,3,0.0,0.0,263.27,264.93,269.03,268.62,272.21,267.0460368988627,263.8814967860524,3.1645401128103003,1,272.99715714285713,260.4828428571429,0.1937446906612411,17.260006251752962,32.01157074253024,33.85395635664346,-18.79882062830276,2817385.566420559,0.021196460320976843,-0.3977056204945088,0.0016898869653385606,0.03163675742574257,0.08926821300228682,-1.7247286112188276,0,1,0,0,0,0
8481343.0,268.7338,269.01,269.06,269.4,267.52,1741064400000,97285,2025-03-04,267.5565,255.8034,251.21039999999996,238.614,1,1,1,1,52.888273953649296,3.0907877592455293,4.078097005752668,-0.9873092465071388,273.59853965212295,261.5144603478771,266.74,2.659999999999968,3.2000785714285604,263993451.0,0.0,0.0,0.0086600018631483,0.0016380016380015,0.0114411457010237,9050392.55,0.9371243239609536,622068812246.7798,2907842028.0,213.92799411274615,70.55103884372184,46.130683529057535,1,3,0.0,0.0,266.74,263.27,264.93,269.03,268.62,267.35587737596074,264.2650896167152,3.0907877592455293,1,275.4601571428571,262.6598428571429,0.26163252162407036,22.499224344380206,30.11555519169975,31.943466034518803,35.00245336191112,2891152.9644860905,-0.3488886914867207,-0.3942052749541628,-0.006058367196158043,0.035085019619912394,0.10297614167418212,0.1431674981798333,0,1,0,0,0,0
6979104.0,269.2772,267.97,269.62,270.26,267.96,1741150800000,80555,2025-03-05,267.9125,256.4106,251.4829,238.85765,1,1,1,1,53.340184994861254,3.0424542883985737,3.8709684622818497,-0.828514173883276,273.5237626405278,262.3012373594722,269.06,2.3000000000000114,3.215442857142847,270972555.0,0.0,0.0,0.0020791572055211,0.0021930639705609,0.0114583155946205,8906827.15,0.7835679173363098,623950518267.2598,2914821132.0,214.061340305687,75.60975609756106,65.2514302920808,2,3,0.0,0.0,269.06,266.74,263.27,264.93,269.03,267.70420393350526,264.6617496451067,3.0424542883985737,1,276.0508857142857,263.1891142857143,0.23164490155543685,24.302140113047844,29.1588361458414,29.427582428464994,46.763781219949514,2905678.7142816745,-0.40488304544248543,-0.4133467786824058,-0.0045412589994462405,0.02712380952380955,0.1268912480147122,0.1913948030583551,0,1,0,0,0,0
6055447.0,268.7607,268.25,268.25,269.51,268.16,1741237200000,62624,2025-03-06,268.1185,256.9836,251.7549,239.09875,1,1,1,1,46.31088825214898,2.860626591428513,3.668900088111182,-0.8082734966826695,273.4401074935793,262.79689250642065,269.62,1.4599999999999795,3.1254428571428474,264917108.0,0.0,0.0,-0.0050941787521102,0.0125316121239571,0.0084441985006177,8579918.15,0.7057697863935917,625574891925.0098,2920876579.0,214.1736821140123,63.2339656729901,69.79825353809102,3,3,0.0,0.0,269.62,269.06,266.74,263.27,264.93,267.78817255911986,264.92754596769134,2.860626591428513,1,274.5008857142857,261.9991142857143,0.2665028429537418,20.52257736720239,29.998491635471744,27.6876711642114,22.259578341220983,2874909.623005063,-0.17850166012337523,-0.6925181658583769,-0.0101110742093804,0.015598379585810118,0.11957429048414037,1.484048164258427,0,1,0,0,0,0
10393736.0,268.5551,269.09,268.39,270.34,267.64,1741323600000,102134,2025-03-07,268.3665,257.5094,252.0106,239.3224,1,1,1,1,54.36772046589012,2.6967373520196816,3.4744675408928827,-0.7777301888732011,273.208840778018,263.52415922198196,268.25,2.6999999999999886,2.9711571428571313,275310844.0,0.0,0.0,0.0005217650684857,0.0194477152732936,0.007120466373351,8663033.3,1.199780220168379,628364466730.0498,2931270315.0,214.36592303158156,64.49864498644978,67.78078891900033,4,3,0.0,0.0,268.25,269.62,269.06,266.74,263.27,267.88076139617834,265.18402404415866,2.6967373520196816,1,274.33231428571423,262.44768571428574,0.19999655335301297,23.583644654179228,24.896985776369956,24.435804248199748,20.272100454705246,2880334.1264160587,-0.23632663841123475,-0.6926031122740532,-0.008679914308931114,0.018828531298637152,0.10859149111937216,2.731237947235997,0,1,1,0,0,0
7593890.0,266.9062,267.62,266.04,268.44,265.64,1741579200000,91024,2025-03-10,268.4735,258.01099999999997,252.2163,239.5298,0,1,1,1,39.399454049135606,2.3501376647105303,3.249601565656413,-0.8994639009458822,272.98344818501374,263.96355181498626,268.39,2.8000000000000114,2.8340214285714183,267716954.0,0.0,0.0,-0.0087944731630731,-0.002624278323461,0.0067361559969517,8585025.7,0.8845506426381462,630384745225.6498,2938864205.0,214.4994464709028,43.27009936766056,57.000903342366826,0,3,0.0,0.0,268.39,268.25,269.62,269.06,266.74,267.59756733522784,265.2474296705173,2.3501376647105303,1,271.70804285714286,260.3719571428572,0.20141616733478823,22.70877072138568,31.14252084212956,22.13662980824648,-70.33173485375357,2813842.67181641,0.21716666005224292,-0.7214136657211527,-0.02266632379412936,0.008109132247063444,0.10408366533864544,-0.38958041186166703,0,1,0,0,0,0
8436562.0,269.1378,268.47,269.16,269.73,268.4401,1741665600000,87862,2025-03-11,268.51300000000003,258.5654,252.4572,239.75445,1,1,1,1,46.6132264529058,2.3006918964231886,3.059819631809768,-0.7591277353865795,273.03295854661167,263.9930414533884,266.04,3.6899999999999977,2.9483071428571344,276153516.0,0.0,0.0,0.0116593249038969,0.0003716643127926,0.0078070607377745,8344338.2,1.0110522605615386,632655530253.5698,2947300767.0,214.65591070216345,71.45438121047904,59.741041854863134,1,3,0.0,0.0,266.04,268.39,268.25,269.62,269.06,267.83794159134663,265.53724969492345,2.3006918964231886,1,275.0566142857143,263.26338571428573,0.1661333927752579,24.953787033975097,29.06316699193911,19.165754012007593,28.282931729862334,2912782.9568863255,-0.11513811479750038,-0.8073218292669212,0.002010274737547446,0.0029436971345531138,0.11481113320079528,0.04760611569641643,0,1,0,0,0,0
7202039.0,270.1965,268.47,270.33,271.23,268.36,1741752000000,82936,2025-03-12,268.65999999999997,259.1106,252.7013,240.00555,1,1,1,1,48.729792147805945,2.329066956637689,2.9136690967753527,-0.5846021401376635,273.2172567925906,264.10274320740933,269.16,2.8700000000000045,3.0340214285714233,283355555.0,0.0,0.0,0.0043374365949383,0.0026333358059489,0.0080146057210212,8354567.65,0.8620480797710699,634602457456.4398,2954502806.0,214.7916245561487,82.02348690153559,65.58265582655841,2,3,0.0,0.0,269.16,266.04,268.39,268.25,269.62,268.22133519267794,265.89226823604025,2.329066956637689,1,276.39804285714285,264.2619571428571,0.18938974760956764,26.57952787164157,28.24210205968,16.348992378602503,59.377361182002474,2944089.189721813,-0.21336623635619287,-0.8995547080341808,0.00483217485038856,0.010995175586222317,0.11214876373061244,0.3285666958481907,0,1,0,0,0,0
13741460.0,274.2462,271.57,275.13,275.345,271.55,1741838400000,128319,2025-03-13,269.033,259.78520000000003,252.9811,240.3026,1,1,1,1,57.18964952505733,2.707662038496494,2.872467685119581,-0.1648056466230869,274.3985630989068,263.66743690109325,270.33,5.015000000000043,3.249378571428569,297097015.0,0.0,0.0,0.0176002783239069,0.0256477166821993,0.0101719424400641,8575210.75,1.6024632397518626,638383145346.2399,2968244266.0,215.07096051987787,98.47463639588484,83.98416816929983,3,3,0.0,0.0,270.33,269.16,266.04,268.39,268.25,269.2842067014967,266.5765446630002,2.707662038496494,1,281.6287571428571,268.63124285714287,0.24082369360570005,33.86361787113949,24.919490094827097,15.045892390668724,196.9287406690376,3188083.5965579036,0.0610393209658481,-1.2320159772163055,0.03850073604348303,0.02787013860350429,0.1397265948632973,2.521415316609333,0,1,0,0,0,0
13364485.0,275.3862,276.27,275.24,276.3,274.66,1741924800000,90504,2025-03-14,269.2795,260.4774,253.24719999999996,240.5992,1,1,1,1,55.1936921494687,2.9822004982035537,2.8944142477363757,0.087786250467178,275.3045336535362,263.25446634646374,275.13,1.6399999999999864,3.2275928571428545,310461500.0,0.0,0.0,0.0003997310953165,0.0255225604530722,0.0101857055627864,8826057.65,1.5142077618312406,642061586197.6399,2981608751.0,215.34065661106584,92.95681063122925,91.15164464288324,4,3,0.0,0.0,275.13,270.33,269.16,266.04,268.39,270.2004825935741,267.21828209537057,2.9822004982035537,1,281.69518571428574,268.7848142857143,0.1680176101970368,34.413085374458,25.087692503018083,13.910821196750248,204.99568555341497,3193426.864649351,0.010433073777443572,-0.7622725607308267,0.045466631215102415,0.01823831896711181,0.1438307775422849,2.505720908437606,0,1,1,0,0,0
8580359.0,276.3658,275.54,276.73,276.79,275.39,1742184000000,73919,2025-03-17,269.80150000000003,261.1694,253.5018,240.8919,1,1,1,1,64.9796823051349,3.2821699410145015,2.971965386392001,0.3102045546225005,276.506612817445,263.0963871825551,275.24,1.5500000000000114,2.92687857142857,319041859.0,0.0,0.0,0.005398857253713,0.0401819275296948,0.0067717677029997,8692739.55,0.9870719064624454,644436028943.7098,2990189110.0,215.51681356491525,99.6138996138996,97.01511554700456,0,3,0.0,0.0,275.24,275.13,270.33,269.16,266.04,271.2050237330243,267.9228537920098,3.2821699410145015,1,282.58375714285717,270.87624285714287,0.2575761745458698,39.14457868593692,18.086552466160576,16.09486367598861,191.73814777811006,3239876.27211193,0.19400302759819535,0.03729575984502428,0.0374522006448228,0.039205377595854074,0.1428984429851734,5.933733990100618,0,1,0,0,0,0
9466521.0,279.7321,279.9,279.96,280.215,278.97,1742270400000,101392,2025-03-18,270.2645,261.8602,253.7892,241.2109,1,1,1,1,68.28370692539316,3.7374489068519097,3.1250620904839828,0.6123868163679269,278.3645779073531,262.1644220926469,276.73,3.484999999999957,3.0030357142857116,328508380.0,0.0,0.0,0.0116044342333466,0.0401248328131964,0.0067641475134841,8756768.15,1.0810519175387785,647086276162.8699,2999655631.0,215.72018783607825,98.65541787503298,97.07537604005395,1,3,0.0,0.0,276.73,275.24,275.13,270.33,269.16,272.55194315871285,268.81449425186094,3.7374489068519097,1,285.9660714285714,273.95392857142855,0.2614101494333916,46.2983885243983,17.627876549294708,18.588731511681896,225.67405347357428,3350369.7597352434,0.1387381189096255,-0.37852926560102723,0.04051141009440262,0.03420760990025862,0.1407383261347892,5.931977889812444,0,1,0,0,0,0
8822197.0,280.0262,279.85,281.11,281.479,279.06,1742356800000,84927,2025-03-19,270.77750000000003,262.6126,254.06100000000004,241.5336,1,1,1,1,80.02969561989607,4.143294832714844,3.3287086389301552,0.8145861937846886,280.22176503785175,261.3332349621483,279.96,2.4189999999999827,2.848499999999998,337330577.0,0.0,0.0,0.0040993159870262,0.0398771871416419,0.0067959840628508,8836005.4,0.998437257632278,649566283961.5399,3008477828.0,215.91193989066684,98.1758861041081,98.81506786434691,2,3,0.0,0.0,279.96,276.73,275.24,275.13,270.33,273.86856728814166,269.7252724554268,4.143294832714844,1,286.807,275.413,0.27161464019768705,51.97973869656218,13.033175352182045,22.218464473468657,192.51293508906105,3386608.9601567322,0.047198867740903185,-0.3393155331807926,0.04261553297233145,0.03788074580025835,0.15450326502115086,5.8677489669427585,0,1,0,0,0,0
5863288.0,280.254,279.49,280.75,280.9,279.43,1742443200000,62431,2025-03-20,271.26550000000003,263.3638,254.35980000000004,241.86085,1,1,1,1,84.08736349453983,4.3853303036021885,3.5400329718645622,0.8452973317376262,281.7115004433794,260.81949955662066,281.11,1.6800000000000068,2.7056428571428546,331467289.0,0.0,0.0,-0.0012814581898126,0.0204267073746955,0.0050159760879412,8761324.8,0.6692239054988578,651212402067.5399,3014341116.0,216.03805840385184,95.55731610701451,97.46287336205188,3,3,0.0,0.0,281.11,279.96,276.73,275.24,275.13,274.9272492438122,270.54191894021,4.3853303036021885,1,286.1612857142857,275.3387142857143,0.3013164575441882,54.72425352973305,5.279970430771681,25.43612886223186,152.84827613233347,3379100.2138296715,0.06856251270590279,0.12051259655127566,0.04659832246039142,0.03601608915458132,0.15444714009622107,4.072321377406291,0,1,0,0,0,0
9032340.0,278.0609,279.46,278.49,279.46,276.59,1742529600000,91187,2025-03-21,271.65299999999996,264.0424,254.6167,242.1672,1,1,1,1,74.04830126893168,4.344699059384482,3.7009661893685464,0.6437328700159353,282.5807918990708,260.72520810092914,280.75,4.160000000000025,2.7449285714285696,322434949.0,0.0,0.0,-0.0080824415386016,0.0118078767620986,0.0074165943918523,8767070.25,1.0302575139055148,653727818434.1399,3023373456.0,216.2246338231197,81.1288591451482,91.62068711875696,4,3,0.0,0.0,280.75,281.11,279.96,276.73,275.24,275.47536474476414,271.13066568537965,4.344699059384482,1,283.97985714285716,273.00014285714286,0.30611408487012076,44.8853730138995,12.594655074918862,27.310270601501514,100.66176607539462,3306391.083286484,-0.010140665840080238,-0.6247184536667026,0.03763180446365366,0.02862524931668764,0.13873895976447503,1.5920866394155315,0,1,1,0,0,0
7870109.0,277.6897,278.91,277.25,279.089,276.86,1742788800000,75947,2025-03-24,271.905,264.6702,254.856,242.47710000000004,1,1,1,1,67.53747323340474,4.164435844577099,3.793660120410257,0.3707757241668421,283.1156631570561,260.69433684294387,278.49,2.228999999999985,2.7141428571428565,314564840.0,0.0,0.0,-0.0044625258494744,0.0018790879196328,0.0077078620438692,8891857.7,0.8850916496335743,655909806154.3899,3031243565.0,216.38307582003557,73.30008207588872,83.32875244268384,0,3,0.0,0.0,278.49,280.75,281.11,279.96,276.73,275.748385553262,271.5839497086849,4.164435844577099,1,282.6782857142857,271.8217142857143,0.24624724946574492,38.76256644066459,12.737512497305863,29.885867657741077,82.66889862779303,3271348.7652140213,0.1771226442046429,-0.5301272030547091,0.04213652082393615,0.018515117005253323,0.12767428617912624,0.24378815695668124,0,1,0,0,0,0
5090179.0,278.8576,278.78,278.47,279.96,278.27,1742875200000,58570,2025-03-25,272.3975,265.2754,255.1074,242.78035,1,1,1,1,68.42982090795508,4.073067960103174,3.849541688348841,0.2235262717543333,283.8630729537523,260.93192704624767,277.25,2.7099999999999795,2.7434285714285687,319655019.0,0.0,0.0,0.0043907074064676,-0.0053221888841261,0.005414549813012,8642377.8,0.5889789960350957,657327268300.5199,3036333744.0,216.48715975292336,81.00258854725703,78.47717658943132,1,3,0.0,0.0,277.25,278.49,280.75,281.11,279.96,276.16709546814474,272.09402750804156,4.073067960103174,1,283.9568571428572,272.98314285714287,0.2407969482652402,38.37742136055568,12.601541342272139,32.84852728714588,87.07538327249252,3293747.3887667726,0.4347064448267165,0.39891235850199636,0.03458909198989457,0.03666890030526404,0.12191289633777846,-0.9829402699248203,0,1,0,0,0,0
3741843.0,278.3225,278.93,278.24,279.02,277.78,1742961600000,55120,2025-03-26,272.858,265.9254,255.3289,243.07440000000005,1,1,1,1,71.84083952776565,3.93671912799283,3.8669771762776386,0.069741951715192,284.492662549103,261.223337450897,278.47,1.240000000000009,2.727714285714285,315913176.0,0.0,0.0,-0.000826283030971,-0.0102095265198677,0.0046309139139936,8465668.3,0.4420020803319213,658368398696.8398,3040075587.0,216.56316754496532,79.55047667150718,77.95104909821765,2,3,0.0,0.0,278.47,277.25,278.49,280.75,281.11,276.48600385766093,272.5492847296681,3.9367191279928306,1,283.6954285714286,272.78457142857144,0.1989229000394398,38.598512611658386,13.957264058354237,34.857780000055754,71.75155409954853,3290656.844399336,0.6487471693535463,0.3834830996313272,0.029260533422113877,0.03423410028621365,0.1322536013672988,-2.2046413867904047,0,1,0,0,0,0
8455335.0,281.4648,280.55,281.97,282.065,279.5868,1743048000000,93971,2025-03-27,273.71,266.6242,255.5736,243.42625,1,1,1,1,75.6613756613757,4.082580081433548,3.910097757308821,0.172482324124727,285.3957339926633,262.0242660073367,278.24,3.8249999999999886,2.8080714285714277,324368511.0,0.0,0.0,0.013316631694347,0.0043455031166519,0.0083482543089899,8419703.75,1.0042318888001256,660752549506.7898,3048530922.0,216.74457842576209,99.42161339421632,86.65822620432685,3,3,0.0,0.0,278.24,278.47,277.25,278.49,280.75,277.329695571867,273.24711549043343,4.082580081433548,1,287.5861428571429,276.3538571428572,0.27786955075672,43.128227292974756,13.557856176441016,38.39036083924715,98.72083409419635,3404006.469003995,0.2241019956525038,-0.4557935740555621,0.0248609748119073,0.06431887668440717,0.1414403108934139,0.5205277355644343,0,1,0,0,0,0
9563660.0,283.9127,283.82,284.06,284.64,282.86,1743134400000,112918,2025-03-28,274.7495,267.3278,255.8791,243.77885000000003,1,1,1,1,84.38931297709914,4.317057123799486,3.9914896306069543,0.3255674931925321,286.22175940211383,263.2772405978862,281.97,2.669999999999959,2.7987857142857098,333932171.0,0.0,0.0,0.0073848011526622,0.0200007181586412,0.00695177626918,8322662.2,1.1491106775906392,663469202766.3898,3058094582.0,216.9550957225396,96.43734643734652,91.80314550102337,4,3,0.0,0.0,281.97,278.24,278.47,277.25,278.49,278.365127022349,274.0480698985495,4.317057123799486,1,289.65757142857143,278.4624285714286,0.24036478504646383,49.84304416460123,8.49858356723627,42.33357207034684,123.46862398033241,3474893.617991476,-0.11695731626365549,-0.7226355849354381,0.032044760935910466,0.07896835947886216,0.14135326261652215,2.8770617197068105,0,1,1,0,0,0
13892100.0,287.5509,287.53,288.14,288.39,285.85,1743393600000,141537,2025-03-31,275.8195,268.0786,256.23580000000004,244.1488,1,1,1,1,84.94108983799696,4.777037061564272,4.148599116798418,0.6284379447658539,288.1091267340823,263.52987326591773,284.06,4.329999999999984,2.8444999999999943,347824271.0,0.0,0.0,0.0142609896803448,0.039278629395852,0.0062916862432001,8631299.85,1.609502652141091,667472072460.3898,3071986682.0,217.27700721210024,98.75187219171244,98.2036106744251,0,3,0.0,0.0,284.06,281.97,278.24,278.47,277.25,279.8689536342953,275.091916572731,4.777037061564272,1,293.82899999999995,282.451,0.2586038010664613,55.21934559043282,8.362001856122962,47.054222646732505,156.22062814133596,3674428.1107042823,-0.10020279646745042,-1.2021893076834387,0.04123152531348229,0.08022793731723765,0.1498004788507581,6.242931616144583,0,1,0,1,1,0
15917853.0,287.7372,288.54,287.57,289.13,285.91,1743480000000,137709,2025-04-01,276.745,268.8446,256.5832,244.51305,1,1,1,1,82.45481927710838,5.03751094942487,4.326381483323709,0.7111294661011618,289.6631088725097,263.8268911274903,288.14,3.2199999999999704,2.869499999999992,331906418.0,0.0,0.0,-0.0019801642710735,0.0326785650159799,0.007632926045425,9003125.35,1.7680363630614118,672049569447.5997,3087904535.0,217.63936087732705,91.1262798634812,95.4384994975134,1,4,0.0,0.0,288.14,284.06,281.97,278.24,278.47,281.0537299982499,276.016219048825,5.03751094942487,1,293.30899999999997,281.831,0.2206037209982163,52.84643913751868,8.289149426657545,52.04351112298301,142.3356608714272,3642939.3336861674,0.3614474610150101,-0.8052213838147948,0.027182454636376585,0.06879506429792603,0.15364865406988404,4.281257542511004,0,1,0,0,0,0
11074787.0,288.3128,288.28,288.16,289.03,287.36,1743566400000,111924,2025-04-02,277.672,269.5452,256.93080000000003,244.889,1,1,1,1,79.1498881431767,5.231243927669766,4.50735397219292,0.7238899554768459,291.0885516002441,264.25544839975595,287.57,1.669999999999959,2.6305714285714146,342981205.0,0.0,0.0,0.0020495725653926,0.0356526739505462,0.0070341978666322,9207909.5,1.2027471599281032,675240880069.5198,3098979322.0,217.89137967972533,93.29647546648256,94.39154250722542,2,4,0.0,0.0,287.57,288.14,284.06,281.97,278.24,282.14700230621145,276.9157583785417,5.231243927669766,1,293.42114285714285,282.8988571428572,0.1963701181216939,46.47279242791562,9.042033233126576,55.77274865698068,137.80763953444847,3665661.1903819283,0.46694921776820775,-0.7035953252254217,0.025079150510476378,0.06876344484830499,0.13838738987871846,5.068470341866055,0,1,0,0,0,0
20524385.0,286.2494,282.78,286.42,289.09,282.45,1743652800000,194506,2025-04-03,278.58050000000003,270.185,257.338,245.24245,1,1,1,1,73.31109257714756,5.184610290366777,4.642805235827692,0.5418050545390853,291.7695249031019,265.39147509689815,288.16,6.639999999999986,2.987714285714272,322456820.0,0.0,0.0,-0.0060566163770894,0.0157818207610738,0.0079636246797318,9931356.4,2.0666245549298785,681119474421.2197,3119503707.0,218.34225517758608,80.27656477438153,88.23310670144843,3,4,0.0,0.0,288.16,287.57,288.14,284.06,281.97,282.8043865667943,277.6197762764275,5.184610290366777,1,292.39542857142857,280.44457142857146,0.22871774080426036,38.63440756463757,19.69972266909757,56.97176952078702,101.76691398472059,3541728.549140951,0.4593769026253277,-0.9807943089725549,0.02019590382902936,0.0677353215284251,0.12573202845576392,1.9817359027329595,1,1,0,0,0,0
21517158.0,280.318,283.64,279.72,284.03,278.02,1743739200000,225480,2025-04-04,279.147,270.698,257.6387,245.56800000000004,1,1,1,1,55.12161699212059,4.554517152418725,4.625147619145898,-0.0706304667271728,291.4356170692063,266.8583829307937,286.42,8.400000000000034,3.476999999999987,300939662.0,0.0,0.0,-0.0236701622148904,-0.0152784622966978,0.013793541050977,10487527.5,2.051690257784783,687138253856.9797,3141020865.0,218.7627154959952,24.960127591706915,66.177722610857,4,4,0.0,0.0,286.42,288.16,287.57,288.14,284.06,282.32986555651826,277.77534840409953,4.554517152418725,1,286.674,272.7660000000001,0.19406192953359597,32.191133565020955,26.028185211794444,55.09970087320774,23.277155081405056,3038394.4293169165,-0.9796705838337522,1.8476732902974504,0.00441667564364967,0.042214687581504595,0.10095642933049964,-1.1076525718600667,1,1,1,0,0,0
19704515.0,275.5163,278.855,273.71,280.14,272.58,1743998400000,203348,2025-04-07,279.53049999999996,271.05920000000003,257.89619999999996,245.8592,0,1,1,1,40.225211135439515,3.529520908699624,4.4060222770566435,-0.8765013683570198,290.5053429553519,268.555657044648,279.72,7.560000000000002,3.768071428571419,281235147.0,0.0,0.0,-0.0217199511027972,-0.0500798223085999,0.0117144293982935,11093058.75,1.7762923143267406,692531576657.6298,3160725380.0,219.10526648083223,6.827794561933502,37.354828976007326,0,4,0.0,0.0,279.72,286.42,288.16,287.57,288.14,281.003732393977,277.47421148527735,3.5295209086996238,1,281.24614285714284,266.1738571428571,0.1456532074977319,23.211950026877787,34.3298011422424,53.276273559128335,-64.49572674836581,2615027.722788956,-0.7701751324061334,-0.20856913787345835,-0.01276825969341755,0.028830251090061543,0.07064345785253257,-4.275050696484483,0,1,0,0,0,0
12415534.0,276.0473,277.8665,275.2,278.32,274.24,1744084800000,136143,2025-04-08,279.8325,271.50340000000006,258.2268,246.1444,0,1,1,1,40.854224698235825,2.805099111954462,4.085837644036207,-1.2807385320817453,289.9007510371598,269.76424896284016,273.71,4.610000000000014,3.9245714285714217,293650681.0,0.0,0.0,0.0054289543263196,-0.0430156135897347,0.0133767445437795,11292007.35,1.0994975131680198,695948331614.4298,3173140914.0,219.32474808915143,15.830815709969803,15.872912621203415,1,4,0.0,0.0,273.71,279.72,286.42,288.16,287.57,280.1108504872113,277.3057513752568,2.805099111954462,1,283.04914285714284,267.35085714285714,0.10964146426788746,19.985803723794106,32.96083284199188,50.74770021095492,-68.38719360704602,2682614.3862648983,-0.782911375693983,-0.23124898211904923,-0.011742737099149081,0.02244018427700989,0.08779003122653051,-3.215698804142142,0,1,0,0,0,0
25234180.0,283.6558,282.22,285.38,285.87,281.04,1744171200000,251655,2025-04-09,280.585,272.10740000000004,258.68010000000004,246.49739999999997,1,1,1,1,55.49489674816043,3.017645007815588,3.872199116792084,-0.8545541089764956,289.88308242822166,271.2869175717783,275.2,10.670000000000016,4.566714285714279,318884861.0,0.0,0.0,0.0363235194432406,-0.009647418101055,0.0244887287714082,12193614.4,2.069458584814688,703149661902.8298,3198375094.0,219.84590338447333,77.34138972809669,33.33333333333334,2,4,0.0,0.0,275.2,273.71,279.72,286.42,288.16,280.92148887379415,277.90384386597856,3.017645007815588,1,294.51342857142856,276.24657142857143,0.1730027034259427,28.984577841370122,28.32608627204224,44.94396082692917,68.59290225554278,3616058.9807416443,0.21800815920659744,0.5426946236131087,0.025661299597469656,0.055672696334110316,0.11834783290226492,-0.3939532448408014,1,1,0,0,0,0
19777099.0,291.0399,288.805,292.35,292.86,287.231,1744257600000,186244,2025-04-10,281.446,272.8704,259.2273,246.88100000000003,1,1,1,1,64.79504696840304,3.705791849213199,3.838917663276307,-0.1331258140631082,291.75174576580326,271.1402542341968,285.38,7.480000000000018,4.803857142857136,338661960.0,0.0,0.0,0.0241300891192505,0.0207038614621883,0.0268289841776847,12495396.35,1.5827508344703287,708931496795.4799,3218152193.0,220.29147606428316,97.48520710059177,63.55247084621943,3,4,0.0,0.0,285.38,275.2,273.71,279.72,286.42,282.6797213547489,278.9739295055357,3.705791849213199,1,301.9577142857143,282.74228571428574,0.1848661191539017,37.94718529188648,22.704969217785656,42.72633659103093,163.7150663352356,4099086.452989177,0.15453056961295822,-0.18335708517155475,0.03681242685392072,0.06258859448260834,0.15007867820613696,0.7716972662139139,0,1,0,0,0,0
21052932.0,298.0767,297.96,297.93,299.275,296.81,1744344000000,206878,2025-04-11,282.58050000000003,273.668,259.8365,247.29785,1,1,1,1,70.2032043767096,4.647835193906872,4.00070116940242,0.6471340245044512,294.8232714010694,270.33772859893065,292.35,6.9249999999999545,5.139285714285705,359714892.0,0.0,0.0,0.0189068449616973,0.065100815100815,0.0221630694971782,12879818.7,1.634567418251004,715203796826.2399,3239205125.0,220.7960808984704,94.9616032964976,89.92940004172868,4,4,0.0,0.0,292.35,285.38,275.2,273.71,279.72,285.0259180694029,280.37808287549603,4.647835193906872,1,308.2085714285714,287.6514285714286,0.18707327757089284,44.386379423990824,21.22307157453476,41.63853846718067,224.0668437348586,4500917.6845951285,-0.015715341232386052,-0.630802156222348,0.04882771245511508,0.0824371457636972,0.15454369308273597,2.937354220522632,0,1,1,0,0,0
12411340.0,295.6616,295.54,296.23,296.58,294.53,1744603200000,126752,2025-04-14,283.5555,274.4214,260.43289999999996,247.7161,1,1,1,1,67.18931475029032,5.197324023009855,4.240025740123908,0.9572982828859472,296.89340715848306,270.21759284151693,297.93,3.400000000000034,5.188571428571423,347303552.0,0.0,0.0,-0.0057223799614987,0.0822768623725842,0.0163632839744415,13071367.75,0.949505838820884,718880408074.4398,3251616465.0,221.08401031068092,88.59336954485875,93.68005998064938,0,4,0.0,0.0,297.93,292.35,285.38,275.2,273.71,286.7496229818025,281.5522989587926,5.197324023009855,1,306.6071428571429,285.85285714285715,0.18558815232181708,42.76569382671182,24.160242287422992,40.01270017877385,162.0018258123272,4430098.102814173,0.33641223882672217,-0.4873757403543735,0.028076629416255994,0.07046579698623212,0.1456915222772277,5.028135685950262,0,1,0,0,0,0
7920634.0,297.2586,296.93,297.78,298.02,296.09,1744689600000,82743,2025-04-15,284.44649999999996,275.1782,260.9998,248.13005,1,1,1,1,68.44092110230271,5.692253173754239,4.530471226849975,1.1617819469042638,299.0900188106474,269.8029811893525,296.23,1.9300000000000068,5.237857142857138,355224186.0,0.0,0.0,0.0052187792055262,0.0820494186046512,0.0163968647549637,12994073.4,0.6095574310054305,721239014466.9598,3259537099.0,221.27038059736464,94.39970031841167,92.65155771992268,1,4,0.0,0.0,296.23,297.93,292.35,285.38,275.2,288.4466040615252,282.75435088777095,5.692253173754239,1,308.25571428571425,287.3042857142857,0.18808530874288593,44.32701485826719,23.264693846547946,38.88950033847549,153.05002827345155,4471542.192541749,0.20109073752560652,-0.5014174242517809,0.03550439892895629,0.06365195027861126,0.145572055089636,5.003966904108541,0,1,0,0,0,0
20778079.0,306.08,304.65,307.47,308.0599,303.8,1744776000000,207324,2025-04-16,285.7645,276.0776,261.642,248.59235,1,1,1,1,71.63216830675262,6.788140648853016,4.982005111250583,1.806135537602433,303.55131886294015,267.97768113705985,297.78,10.279900000000056,5.6989214285714285,376002265.0,0.0,0.0,0.0320225626841769,0.0774055645104774,0.0151115805844802,13591867.5,1.5287140637590824,727627650417.0898,3280315178.0,221.81638377222112,98.33736848187284,93.77681278171444,2,4,0.0,0.0,297.78,296.23,297.93,292.35,285.38,291.3732803597521,284.58513971089906,6.788140648853016,1,318.8678428571429,296.0721571428572,0.2125267037557963,49.50798960085083,21.382492173157843,37.997317595777496,207.22138450973182,5147677.54585628,-0.044636420624265066,-1.2296525055309817,0.06701138256524164,0.0937711216249868,0.17131428571428575,5.122264534480832,0,1,0,0,0,0
18218825.0,305.1431,306.31,306.12,307.13,302.73,1744862400000,156548,2025-04-17,287.033,276.9174,262.257,249.0451,1,1,1,1,68.95189003436423,7.461691911122955,5.477942471225058,1.9837494398978972,306.8201900082082,267.2458099917918,307.47,4.740000000000009,5.846778571428574,357783440.0,0.0,0.0,-0.004400339569861,0.0471010774756284,0.0161135723538571,14209644.35,1.2821450383450308,733204797126.0898,3298534003.0,222.2820187571945,94.53239721645208,95.75648867224554,3,4,0.0,0.0,307.47,297.78,296.23,297.93,292.35,293.6420064582517,286.1803145471288,7.461691911122955,1,317.8135571428572,294.42644285714283,0.2215422281457294,45.110188877500306,22.148948930100886,35.37391240507905,163.8833354661882,5067684.656306079,-0.06463053549261029,-1.1777918521833064,0.06878011312059207,0.0903650934995548,0.15897474728353456,2.9230667918083304,0,1,0,0,0,0
20372259.0,315.2112,315.015,315.59,316.41,313.945,1745208000000,215275,2025-04-21,288.88800000000003,277.9606,262.9463,249.54525,1,1,1,1,71.58358232426478,8.65981108342993,6.114316193666032,2.545494889763897,311.98267981569245,265.7933201843076,306.12,10.29000000000002,6.272492857142863,378155699.0,0.0,0.0,0.0304667208499236,0.0592756687812572,0.018505374400943,14776640.3,1.3786800373018486,739634078343.8999,3318906262.0,222.8547659849213,98.12913529545962,96.99963366459484,0,4,0.0,0.0,306.12,307.47,297.78,296.23,297.93,297.0186208492899,288.35880976586,8.65981108342993,1,328.1349857142857,303.0450142857143,0.22620896877365043,48.34589573656116,20.645699076051407,32.97772818721632,201.55927888604938,5697912.321045397,-0.3644571446891654,-0.9691114295364416,0.128235378235378,0.13321842795073424,0.19800326462437834,3.2031579294422343,0,1,0,0,0,0
35240887.0,314.026,317.49,311.11,317.63,310.36,1745294400000,313273,2025-04-22,290.581,278.9048,263.559,250.01085,1,1,1,1,67.43703703703703,9.14244221747748,6.719941398428322,2.4225008190491586,315.0093242849012,266.15267571509884,315.59,7.269999999999982,6.561778571428578,342914812.0,0.0,0.0,-0.0142973553995169,0.0502312392397799,0.0207621975387988,16145179.2,2.1827498204541453,750597870698.4698,3354147149.0,223.78203380917617,85.52719200887907,92.7295748402636,1,4,0.0,0.0,315.59,306.12,307.47,297.78,296.23,299.1865253340145,290.044083116537,9.14244221747748,1,324.2335571428572,297.98644285714283,0.13625907719772995,45.40896468124291,23.63797271606045,30.02401227894904,153.14440780943752,5197645.602328077,-0.11920044048139446,-1.5606111696064124,0.13664097037009992,0.12212804328223625,0.17889352027283079,2.4193592683201754,1,1,0,0,0,0
25421455.0,302.953,304.18,303.65,304.74,300.59,1745380800000,253045,2025-04-23,291.84000000000003,279.6104,264.1707,250.42445,1,1,1,1,60.41414548877231,8.821284932557717,7.1402101052542015,1.6810748273035152,316.23564326936645,267.4443567306336,311.11,10.52000000000004,7.193921428571441,317493357.0,0.0,0.0,-0.0242708250485426,0.0197125394586608,0.0259340696133746,17161743.0,1.4812863122353015,758317095509.2198,3379568604.0,224.38280868501636,68.9678135405105,84.20804694828307,2,4,0.0,0.0,311.11,315.59,306.12,307.47,297.78,299.8732137441661,291.0519288116084,8.821284932557717,1,318.03784285714283,289.2621571428571,0.17466606202308688,41.41879701599078,31.261511451507047,26.20619042802173,74.85615267895261,4588073.250748247,-0.263262059507111,-1.4649796087022169,0.10337936046511631,0.09042266671454713,0.13146029735067244,0.7601017561654566,0,1,0,0,0,0
10844971.0,306.9368,306.98,308.07,308.495,304.71,1745467200000,115049,2025-04-24,293.3315,280.424,264.82189999999997,250.87385,1,1,1,1,64.04931862426992,8.82173110610995,7.476514305425352,1.3452168006845993,317.87324383629203,268.789756163708,303.65,4.845000000000027,7.065707142857158,328338328.0,0.0,0.0,0.014451307534729,0.0019514098936479,0.0220745983005537,17516899.4,0.6191147618282263,761658105725.1898,3390413575.0,224.65050026387703,78.77913429522752,77.75804661487237,3,4,0.0,0.0,303.65,311.11,315.59,306.12,307.47,301.13425778352513,292.3125266774152,8.82173110610995,1,322.2014142857143,293.9385857142857,0.19788498301421362,45.966382897074624,26.86517070611017,25.761015078024265,90.25255235128924,4745935.170129114,-0.2790281961263131,-1.2018339120269081,0.07950802438853466,0.10720960322024142,0.15213732749915865,0.08840065776383231,0,1,0,0,0,0
10681340.0,302.9459,301.78,304.73,305.37,301.01,1745553600000,118451,2025-04-25,294.46950000000004,281.1652,265.4343,251.30470000000005,1,1,1,1,66.96973809200703,8.455109377626854,7.6722333198656525,0.782876057761202,318.90352672719183,270.03547327280825,308.07,7.060000000000002,6.96999285714287,317656988.0,0.0,0.0,-0.0109008912340918,-0.0045407029922905,0.0226121412047041,17628199.65,0.60592347557171,764913030463.3898,3401094915.0,224.90199467526173,71.36514983351837,73.03736588975215,4,4,0.0,0.0,308.07,303.65,311.11,315.59,306.12,301.68744889375205,293.2323395161252,8.455109377626854,1,318.66998571428576,290.7900142857143,0.19589375321777264,46.59760872407146,26.485987377883543,26.970508553169463,61.49450345064783,4630131.373589367,0.1939571998464579,-1.2065306631899406,0.042346502479904125,0.08071780685888563,0.1384540665745133,-0.20080809433760902,0,1,1,0,0,0
9375484.0,306.8712,304.15,309.07,309.11,302.97,1745812800000,108025,2025-04-28,295.71999999999997,281.9404,266.0691,251.75325,1,1,1,1,74.54873646209388,8.417726435053225,7.821331942903168,0.5963944921500577,320.46882155620557,270.9711784437944,304.73,6.139999999999986,6.868564285714298,327032472.0,0.0,0.0,0.0141416498146716,-0.020659716721062,0.0175640319166177,17618790.85,0.5321298197940751,767810711303.2698,3410470399.0,225.13337501137767,80.27195206268723,76.80541206381105,0,4,0.0,0.0,304.73,308.07,303.65,311.11,315.59,302.823225987021,294.40549955196775,8.417726435053225,1,322.80712857142856,295.3328714285714,0.21280475448456157,51.17507401201797,21.219863995155997,28.545946310224167,75.67849376179178,4763658.104006455,0.2539149510696404,-0.9993745630843526,0.037391333534722904,0.08804477927198473,0.14339092153453437,-1.1762507069352537,0,1,0,0,0,0
6852106.0,305.6443,305.81,306.06,306.95,304.0,1745899200000,87656,2025-04-29,296.61600000000004,282.73580000000004,266.6953,252.1673,1,1,1,1,70.98177862387818,8.052395338335316,7.867544621989598,0.1848507163457178,321.5064872126695,271.72551278733056,309.07,5.069999999999993,6.901421428571439,320180366.0,0.0,0.0,-0.0097866272960029,-0.0162322008292886,0.0170216173418027,17266791.15,0.396837254848015,769907866865.6298,3417322505.0,225.29564176022356,68.3793386171085,73.33881350443805,1,4,0.0,0.0,309.07,304.73,308.07,303.65,311.11,303.32119121978695,295.26879588145164,8.052395338335316,1,319.8628428571429,292.2571571428571,0.19270352238941194,50.931433374394764,21.118837835568154,29.751062848924374,60.86733864930091,4696926.169299108,0.2913074882966849,-1.1070364278303206,0.033183674847246936,0.062191990004858866,0.14934845469225277,-0.9536221480671602,0,1,0,0,0,0
8331894.0,304.5169,304.605,303.77,306.065,303.44,1745985600000,97028,2025-04-30,297.426,283.3972,267.2937,252.5706,1,1,1,1,64.006092916984,7.491724019387277,7.792380501469134,-0.3006564820818571,322.13067792906423,272.72132207093574,306.06,2.625,6.326778571428581,311848472.0,0.0,0.0,-0.0075103250543289,0.000395191832702,0.0130365621610599,16887493.2,0.4933766013300305,772438846306.0098,3425654399.0,225.48650749226084,54.406394947202166,67.6858952089993,2,4,0.0,0.0,306.06,309.07,304.73,308.07,303.65,303.3902387244351,295.89851470504783,7.491724019387277,1,316.42355714285713,291.11644285714283,0.1771016803257433,47.033527551593785,23.669233606397615,32.029406788767915,48.22436392009807,4634585.330051902,0.5010768884201688,-1.1106878674159566,0.020115521525958746,0.056334109955836764,0.12216475803472471,0.030314090837653913,0,1,0,1,0,0
14969062.0,296.7748,297.41,297.46,297.94,295.32,1746072000000,151261,2025-05-01,297.89099999999996,283.9294,267.8216,252.93875,0,1,1,1,53.93137405754729,6.463714022839497,7.526647205743207,-1.06293318290371,322.20838896994564,273.5736110300543,303.77,8.449999999999989,6.396064285714293,296879410.0,0.0,0.0,-0.0209910739441094,-0.0344402246242737,0.01290311721946,17082206.95,0.8762955538365024,776891543488.5298,3440623461.0,225.79964134254033,12.683982683982702,45.15657208276446,3,5,0.0,0.0,303.77,306.06,309.07,304.73,308.07,302.4778943052912,296.0141802824517,6.463714022839497,1,310.25212857142856,284.6678714285714,0.2042022325689451,38.71789459380514,32.480911807095566,30.860078977162807,-4.8134370316947885,4323643.560884438,0.8468841762420801,-0.1269446544879236,-0.03255602172569694,0.03227373681288159,0.09824626176850648,-2.669137801906834,0,1,0,0,0,0
8670116.0,298.828,300.17,297.98,300.85,297.03,1746158400000,108693,2025-05-02,298.46899999999994,284.4692,268.3728,253.2872,0,1,1,1,50.04171533455699,5.626114008190029,7.146540566232572,-1.5204265580425425,322.1803589479333,274.75764105206656,297.46,3.82000000000005,6.1742785714285855,305549526.0,0.0,0.0,0.0017466079947414,-0.0221507564073113,0.0131861216332849,16489493.5,0.5257963805862199,779475064654.2098,3449293577.0,225.9810732991168,14.935064935065116,27.341814188750003,4,5,0.0,0.0,297.46,303.77,306.06,309.07,304.73,301.7859105660157,296.15979655782564,5.626114008190029,1,310.32855714285716,285.6314428571429,0.18614402225452611,36.05383624506119,33.647655766185764,28.584885247581887,2.9320199591606806,4338800.087207307,0.7094264109577879,-0.3584336628009877,-0.02659087939370175,0.040360310034215585,0.0995977711354663,-1.679852516518004,0,1,1,0,0,0
8924009.0,306.003,305.92,306.88,307.65,304.675,1746417600000,112805,2025-05-05,299.827,285.192,269.0121,253.68544999999995,1,1,1,1,57.93237002830328,5.61573093109206,6.84037863920447,-1.2246477081124103,322.08350570767186,277.57049429232814,297.98,9.66999999999996,6.622135714285723,314473535.0,0.0,0.0,0.0294304215358801,-0.0070857734493804,0.0190518722036149,15859836.05,0.5626797762515332,782213664536.1299,3458217586.0,226.18983481629024,51.81532944867773,26.47812568924186,0,5,0.0,0.0,297.98,297.46,303.77,306.06,309.07,302.56961663278247,296.9538857016904,5.61573093109206,1,320.12427142857143,293.63572857142856,0.23656399851598864,40.950211353809024,28.912769830523708,27.829885938159453,55.45368865059098,4605340.392261337,0.6703488197628072,-0.4802156250254903,-0.027599100098228635,0.09709709709709702,0.13348600132968902,-0.3719198645914337,0,1,0,0,0,0
11445270.0,313.789,313.12,315.48,315.62,311.4,1746504000000,123682,2025-05-06,301.9155,286.0574,269.7133,254.13395,1,1,1,1,61.93043947155569,6.229638993980075,6.718230710159592,-0.488591716179517,321.5361351901,282.2948648099,306.88,8.740000000000009,7.108564285714294,325918805.0,0.0,0.0,0.0276384968347167,0.0307782787688688,0.0220586024188692,15446873.8,0.7409440996404074,785824418315.7299,3469662856.0,226.4843735341097,90.36306588973564,52.37115342449284,1,5,0.0,0.0,306.88,297.98,297.46,303.77,306.06,304.55582945850824,298.32619046452817,6.229638993980075,1,329.6971285714286,301.26287142857143,0.32219206928976474,44.70955054770863,26.93431162742984,27.376275377363765,114.25285025071726,4926082.4477879265,0.24114845793199852,-1.3338701246346574,0.01404647873742415,0.15260677359248853,0.15895815730502205,1.3952953243124528,0,1,0,0,0,0
7909976.0,311.7596,312.1,310.75,313.26,310.08,1746590400000,101701,2025-05-07,303.69300000000004,286.9,270.3349,254.57905,1,1,1,1,52.36925744004621,6.262306120243011,6.6270457921762755,-0.3647396719332647,319.1150936526597,288.2709063473404,315.48,5.400000000000034,6.760000000000007,318008829.0,0.0,0.0,-0.0151065581389696,0.0229779109194456,0.0234451466116054,15221595.9,0.5196548411852137,788282443357.7299,3477572832.0,226.67604143444433,69.16181084715376,70.44673539518905,2,5,0.0,0.0,315.48,306.88,297.98,297.46,303.77,305.5087787725839,299.2464726523409,6.262306120243011,1,324.27000000000004,297.22999999999996,0.33351723973694375,36.40638207561218,29.717878272430458,25.264880923083687,88.52337085175826,4807487.968011078,0.39458561693787436,-1.3669526001895267,0.023382183434875747,0.12917877906976738,0.15683865683865683,0.9800706943485072,0,1,0,0,0,0
11927583.0,306.5458,309.76,304.63,310.48,303.05,1746676800000,121947,2025-05-08,304.6555,287.612,270.8716,254.9932,0,1,1,1,48.993107176645495,5.72832958246903,6.447302550234827,-0.7189729677657972,317.4430638188389,291.86793618116116,310.75,7.699999999999989,6.971428571428577,306081246.0,0.0,0.0,-0.0198908049568449,0.0241040812210044,0.0231488557972101,14556266.05,0.8194122695359776,791915942967.0199,3489500415.0,226.9424985774131,41.7301658449126,67.08501419393401,3,5,0.0,0.0,310.75,315.48,306.88,297.98,297.46,305.37358203834026,299.64525245587123,5.72832958246903,1,318.5728571428572,290.6871428571428,0.2561245550045606,35.30225409474364,34.92315573412668,22.86497818774999,22.859526117587333,4572582.713111642,0.7796419105745941,-0.887627242969596,-0.011166293374882286,0.06745392108767256,0.13232724974909882,1.0412640270224134,0,1,0,0,0,0
6913131.0,307.4967,307.79,306.84,308.57,306.0101,1746763200000,75480,2025-05-09,305.38,288.4502,271.4672,255.4145,1,1,1,1,43.44372845796493,5.420988083273244,6.242039656842511,-0.8210515735692674,316.80091525504764,293.95908474495235,304.63,3.9399999999999977,6.517857142857147,312994377.0,0.0,0.0,0.0072285136571197,0.0297335391637021,0.0231000056358645,13913067.65,0.496880427372895,794037168083.0599,3496413546.0,227.10047242308104,51.63603765127737,54.176004781114585,4,5,0.0,0.0,304.63,310.75,315.48,306.88,297.98,305.59918480167255,300.1781967183993,5.420988083273244,1,319.87571428571425,293.8042857142857,0.20103467460641467,27.58904109286695,37.35342465344068,21.071073448602565,30.745333590287405,4622735.421347862,0.4671571538403555,-1.1630964756441122,0.006924162373248333,0.04956387891226255,0.15819273015513513,1.2871653263099336,0,1,1,0,0,0
14375881.0,298.0675,298.33,298.19,299.47,296.82,1747022400000,165544,2025-05-12,305.393,289.1486,272.0062,255.79645,0,1,1,1,40.88857545839209,4.428387329393104,5.87930919135263,-1.450921861959526,316.77874750798605,294.0072524920139,306.84,10.019999999999982,6.714285714285718,298618496.0,0.0,0.0,-0.0285955718633294,-0.0283172575599582,0.0228728065642461,13579215.1,1.0586680374479085,798323912038.45,3510789427.0,227.3915678049152,14.137931034482772,35.83471151022426,0,5,0.0,0.0,306.84,304.63,310.75,315.48,306.88,304.45931021679985,300.03092288740675,4.428387329393104,1,311.61857142857144,284.76142857142855,0.21485072890890114,26.781914890767876,42.223510633806015,20.417262825992232,-107.5974218484264,4217470.883966818,0.7099943423497789,-0.6027548442584606,-0.03520238133756104,0.0008726882153524684,0.13263949557488508,-1.2380310697818753,0,1,0,0,0,0
10233603.0,299.213,299.02,299.46,300.3,297.24,1747108800000,114521,2025-05-13,305.5545,289.80300000000005,272.55199999999996,256.20210000000003,0,1,1,1,46.762478751352184,3.701553264906977,5.4437580060635,-1.742204741156523,316.47512939191745,294.6338706080826,298.19,3.0600000000000023,6.181428571428573,308852099.0,0.0,0.0,0.0042499854818069,-0.0507797641688856,0.0155618913771991,13470328.25,0.759714448680937,801388466792.83,3521023030.0,227.60102957714253,20.394088669950666,28.722685785236944,1,5,0.0,0.0,298.19,306.84,304.63,310.75,315.48,303.6901855680614,299.9886323031544,3.701553264906977,1,311.8228571428571,287.09714285714284,0.20338004040702387,30.049688002074213,34.573723129815825,19.91907146921955,-101.67879598552747,4261056.1008084295,0.45769814591716296,-0.8665158897127654,-0.02156439913742414,0.010903689700570318,0.12266626677663628,-3.2630822505588433,0,1,0,0,0,0
14800596.0,293.3875,293.67,293.16,294.8,291.96,1747195200000,178337,2025-05-14,305.3235,290.285,273.0442,256.56475,0,1,1,1,38.804625319116994,2.587349331022949,4.87247627105539,-2.285126940032441,317.09857854481936,293.5484214551807,299.46,7.5,6.371071428571428,294051503.0,0.0,0.0,-0.0212623176519233,-0.0566049879324215,0.0162532124317543,13814326.35,1.0713946974330746,805727409516.19,3535823626.0,227.87545272095252,5.071851225697566,13.201290310043676,2,5,0.0,0.0,299.46,298.19,306.84,304.63,310.75,302.0701570191289,299.48280768810594,2.587349331022949,1,305.9021428571429,280.41785714285714,0.16847775064511133,24.945344467184785,39.464207630532655,19.655851014377838,-179.8251290404393,3949683.1134311524,0.5468039878508998,-1.078617434611201,-0.03492774138328325,-0.015514809590973067,0.08957109938303742,-3.482693242530848,0,1,0,0,0,0
13497735.0,296.1698,294.1,297.84,297.9,293.75,1747281600000,159424,2025-05-15,304.842,290.8494,273.63,256.95235,0,1,1,1,44.928602973649305,2.058245401842896,4.309630097212891,-2.251384695369995,317.0279083414035,292.6560916585965,293.16,4.739999999999952,6.205357142857139,307549238.0,0.0,0.0,0.0158378945068118,-0.0222893346026327,0.0192958659018629,13450309.15,1.0035260044561876,809747574908.59,3549321361.0,228.1415213077377,24.85207100591711,16.772670300521792,3,5,0.0,0.0,293.16,299.46,298.19,306.84,304.63,301.4193636315706,299.3611182297277,2.058245401842896,1,310.25071428571425,285.4292857142857,0.1659147089999774,29.17985611174906,36.25910790949541,18.46295427453772,-112.96299566085018,4165160.6676677433,0.08249273857316351,-1.3799464444286957,0.0012774826867478772,-0.031320128793053126,0.10466582597730123,-1.1551346368516393,0,1,0,0,0,0
14173039.0,293.5829,292.62,294.24,294.575,291.78,1747368000000,155841,2025-05-16,304.248,291.36920000000003,274.1764,257.31095,0,1,1,1,38.96413156719749,1.3330700111537794,3.7143180800010698,-2.38124806884729,317.29907472887857,291.1969252711214,297.84,6.060000000000002,6.199642857142854,293376199.0,0.0,0.0,-0.0121606687084504,-0.041063746578021,0.0182684131023499,13248019.85,1.069823200785739,813917849903.95,3563494400.0,228.40441391010745,10.318791946308863,13.414238059307856,4,5,0.0,0.0,297.84,293.16,299.46,298.19,306.84,300.3148461497905,298.98177613863675,1.3330700111537794,1,306.63928571428573,281.8407142857143,0.17192350759970565,24.89774756323543,38.562244364472434,17.04545189108175,-130.77591564305206,3993850.7683929657,0.2992038094868665,-1.470604180500774,-0.012551177931404811,-0.0388083104664837,0.09688723205964589,-2.2477991859482875,0,1,1,0,0,0
11656261.0,297.7584,297.845,298.03,298.58,296.482,1747627200000,144758,2025-05-19,303.37,291.962,274.7357,257.66835,0,1,1,1,44.0929821980285,1.052057155073669,3.18186589501559,-2.1298087399419203,315.5413641496337,291.1986358503663,294.24,4.339999999999975,6.1474999999999955,305032460.0,0.0,0.0,0.0127983917233337,-0.0005365706428788,0.0160671288081721,12812219.95,0.9097768416003504,817391765369.7799,3575150661.0,228.63141805082657,26.2164429530201,20.4624353017487,0,5,0.0,0.0,294.24,297.84,293.16,299.46,298.19,299.9633313575151,298.9112742024414,1.052057155073669,1,310.325,285.73499999999996,0.1728014322437988,29.762388888658265,38.88932782909563,15.039527651966537,-70.39042518914093,4143990.889348647,0.20483857123860225,-1.3606234213753932,-0.028838633993743534,-0.05564181374568267,0.11043630537650428,-0.03339553166777201,0,1,0,0,0,0
12850980.0,302.1173,298.35,303.58,303.6825,298.3,1747713600000,160274,2025-05-20,302.9934999999999,292.7128,275.36190000000005,258.05740000000003,1,1,1,1,49.866629229257335,1.2626361748960448,2.7980199509916805,-1.5353837760956357,314.60997156320616,291.3770284367937,298.03,5.652500000000032,6.363749999999998,317883440.0,0.0,0.0,0.0184510146193683,0.0137580979095706,0.0181500894686038,11692724.6,1.0990577850435304,821293065878.1799,3588001641.0,228.8998579301876,49.496644295302,28.677293064876995,1,5,0.0,0.0,298.03,294.24,297.84,293.16,299.46,300.51974191789736,299.2571057430013,1.2626361748960448,1,316.3075,290.85249999999996,0.36180899648047354,34.478210844405716,36.93924852968111,12.925255336327822,-10.174771019726316,4383305.518748372,-0.03630031915604141,-1.8340345558433566,-0.03772029922657549,-0.02420365787020673,0.14110660051120116,0.7580177691791429,0,1,0,0,0,0
12414518.0,305.1853,304.55,305.82,306.46,303.67,1747800000000,147893,2025-05-21,303.102,293.446,276.0057,258.4598,1,1,1,1,56.22394282310902,1.5919201798863014,2.556799996770605,-0.9648798168843036,314.7846377699126,291.41936223008736,303.58,2.8799999999999955,5.965892857142856,330297958.0,0.0,0.0,0.0073515263812922,0.0431846090871876,0.012242507295895,11042377.75,1.124261303232449,825089673772.94,3600416159.0,229.16508462791285,58.892617449664435,44.86856823266218,2,5,0.0,0.0,303.58,298.03,294.24,297.84,293.16,301.33516623822084,299.74324605833453,1.5919201798863014,1,317.7517857142857,293.8882142857143,0.35889957457771166,40.10296626177337,29.680744705955863,13.366332530382502,35.84630488518937,4474907.469865046,-0.45256857255176797,-1.5666099010713626,-0.015864843121480288,0.007146385641363384,0.13620151582701734,3.527428881122978,0,1,0,0,0,0
9704165.0,303.5873,305.09,303.11,305.28,302.1,1747886400000,126022,2025-05-22,302.854,294.1016,276.6061,258.86295,1,1,1,1,53.69863013698632,1.6155823469882191,2.368556466814128,-0.7529741198259088,314.3007929776648,291.4072070223352,305.82,3.7199999999999704,5.958749999999993,320593793.0,0.0,0.0,-0.0089009176487401,0.0176940639269407,0.0134523806030222,10985337.45,0.8833743200123544,828031103226.09,3610120324.0,229.36385186979987,47.525167785235006,51.97147651006715,3,5,0.0,0.0,305.82,303.58,298.03,294.24,297.84,301.60821758618687,299.99263523919865,1.6155823469882193,1,315.0275,291.19250000000005,0.30637520785415145,36.66277083081145,31.598309804717253,13.649698906144732,13.855720616987703,4388914.77105529,-0.6073773899605647,-0.9769537693715564,-0.004989659587040007,-0.016100236959132652,0.12125920171642068,1.3153100031875056,0,1,0,0,0,0
13339473.0,309.2578,308.86,309.75,310.25,307.47,1747972800000,154370,2025-05-23,303.10499999999996,294.794,277.2896,259.3082,1,1,1,1,52.13891787151588,2.145396496746286,2.32392447280056,-0.1785279760542732,314.9386140317513,291.27138596824864,303.11,7.139999999999986,5.778035714285709,333933266.0,0.0,0.0,0.0216697445779866,0.0527120717781401,0.0120345070009262,11118244.1,1.199782346926526,832163004987.84,3623459797.0,229.65978694639287,75.3775167785235,60.59843400447432,4,5,0.0,0.0,303.11,305.82,303.58,298.03,294.24,302.8607994960043,300.715402999258,2.1453964967462866,1,321.30607142857144,298.19392857142856,0.30719000200595104,35.54717680433329,32.58658095217902,12.729355963076927,85.66344090839725,4681132.450181679,-0.5203808243512277,-1.1644427073692019,0.009483770043019257,0.016473599579955867,0.1258314251444772,4.380073730759887,0,1,1,0,0,0
9578486.0,304.0478,303.81,304.5,304.875,302.74,1748318400000,130464,2025-05-27,302.87649999999996,295.37919999999997,277.92830000000004,259.72795,1,1,1,1,41.38688421713206,2.117240671095203,2.2825877124594887,-0.1653470413642854,314.3975019209698,291.35549807903016,309.75,7.009999999999991,5.654464285714279,324354780.0,0.0,0.0,-0.0170944333593,0.021709223903634,0.0169060414781916,11128394.2,0.860724901351895,835079653974.84,3633038283.0,229.85710276778823,59.217877094972145,60.70685388624356,1,5,0.0,0.0,309.75,303.11,305.82,303.58,298.03,303.1129841889267,300.9957435178315,2.117240671095203,1,315.80892857142857,293.19107142857143,0.2932526373060111,26.256118739774998,39.273772298844435,12.376117462119652,19.344656971233572,4518785.229842696,-0.29226880729594884,-1.6340959708969507,0.021161004728528887,-0.014786294366971875,0.10630722278738558,1.28410965337698,0,1,0,0,0,0
8803333.0,304.0069,304.64,303.81,304.99,303.06,1748404800000,119655,2025-05-28,302.764,295.92080000000004,278.5451,260.12695,1,1,1,1,44.18760469011723,2.016010429675191,2.2292722559026292,-0.2132618262274381,314.1977237107851,291.3302762892149,304.5,1.9300000000000068,5.406607142857134,315551447.0,0.0,0.0,-0.0022685811376483,0.00075762566704,0.0150008375185987,11225955.55,0.7841945356713976,837754194573.57,3641841616.0,230.0358672636932,64.33155080213903,66.3089815585449,2,5,0.0,0.0,304.5,309.75,303.11,305.82,303.58,303.2202173906303,301.2042069609551,2.016010429675191,1,314.62321428571425,292.99678571428575,0.26986406379203115,27.611718462514567,39.33031673688554,12.904012986986586,19.67154288087833,4498836.790532352,-0.1383499362074548,-1.7135284698428837,0.014526147064716666,-0.007351499705939957,0.0978571170454956,0.05050552417792814,0,1,0,0,0,0
9502412.0,305.7439,305.74,305.61,306.89,304.46,1748491200000,101142,2025-05-29,302.856,296.43379999999996,279.147,260.5322,1,1,1,1,50.884795955218515,2.0573142527259165,2.1948806552672866,-0.1375664025413701,314.35324067581985,291.35875932418014,303.81,3.079999999999984,5.076607142857134,325053859.0,0.0,0.0,0.0059072732577813,-0.0006866784382969,0.0148405844258805,11284481.45,0.8420778608307252,840658226704.8899,3651344028.0,230.2325445804007,74.87818083378463,66.14253624363194,3,5,0.0,0.0,303.81,304.5,309.75,303.11,305.82,303.58787625361026,301.53056200088434,2.0573142527259165,1,315.7632142857143,295.45678571428573,0.2938473437696521,32.079918388676354,31.995638252208064,12.874848820840429,42.21825218487696,4555136.259279266,-0.324321240876286,-1.3691458524099132,0.04246827670896436,0.006057214339796557,0.09162023146163745,-0.046270278574515995,0,1,0,0,0,0
9553260.0,303.1392,303.64,303.6,304.02,301.5,1748577600000,99747,2025-05-30,303.163,296.8836,279.7481,260.90815,1,1,1,1,47.06415367886918,1.905887740839944,2.1370820723818182,-0.2311943315418743,314.378007051167,291.947992948833,305.61,4.110000000000014,5.088749999999992,315500599.0,0.0,0.0,-0.0065987337486097,0.0016165748408167,0.0145332488417607,11013691.35,0.8673985584315471,843558596440.8899,3660897288.0,230.4239999319232,63.99566865186807,67.73513342926391,4,5,0.0,0.0,305.61,303.81,304.5,309.75,303.11,303.5897414453625,301.68385370452256,1.905887740839944,1,313.77750000000003,293.4225,0.286928883035418,32.00336877116841,36.0741130594697,12.22800155257222,1.7545332319366598,4492304.3735425435,0.12541388130581702,-1.338739343873645,0.01933924254633368,0.020641430780609316,0.0800042687915763,0.11123278394874116,0,1,1,0,0,0
13593232.0,310.8224,309.21,311.67,311.72,308.72,1748836800000,171472,2025-06-02,303.8475,297.502,280.4329,261.32620000000003,1,1,1,1,62.344322344322414,2.4092899011477016,2.191523638134995,0.2177662630127064,315.3966861185032,292.2983138814968,303.6,8.120000000000005,4.953035714285709,329093831.0,0.0,0.0,0.026233890229075,0.0061985472154963,0.0162510402642959,11259847.15,1.2072305972643689,847795199058.3298,3674490520.0,230.7245574437704,99.74924774322965,79.54103240962745,0,6,0.0,0.0,303.6,305.61,303.81,304.5,309.75,304.832858146076,302.4235682449283,2.4092899011477016,1,321.5760714285714,301.7639285714286,0.3583565610322551,43.98456934145954,23.809352125491774,12.755305902217842,105.95794546707576,4853626.44943187,-0.11687487041404837,-1.1295388618029338,0.05923735725938006,0.04594268071682661,0.11013357079252017,0.38142440732675076,0,1,0,0,0,0
9315081.0,308.5655,309.56,308.91,309.56,307.15,1748923200000,129895,2025-06-03,303.949,298.1104,281.0764,261.73974999999996,1,1,1,1,58.42396149046183,2.556066067757513,2.264432124059499,0.291633943698014,315.6451476338798,292.25285236612024,311.67,4.520000000000039,5.057321428571425,319778750.0,0.0,0.0,-0.0088949634137808,0.0144827586206897,0.0142264940133343,11279400.75,0.8258489264157052,850672720730.0398,3683805601.0,230.92226161421695,85.90772316950856,83.21754652153543,1,6,0.0,0.0,311.67,303.6,305.61,303.81,304.5,305.4601107389874,302.9040446712299,2.556066067757513,1,319.02464285714285,298.7953571428572,0.35767249678842683,41.905299948179106,25.535821471623926,13.988994329794176,70.92878707436634,4771136.560895919,0.2982724726563097,-1.2837652635862296,0.03650639197396255,0.006614963503649651,0.10923192933318981,1.0180124791807752,0,1,0,0,0,0
7462529.0,310.6163,309.41,310.9,311.88,308.74,1749009600000,100190,2025-06-04,303.71999999999997,298.78340000000003,281.7268,262.1597,1,1,1,1,67.13016608729241,2.8006791205970103,2.3716815233670014,0.4289975972300088,314.6176385660205,292.82236143397944,308.91,3.1399999999999864,4.745892857142853,327241279.0,0.0,0.0,0.0064213447279387,0.0233369540173133,0.013969396860204,11080263.7,0.6734974186580055,852992820996.1398,3691268130.0,231.08395027270473,95.12437810945264,93.59378300739696,2,6,0.0,0.0,308.91,311.67,303.6,305.61,303.81,306.2970167791432,303.49633765854617,2.8006791205970103,1,320.3917857142857,301.4082142857143,0.32853527777738567,48.14689392359612,19.264777812504953,15.43920217128419,105.67186352076475,4819210.215714472,0.5152582648857166,-0.5236641061588573,0.024112260359707482,-0.014517560542665287,0.12137060414788081,1.6705758698886162,0,1,0,0,0,0
10856012.0,309.7531,311.24,309.33,312.2,307.6501,1749096000000,140559,2025-06-05,303.649,299.4006,282.33799999999997,262.5464,1,1,1,1,61.80398602835427,2.835168787401813,2.464378976173964,0.3707898112278487,314.37087513057384,292.92712486942617,310.9,4.54989999999998,4.732314285714283,316385267.0,0.0,0.0,-0.0050626488667461,0.0121723765583585,0.0145642380230985,11227565.5,0.9669070289547632,856350911188.0997,3702124142.0,231.31339694229513,85.94515181194906,88.9924176969701,3,6,0.0,0.0,310.9,308.91,311.67,303.6,305.61,306.76362958235194,303.9284607949501,2.8351687874018126,1,318.7946285714286,299.8653714285714,0.33196166181801706,43.60596747535103,20.9651272978844,17.171011492155454,96.63799022620688,4764388.926425313,0.8161980272311475,-0.21257846874404457,0.011477339611536186,-0.004569589702333121,0.11081983696627984,0.8357710291017733,0,1,0,0,0,0
7787508.0,306.5483,309.09,305.18,309.2,305.1,1749182400000,116282,2025-06-06,303.6765,299.9394,282.9324,262.91425000000004,1,1,1,1,61.1133685493702,2.4988268592585428,2.4712685527908795,0.0275583064676632,314.41178226284643,292.9412177371535,309.33,4.229999999999961,4.601599999999995,308597759.0,0.0,0.0,-0.0135069017343722,0.0052042160737812,0.0159000717767944,11020561.75,0.706634396381836,858727502879.5397,3709911650.0,231.46845097498203,55.33782924036137,78.80245305392104,4,6,0.0,0.0,309.33,310.9,308.91,311.67,303.6,306.5199942619901,304.0211674027316,2.4988268592585428,1,314.3832,295.9768,0.3353439266399266,44.84465030100651,22.461131528403058,18.008439954414843,46.97073843065975,4659910.996059684,0.7642337279283274,-0.3678774337071817,0.006829203919369142,0.001805468929521048,0.09682288671650374,0.32730750362407357,0,1,1,0,0,0
7159036.0,306.7325,305.39,306.62,307.61,305.06,1749441600000,92167,2025-06-09,303.66549999999995,300.43240000000003,283.5283,263.28505,1,1,1,1,59.16364412203974,2.3217062390976935,2.4413560900522424,-0.1196498509545489,314.3875765368927,292.9434234631072,305.18,2.5500000000000114,4.473742857142854,315756795.0,0.0,0.0,0.0047074294187185,-0.016203035261655,0.0086198819971784,11032857.0,0.6488832403066586,860922606497.8596,3717070686.0,231.6131920063948,59.85611510791371,67.04636538674139,0,6,0.0,0.0,305.18,309.33,310.9,308.91,311.67,306.5353797601455,304.2136735210478,2.3217062390976935,1,315.56748571428574,297.67251428571427,0.3532384528294436,39.731832080563535,23.166923186215705,18.939959690632246,46.85156955613649,4693691.099080851,1.0209464105044166,1.5242302565727346,-0.01010492332526225,-0.0007169860513621673,0.0874206475866226,-1.879726018256242,0,1,0,0,0,0
7071702.0,306.7786,308.31,306.71,308.6,305.87,1749528000000,96159,2025-06-10,304.0915,300.88539999999995,284.1066,263.65785,1,1,1,1,53.779280367061105,2.163657818868046,2.385816435815403,-0.222158616947357,314.57188021607567,293.6111197839243,306.62,2.730000000000018,4.264992857142853,322828497.0,0.0,0.0,0.0002934798579751,-0.0071218154154932,0.00808284802153,10667648.05,0.6629110715740195,863091568218.2797,3724142388.0,231.75579188361573,48.69158878504659,54.628511044440565,1,6,0.0,0.0,306.62,305.18,309.33,310.9,308.91,306.5622444124308,304.39858659356275,2.163657818868046,1,315.2399857142857,298.18001428571426,0.35029494569250436,34.789038327850406,24.30082783185029,19.961645670924664,51.77261576442421,4695766.805753605,1.2658263677702895,2.447643539962642,0.007257799671592791,0.028572386733290767,0.07973667535027795,-0.8811011397853448,0,1,0,0,0,0
9248766.0,307.6164,307.5,308.37,308.615,305.85,1749614400000,118233,2025-06-11,304.537,301.29,284.6843,264.05285,1,1,1,1,53.122703894195475,2.147595292262224,2.3381722071047673,-0.1905769148425431,314.94567674484955,294.1283232551504,306.71,2.7649999999999864,4.256778571428567,332077263.0,0.0,0.0,0.0053976849526569,-0.0081376648440012,0.007843706512413,10618406.2,0.8710126384127216,865943610189.6997,3733391154.0,231.9455890020839,64.20560747663562,57.584437123198654,2,6,0.0,0.0,306.71,306.62,305.18,309.33,310.9,306.8403606566722,304.69276536441,2.147595292262224,1,316.8835571428571,299.8564428571429,0.36602034385314675,30.195536861343044,24.38128094444645,19.655810580032842,55.43391765942327,4745823.704974368,1.009141179756375,1.8780808297973357,0.015009380863039379,0.029753556401522774,0.07020892621642272,-1.0374756445013043,0,1,0,0,0,0
11531407.0,312.0113,311.74,312.2,313.1,311.15,1749700800000,145693,2025-06-12,305.489,301.7826,285.3136,264.45375,1,1,1,1,60.83432657926103,2.416063736747617,2.353750513033338,0.0623132237142796,314.9566955457592,296.02130445424075,308.37,4.730000000000018,4.3289214285714275,343608670.0,0.0,0.0,0.0123436473883912,0.0092781172210907,0.0096063097723065,10454946.75,1.1029618108767507,869543715455.0997,3744922561.0,232.19270927271376,92.24137931034456,68.37952519067561,3,6,0.0,0.0,308.37,306.71,306.62,305.18,309.33,307.6649205556457,305.2488568188981,2.416063736747617,1,320.8578428571428,303.54215714285715,0.3869514455543572,37.092710319282446,21.384409507913713,21.04459995903747,124.78921331834687,4889045.447718473,0.7919287074099761,0.8036325628652007,0.021563430516017057,0.06494746895893022,0.08564871161804088,0.9658347255770148,0,1,0,0,0,0
16592949.0,316.2316,317.26,316.29,317.6,315.0375,1749787200000,198497,2025-06-13,306.4115,302.3452,285.94519999999994,264.8714,1,1,1,1,58.29949238578684,2.9251365780196465,2.4680277260305994,0.4571088519890471,316.32598971534117,296.4970102846588,312.2,5.400000000000034,4.2046357142857165,360201619.0,0.0,0.0,0.0130155061756364,0.0364047447408086,0.005418181231128,10609707.45,1.563940295073829,874791899294.3097,3761515510.0,232.5636826350105,91.86335403726709,82.77011360808244,4,6,0.0,0.0,312.2,308.37,306.71,306.62,305.18,308.99185585477716,306.0667192767575,2.9251365780196465,1,324.6992714285715,307.88072857142856,0.3177814602541973,37.39070311214486,22.01651578070867,22.582746741976244,183.35293413366892,5106422.646341153,0.3220644810164782,0.19331623899112874,0.04179841897233194,0.0619460112812249,0.09761937812326482,6.7189848397487415,0,1,1,0,0,0
12848440.0,312.8115,314.8,311.78,314.87,311.65,1750046400000,157424,2025-06-16,307.2885,302.8524,286.5187,265.26335,1,1,1,1,59.41541645111224,2.930875851631413,2.5605973511507623,0.3702785004806506,315.6513760477055,298.9256239522945,316.29,4.640000000000043,4.035350000000006,347353179.0,0.0,0.0,-0.0143617033724332,0.0168286478377144,0.0111976193312618,10543477.5,1.2186150157763411,878797785917.5096,3774363950.0,232.83334558065332,63.85093167701837,82.65188834154334,0,6,0.0,0.0,316.29,312.2,308.37,306.71,306.62,309.42080110788834,306.4899252562569,2.930875851631413,1,319.85069999999996,303.7093,0.21266613354010855,38.95926888286214,20.563803100711155,23.371286079485458,112.7930310624825,4923215.891780464,-0.23910202222050198,-1.3804239478765976,0.0003529374017388065,0.05961120174007606,0.0885413029816351,1.5028759516741452,0,1,0,0,0,0
8234115.0,311.9028,312.66,311.94,313.0,310.12,1750132800000,103767,2025-06-17,307.98400000000004,303.4968,287.0974,265.6643,1,1,1,1,60.66089693154995,2.914735671679068,2.631425015256424,0.2833106564226444,315.3602960324071,300.60770396759295,311.78,2.8799999999999955,4.103207142857149,355587294.0,0.0,0.0,0.0005130507391445,0.0170519383130645,0.0111831170693853,10372370.2,0.793850859661758,881366335750.6096,3782598065.0,233.0055481986849,64.84472049689431,73.51966873705993,1,6,0.0,0.0,311.78,316.29,312.2,308.37,306.71,309.80837016821323,306.89363449653416,2.914735671679068,1,320.1464142857143,303.7335857142857,0.19992018468480652,38.114784769733305,22.887149246863174,23.90392575072017,82.72323023697905,4927441.494449013,-0.5360016851970881,-0.6578524812492971,0.00980868214042907,0.04667315370935832,0.115186615186615,1.5247916085783857,0,1,0,0,0,0
9370785.0,311.6281,312.89,310.26,312.98,309.86,1750219200000,102943,2025-06-18,308.31800000000004,304.2278,287.6435,266.05084999999997,1,1,1,1,56.11681136543013,2.7348567765974963,2.6521113675246384,0.0827454090728578,315.4557442994282,301.1802557005719,311.94,3.1200000000000045,4.106064285714292,346216509.0,0.0,0.0,-0.0054002059874943,0.0061290008755714,0.0117258886712729,10198360.45,0.9188521082327504,884273715504.7096,3791968850.0,233.19646085824508,54.40993788819863,61.03519668737045,2,6,0.0,0.0,311.94,311.78,316.29,312.2,308.37,309.8778516807958,307.1429949041983,2.7348567765974963,1,318.4721285714286,302.0478714285714,0.10856338753328083,34.78304736812924,23.323516258474232,25.30321470023332,61.63271628491601,4876973.716030085,-0.13846299264789683,-0.900605268399446,-0.0020585397233836566,0.022004084590552697,0.13353549377077933,0.5226892238619412,0,1,0,0,0,0
8794711.0,310.194,309.33,310.13,310.89,309.25,1750392000000,104378,2025-06-20,308.5335,304.9264,288.2149,266.44505000000004,1,1,1,1,59.03681151397726,2.5523891889797596,2.632166931815662,-0.079777742835903,315.6137119355595,301.4532880644405,310.26,1.6399999999999864,3.9296357142857192,337421798.0,0.0,0.0,-0.0004190912229492,-0.0066303651505444,0.0099550490535684,10017370.1,0.877946098846842,887001219227.1396,3800763561.0,233.37447988839511,40.430622009569255,53.22842679822074,4,6,0.0,0.0,310.26,311.94,311.78,316.29,312.2,309.91664372990414,307.3642545409244,2.5523891889797596,1,317.98927142857144,302.27072857142855,0.08020028166112965,36.34469933848024,20.09910042186778,26.93195229410198,36.13396272081003,4873288.702074049,-0.31189032764093194,-0.6210316059710748,0.0025862347654608264,0.014093257471715415,0.1269258720930233,-0.6660297156316455,0,1,1,0,0,0
12687916.0,311.4985,310.34,311.08,312.67,310.31,1750651200000,158729,2025-06-23,308.932,305.4404,288.77389999999997,266.849,1,1,1,1,48.98310927266454,2.456126672310859,2.596958879914702,-0.140832207603843,315.6128275566662,302.2511724433338,310.13,2.5400000000000205,3.5310642857142915,350109714.0,0.0,0.0,0.0030585494135067,-0.0164722248569352,0.0068927479092842,10166557.65,1.2480051200024425,890948176136.4197,3813451477.0,233.63301762457948,48.006379585326734,47.61564649436488,0,6,0.0,0.0,310.13,310.26,311.94,311.78,316.29,310.0956216176112,307.6394949453003,2.456126672310859,1,318.14212857142854,304.0178714285714,0.07475140305767566,28.471788143908135,22.36780088108454,25.66386234047943,59.28883880744014,4912154.726644391,-0.5761696896734714,0.9016038934040976,0.019332852742643514,0.02629408465573535,0.09005536477678877,-2.389787233749779,0,1,0,0,0,0
12035177.0,305.0892,305.07,306.19,306.34,303.54,1750737600000,169490,2025-06-24,308.754,305.7172,289.29380000000003,267.2278,0,1,1,1,45.63262684649964,1.9626318040111528,2.470093464733992,-0.5074616607228393,315.5320556131197,301.9759443868803,311.08,7.539999999999964,3.746778571428572,338074537.0,0.0,0.0,-0.015844289529663,-0.0179293091282313,0.007492218007706,10101342.85,1.1914432742969416,894633226982.0497,3825486654.0,233.8612856083564,18.847795163584472,35.7615989194935,1,6,0.0,0.0,311.08,310.13,310.26,311.94,311.78,309.49475675336333,307.5321249493522,1.9626318040111528,1,313.6835571428571,298.69644285714287,0.0861463746120594,26.83257426344686,30.993291373924382,24.444076719785453,-77.2371758261954,4722968.615258254,-0.3755773689468904,-0.45173079432111507,-0.0014023873198095727,-0.011493139628732885,0.04734051650419002,-2.393054390468419,0,1,0,0,0,0
6733155.0,306.4412,305.31,307.12,307.36,305.12,1750824000000,89751,2025-06-25,308.885,305.901,289.7845,267.60165,0,1,1,1,43.71675531914899,1.6278123852121098,2.3016372488296155,-0.6738248636175057,315.41355912206757,302.3564408779324,306.19,2.240000000000009,3.6824928571428592,344807692.0,0.0,0.0,0.0030327263954628,-0.015451689427454,0.007912524142423,9959076.3,0.6760822788354377,896701113545.6497,3832219809.0,233.99000011422615,25.462304409672715,30.772159719527988,2,6,0.0,0.0,306.19,311.08,310.13,310.26,311.94,309.1294095605382,307.5015971753261,1.6278123852121098,1,314.4849857142857,299.7550142857143,0.08274130355133803,24.779409905793905,31.53434493490735,22.2405619279885,-55.49849666951821,4743419.427335721,-0.47016457860681954,-0.45805207108276036,0.0013367676306610399,0.008604269293924549,0.030846171919578502,-1.9528117224303487,0,1,0,0,0,0
6787517.0,306.2988,305.77,306.78,307.28,304.855,1750910400000,95617,2025-06-26,309.0335,306.112,290.2667,267.9824,0,1,1,1,45.580589254766025,1.3198164031306303,2.1052730796898187,-0.7854566765591882,315.2011448631305,302.8658551368695,307.12,2.4249999999999545,3.530714285714286,338020175.0,0.0,0.0,-0.0011076723725795,-0.0112163991491007,0.0078350106075519,9858285.5,0.6885088690117567,898783388010.9097,3839007326.0,234.11869571694317,23.04409672830691,22.45139876718804,3,6,0.0,0.0,307.12,306.19,311.08,310.13,310.26,308.76796193584,307.44814553270936,1.3198164031306305,1,313.84142857142854,299.7185714285714,0.11376442876025822,25.844628762726334,31.221120770539883,20.40900085730893,-66.59996122785951,4735905.244670964,-0.26460727511715626,-0.3542171704471408,-0.005156143593734952,0.009775846746321593,0.03561421868142989,-1.4315723864580026,0,1,0,0,0,0
13301308.0,301.2858,300.03,301.22,302.36,299.89,1750996800000,175633,2025-06-27,308.81399999999996,306.18080000000003,290.67949999999996,268.3305,0,0,1,1,43.456708526107114,0.6199356034585435,1.808205584443564,-1.1882699809850203,315.7582301683761,301.86976983162384,306.78,6.889999999999986,3.720714285714288,324718867.0,0.0,0.0,-0.0182899835362601,-0.0287298874665461,0.0104330220031877,10048230.3,1.3237463317296778,902790008006.6696,3852308634.0,234.35038408884392,7.509881422925117,18.672094186968256,4,6,0.0,0.0,306.78,307.12,306.19,311.08,310.13,307.60673702263387,306.9868014191753,0.6199356034585435,1,308.6614285714286,293.77857142857147,0.11923483380667661,24.52486081310731,34.26281435318436,19.216726568547863,-174.9957317460138,4494835.838321139,-0.14572934446335153,-0.63650573349483,-0.035169762972453444,-0.014364713196557632,0.011552152595876386,-2.753742867631192,0,1,1,0,0,0
8192086.0,303.5103,302.385,304.83,304.92,301.95,1751256000000,110122,2025-06-30,308.8755,306.128,291.1028,268.69155,0,0,1,1,47.240209682392816,0.3525083603711323,1.5170661396290777,-1.1645577792579451,315.64488767345244,302.10611232654753,301.22,3.6999999999999886,3.8028571428571434,332910953.0,0.0,0.0,0.011913349382197,-0.0200912948437701,0.0128016874315017,9980171.6,0.8208361868246835,905287201582.0496,3860500720.0,234.4999437228572,27.893845285149563,19.48260781212721,0,6,0.0,0.0,301.22,306.78,307.12,306.19,311.08,307.1795467114594,306.8270383510883,0.3525083603711323,1,312.43571428571425,297.2242857142857,0.12669490240442222,28.803531174154276,33.4475957863547,17.86846801737263,-114.40569705945437,4593014.679234756,-0.2419328412609363,-0.7878153417991243,-0.03623257137437175,0.004051383399209296,-0.008586203532052084,-1.5694242854334746,0,1,0,1,1,0
9335647.0,307.9406,308.555,307.55,309.0,307.36,1751342400000,122053,2025-07-01,308.66949999999997,306.1566,291.53700000000003,269.06805,0,1,1,1,51.19794637763838,0.3559484592585704,1.2848426035549765,-0.9288941442964058,315.3307136558008,302.0082863441991,304.83,4.170000000000016,3.905714285714286,342246600.0,0.0,0.0,0.0088834314884777,0.0044416865345047,0.0118518231978619,9767292.35,0.9558070615138288,908158379816.8997,3869836367.0,234.67617069321415,43.25239977413896,26.218708827404555,1,7,0.0,0.0,304.83,301.22,306.78,307.12,306.19,307.23653952508107,306.8805910658225,0.35594845925857044,1,315.3614285714286,299.73857142857145,0.025473302177104133,33.696049737802596,32.56675200574858,16.722373621366707,-16.29262602587367,4676316.715910939,-0.6735423153875729,-0.07228061860450653,-0.013567258964654494,-0.013219109956043251,0.004671370704298905,0.37476789120741183,0,1,0,0,0,0
8316377.0,308.257,308.035,309.25,309.395,306.96,1751428800000,96791,2025-07-02,308.68649999999997,306.0298,291.9952,269.43265,1,1,1,1,51.25356125356125,0.4901998363440611,1.125914050112793,-0.6357142137687322,315.35203199991656,302.02096800008337,307.55,2.4350000000000023,3.882142857142859,350562977.0,0.0,0.0,0.00551233561822,0.0069353998437093,0.0120148436408093,9717357.15,0.8558270393509206,910730219404.1497,3878152744.0,234.83608808682592,52.85149632975717,41.33258046301524,2,7,0.0,0.0,307.55,304.83,301.22,306.78,307.12,307.5463026750686,307.05610283872454,0.49019983634406117,1,317.01428571428573,301.48571428571427,0.04122355845011795,33.90064396800367,33.46366144738488,16.007755191238605,-2.7284147466536313,4722285.95961115,-0.7706482930505212,-0.1979863272492882,-0.008623453228184919,0.0011006442005760952,-0.02008935644348675,0.5772354829319538,0,1,0,0,0,0
5275838.0,306.8206,307.05,307.14,307.57,306.15,1751515200000,67479,2025-07-03,308.49850000000004,305.9504,292.4276,269.77495000000005,0,1,1,1,42.42061114439785,0.4214771279484353,0.9850266656799218,-0.5635495377314865,315.11306853029083,301.88393146970924,309.25,3.1000000000000227,3.765714285714288,345287139.0,0.0,0.0,-0.0068463415750504,0.0011734793663211,0.0125732841302157,9608022.6,0.5491075759959183,912350640287.4696,3883428582.0,234.93431667992743,40.937323546019115,45.68040654997176,3,7,0.0,0.0,309.25,307.55,304.83,301.22,306.78,307.4837945712119,307.06231744326345,0.4214771279484353,1,314.6714285714286,299.6085714285714,0.03792613424487166,26.441578143694784,36.03471167753524,15.185793493291698,-36.911789732433384,4686289.134453511,-0.7138368790891766,-0.3844873519222181,-0.01005608199574548,-0.012093920874879371,-0.012760759859856696,0.09333109956451552,0,1,0,0,0,0
7351641.0,306.3677,305.07,307.37,307.705,304.53,1751860800000,106514,2025-07-07,308.4005,306.02479999999997,292.8176,270.1185,0,1,1,1,34.89159891598915,0.3811789703398744,0.8642571266119123,-0.4830781562720379,315.02127265325765,301.7797273467424,307.14,3.1750000000000114,3.6067857142857145,352638780.0,0.0,0.0,0.0007485639313925,0.0204169709846622,0.0073648182227893,9432804.05,0.7793696297550037,914610314181.6396,3890780223.0,235.07118412266064,49.93324432576775,47.907354733848024,0,7,0.0,0.0,307.14,309.25,307.55,304.83,301.22,307.46628771410235,307.0851087437625,0.38117897033987447,1,314.5835714285714,300.1564285714286,0.084427386498751,18.694920285435312,40.83077531620355,15.99348870763784,-43.17162311996443,4691794.367995219,-0.7538759676024309,-0.353433733741579,-0.008899493760680999,-0.006336275175378936,0.012250946813765928,2.7722263665953677,0,1,0,0,0,0
11840545.0,304.3438,306.3,304.16,306.445,302.77,1751947200000,143800,2025-07-08,308.3495,305.9466,293.18530000000004,270.4526,0,0,1,1,36.49893692416734,0.0891940437766152,0.709244510044853,-0.6200504662682378,315.0893687321137,301.60963126788624,307.37,4.600000000000023,3.6039285714285705,340798235.0,0.0,0.0,-0.0104983548888202,-0.0021979463963519,0.0081544630980562,9635455.9,1.2288515585443134,918211734348.8396,3902620768.0,235.28079947655309,32.570556826849995,41.147041566212295,1,7,0.0,0.0,307.37,307.14,309.25,307.55,304.83,306.9576280657789,306.8684340220023,0.08919404377661522,1,311.3678571428572,296.95214285714286,0.10652183771407764,18.70974134997341,37.637498753812835,16.185382377248015,-88.53899271813394,4568138.352606601,-0.3095918392862134,-1.125842197975513,-0.022245081651022125,-0.0033422897961857823,-0.012691920667380674,-0.26953873903585873,0,1,0,0,0,0
10644077.0,304.8436,303.58,305.52,305.54,303.23,1752033600000,109895,2025-07-09,308.2945,305.9624,293.5638,270.80264999999997,0,0,1,1,39.089055064581856,-0.0320955031749576,0.5609765074008909,-0.5930720105758486,315.1113073249192,301.47769267508085,304.16,2.3100000000000023,3.563214285714285,351442312.0,0.0,0.0,0.0044613641771416,-0.0066005527556496,0.0070563178696597,9809707.95,1.0850554424507612,921463712753.8796,3913264845.0,235.47185004133797,43.009931245225225,41.837910799281,2,7,0.0,0.0,304.16,307.37,307.14,309.25,307.55,306.73645451719756,306.7685500203725,-0.032095503174957685,0,312.64642857142854,298.3935714285714,0.14978650952647032,18.9235241016492,35.00050114563494,16.531923870971383,-77.54348722404825,4615731.542769672,-0.7696417522340007,0.09394174965154127,-0.002188183807439903,-0.0035875024460244598,0.002592458898040828,-0.9354090225923587,0,1,0,0,0,0
7059561.0,305.716,306.11,306.2,306.51,304.82,1752120000000,84498,2025-07-10,308.269,305.905,293.9227,271.1378,0,1,1,1,42.857142857142826,-0.0725121510353119,0.4342787757136503,-0.5067909267489623,315.11451916448914,301.4234808355109,305.52,1.6899999999999975,3.4610714285714272,358501873.0,0.0,0.0,0.0022232403063227,-0.0098625707356507,0.0063805776858511,9809100.9,0.7196950130261174,923625350332.0796,3920324406.0,235.5992144217668,49.37402190923308,41.65150332710277,3,7,0.0,0.0,305.52,304.16,307.37,307.14,309.25,306.65392305301333,306.72643520404864,-0.07251215103531194,0,313.1221428571428,299.27785714285716,0.1864431149462621,21.483850991335554,35.49685274264857,16.87984967154484,-50.390497129230475,4631444.103256712,-0.7473123557699748,0.10370202284216694,-0.002995571763480087,-0.0016628085161879413,-0.009285922282977976,-1.5457151004320289,0,1,0,0,0,0
9187302.0,309.2034,308.855,309.14,310.28,308.5153,1752206400000,112903,2025-07-11,308.3075,305.96659999999997,294.3512,271.47245000000004,1,1,1,1,48.41498559077808,0.1311786479462853,0.3736587501601773,-0.242480102213892,315.16406312554227,301.45093687445774,306.2,4.079999999999984,3.6353571428571416,367689175.0,0.0,0.0,0.0095557655005891,0.0065116884808231,0.0073910334560502,9806027.7,0.9369035333236924,926465512872.3596,3929511708.0,235.77115471782164,72.37871674491376,54.920889966457366,4,7,0.0,0.0,306.2,305.52,304.16,307.37,307.14,307.0363964294728,306.9052177815265,0.1311786479462853,1,316.4107142857143,301.8692857142857,0.13402119292590378,27.861283028222584,32.596522245290075,15.383449855685686,25.907644276987238,4719656.604497732,-0.9067799670666907,-0.026736927864508937,0.007692809179216331,0.002497000356714185,0.010063386264131058,0.8810242450262861,0,1,1,0,0,0
5772879.0,308.4745,309.07,308.01,309.38,307.73,1752465600000,85875,2025-07-14,308.098,306.0514,294.7243,271.7991,0,1,1,1,45.11302133078637,0.1991280927558136,0.3387526186793046,-0.1396245259234909,314.70530568544115,301.4906943145589,309.14,1.6499999999999773,3.57178571428571,361916296.0,0.0,0.0,-0.0036619987451893,0.0020821810846862,0.0077285124484128,9518101.3,0.6065158184437478,928243617333.1497,3935284587.0,235.8771257355954,78.1520692974015,66.63493598384946,0,7,0.0,0.0,309.14,306.2,305.52,304.16,307.37,307.1861815941693,306.98705350141347,0.19912809275581367,1,315.1535714285714,300.86642857142857,0.11338227952108135,24.79752024301618,34.74712528052264,15.719387079588634,9.866676858541977,4698554.989468942,-0.47692759964864184,-0.7861293787791135,0.02254166390013923,-0.013420884048686688,0.013957928696052946,0.2694151564654918,0,1,0,0,0,0
