volume_1d,vw,open_1d,close_1d,high_1d,low_1d,t,transactions_1d,timestamp,sma20_1d,sma50_1d,sma100_1d,sma200_1d,close_over_sma20_1d,close_over_sma50_1d,close_over_sma100_1d,close_over_sma200_1d,rsi14_1d,macd_1d,macd_signal_1d,macd_hist_1d,bb_upper_1d,bb_lower_1d,prev_close_1d,tr_1d,atr14_1d,obv_1d,news_count,avg_sentiment,cash_amount,log_return_1d,ret_5_1d,vol_5_1d,avg_vol_20_1d,vol_ratio_1d,cum_vol_price_1d,cum_vol_1d,vwap_1d,stoch_k_1d,stoch_d_1d,dow_1d,month_1d,avg_sentiment_lag1_1d,sentiment_5d_ma_1d,close_lag1_1d,close_lag2_1d,close_lag3_1d,close_lag4_1d,close_lag5_1d,ema12_1d,ema26_1d,ema_diff_1d,ema_cross_1d,upper_atr_band_1d,lower_atr_band_1d,cmf20_1d,plus_di14_1d,minus_di14_1d,adx14_1d,cci20_1d,vpt_1d,roll_skew_10_1d,roll_kurt_10_1d,ret_10_1d,ret_20_1d,ret_50_1d,mom_vol_ratio_1d,vol_spike_1d,is_day_end_1d,is_week_end_1d,is_month_end_1d,is_quarter_end_1d,is_year_end_1d
58418432.0,443.3129,441.91,443.13,443.889,441.9,1688529600000,415750,2023-07-05,,,,,0,0,0,0,,0.0,0.0,0.0,,,,1.9890000000000327,,0.0,0.0,0.0,,,,,,,25886959772.16,58418432.0,443.13,,,2,7,,,,,,,,443.13,443.13,0.0,0,,,0.23680241327299942,0.0,0.0,0.0,0.0,0.0,,,,,,,0,1,0,0,0,0
80658302.0,439.1438,439.42,439.66,440.1,437.06,1688616000000,567512,2023-07-06,,,,,0,0,0,0,,-0.2768091168091473,-0.0553618233618294,-0.2214472934473178,,,443.13,6.069999999999993,,-80658302.0,0.0,0.0,,-0.007861479788647,,,,,61349188829.48,139076734.0,441.117554784397,,,3,7,0.0,,443.13,,,,,442.5961538461538,442.87296296296296,-0.2768091168091473,0,,,0.5115411455888779,0.0,60.05707896754251,49.999999991674585,-66.66666633606084,-631607.6725565803,,,,,,,0,1,0,0,0,0
85434178.0,439.9317,438.63,438.55,442.64,438.3,1688702400000,530026,2023-07-07,,,,,0,0,0,0,,-0.5790748451717036,-0.1601044277238043,-0.4189704174478993,,,439.66,4.339999999999975,,-166092480.0,0.0,0.0,,-0.0025278705345803,,,,,98816347591.38,224510912.0,440.1405112611186,,,4,7,0.0,,439.66,443.13,,,,441.97366863905324,442.55274348422495,-0.5790748451717036,0,,,-0.01981221709997456,20.485523009528276,39.035406049652664,43.72177054374336,-31.396320873350646,-847301.4759046243,,,,,,,0,1,1,0,0,0
62443501.0,438.8872,438.18,439.66,439.84,437.585,1688961600000,419235,2023-07-10,,,,,0,0,0,0,,-0.7207465714367345,-0.2722328564663903,-0.4485137149703441,,,438.55,2.2549999999999955,,-103648979.0,0.0,0.0,,0.0025278705345804,,,,,126270257241.04,286954413.0,440.0359482920376,,,0,7,0.0,,438.55,439.66,443.13,,,441.61771961766044,442.3384661890972,-0.7207465714367345,0,,,0.1673667754855422,17.333151346162474,37.907738475564585,42.1026311797478,-55.847970343399126,-689252.7104046787,-0.0802013830517598,,,,,,0,1,0,0,0,0
64463752.0,441.2254,440.45,442.46,442.97,439.44,1689048000000,455993,2023-07-11,,,,,0,0,0,0,,-0.600167478665071,-0.3378197809061264,-0.2623476977589445,,,439.66,3.5300000000000296,,-39185227.0,0.0,0.0,,0.0063483639498694,,,,,154792888950.96002,351418165.0,440.48061360447895,,,1,7,0.0,0.0,439.66,438.55,439.66,443.13,,441.74730121494343,442.3474686936085,-0.600167478665071,0,,,0.2670990754669589,31.181258231862525,30.54883412310336,33.887004721047916,52.42134929259966,-278711.597726711,-0.2836296572227097,-1.3877109353455968,,,,,0,1,0,0,0,0
91895927.0,445.6589,446.39,446.02,447.4799,444.91,1689134400000,585099,2023-07-12,,,,,0,0,0,0,,-0.2148685600699877,-0.3132295367388987,0.0983609766689109,,,442.46,5.019900000000007,,52710700.0,0.0,0.0,,0.0080137291821313,0.0065217881885677,0.0065317131907159,,,195780310311.50003,443314092.0,441.62888986506664,,,2,7,0.0,0.0,442.46,439.66,438.55,439.66,443.13,442.4046394895675,442.6195080496375,-0.21486856006998778,0,,,0.18350769307829123,43.87150434027387,23.939941120268596,33.13794127341006,145.80235424159866,460676.14380924,-0.586083734353721,-1.1715446443926634,,,,0.9984789615453512,0,1,0,0,0,0
71975241.0,448.5919,447.9,449.56,450.38,447.45,1689220800000,449367,2023-07-13,,,,,0,0,0,0,,0.3718456190010215,-0.1762145055909147,0.5480601245919362,,,446.02,4.360000000000014,,124685941.0,0.0,0.0,,0.0079055325860945,0.0225173998089431,0.0044897063815273,,,228137499655.46,515289333.0,442.7367015871451,,,3,7,0.0,0.0,446.02,442.46,439.66,438.55,439.66,443.50546418348017,443.13361856447915,0.37184561900102153,1,,,0.21937249051292304,47.45337196570378,20.15317135087807,34.1726644460782,144.4752017524516,1031933.8298771386,-0.895790672023402,-0.6001032640745491,,,,5.015327895006854,0,1,0,0,0,0
69695823.0,449.8199,450.475,449.28,451.36,448.49,1689307200000,484538,2023-07-14,,,,,0,0,0,0,,0.8049482308771871,0.0200180417027056,0.7849301891744814,,,449.56,2.8700000000000045,,54990118.0,0.0,0.0,,-0.0006230252526748,0.024466993501311,0.0037727856011918,,,259450439012.9,584985156.0,443.51627789492153,,,4,7,0.0,0.0,449.56,446.02,442.46,439.66,438.55,444.39385430909863,443.58890607822144,0.8049482308771871,1,,,0.1396849296348276,46.19848259795862,18.252672178638722,35.32104060436404,113.98256824411664,988525.0959150369,-0.5924960112613413,-0.7640496884163526,,,,6.485109740263174,0,1,1,0,0,0
52680221.0,450.4644,449.13,450.84,451.93,449.08,1689566400000,385755,2023-07-17,,,,,0,0,0,0,,1.259544884274419,0.2679234102170483,0.9916214740573708,,,449.28,2.8500000000000227,,107670339.0,0.0,0.0,,0.0034662079764863,0.0254287403903015,0.0036507274547289,,,283200789848.54004,637665377.0,444.1213214066977,,,0,7,0.0,0.0,449.28,449.56,446.02,442.46,439.66,445.38556903077574,444.1260241465013,1.259544884274419,1,,,0.14756655568002608,43.9551855269498,16.68975089557119,36.391939210321546,102.55259906030112,1171442.5299428198,-0.732101545497098,-0.18478465952367554,,,,6.9653708889317585,0,1,0,0,0,0
80744448.0,453.2069,450.5,454.19,454.86,450.0484,1689652800000,519350,2023-07-18,,,,,0,0,0,0,,1.8685930328417728,0.5880573347419933,1.2805356980997793,,,450.84,4.8115999999999985,,188414787.0,0.0,0.0,,0.0074031033224915,0.0265108710391899,0.003774878123618,,,319874110685.66003,718409825.0,445.2529733786144,,,1,7,0.0,0.0,450.84,449.28,449.56,446.02,442.46,446.74009687219484,444.87150383935307,1.8685930328417726,1,,,0.21207354186335164,46.09468308695384,14.581774746470892,37.94634251966856,114.36264238947035,1771420.1290910775,-0.9138778930688932,0.038278184080223945,,,,7.022955428353423,0,1,0,0,0,0
65639688.0,455.3494,455.01,455.2,456.43,454.1119,1689739200000,502903,2023-07-19,,,,,0,0,0,0,,2.4050428012880616,0.9514544280512072,1.4535883732368546,,,454.19,2.3181000000000154,,254054475.0,0.0,0.0,,0.0022212701157517,0.0205820366799696,0.0035926186262305,,,349753296663.26,784049513.0,446.08572655699106,,,2,7,0.0,0.0,454.19,450.84,449.28,449.56,446.02,448.0416204303187,445.6365776290306,2.4050428012880616,1,,,0.18919424180035174,47.335550397060395,13.745372841383736,39.496030532925545,121.96483315825157,1917385.6608729302,-0.9036241055351473,0.34703778740174585,0.027238056552253198,,,5.7289630577722495,0,1,0,0,0,0
70575142.0,453.3022,454.17,452.18,455.1,451.44,1689825600000,532939,2023-07-20,,,,,0,0,0,0,,2.557018627833884,1.2725672680077424,1.2844513598261411,,,455.2,3.759999999999991,,183479333.0,0.0,0.0,,-0.0066565521639509,0.0058279206335083,0.0052368614443803,,,381665964372.82,854624655.0,446.5889933550068,,,3,7,0.0,0.0,455.2,454.19,450.84,449.28,449.56,448.67829421026966,446.12127558243577,2.557018627833884,1,,,0.12438336822484854,43.30640924821459,18.62401977230197,39.52594694078412,81.25655161353946,1449158.6642999973,-0.7311685134094307,-0.2304327295313848,0.028476550061411032,,,1.1128630319467279,0,1,0,0,0,0
70940618.0,452.9345,453.96,452.18,454.165,452.17,1689912000000,475415,2023-07-21,,,,,0,0,0,0,,2.646948194183665,1.5474434532429269,1.099504740940738,,,452.18,1.9950000000000043,,183479333.0,0.0,0.0,,0.0,0.006454772079772,0.0051909757680589,,,413743893020.06,925565273.0,447.0175200923512,,,4,7,0.0,0.0,452.18,455.2,454.19,450.84,449.28,449.21701817792047,446.5700699837368,2.646948194183665,1,,,0.038972572058944756,41.43508790792108,17.81925377468249,39.5512608243344,73.55480161358766,1449158.6642999973,-0.8791387193768622,0.6275994246680229,0.031079694447611494,,,1.24345786487981,0,1,1,0,0,0
54023382.0,453.9231,453.37,454.2,455.04,452.298,1690171200000,400894,2023-07-24,,,,,0,0,0,0,,2.8483807809911923,1.80763091879258,1.0407498621986122,,,452.18,2.8600000000000136,3.502042857142864,237502715.0,0.0,0.0,,0.0044572990232878,0.0074527548575991,0.0053125017350188,,,438281313124.46,979588655.0,447.41362702333464,88.4873515745998,,0,7,0.0,0.0,452.18,452.18,455.2,454.19,450.84,449.9836307659327,447.1352499849415,2.8483807809911923,1,461.2040857142857,447.19591428571425,0.05818296882674518,40.80271514161058,16.779797910448195,39.706107847253584,79.61672617135402,1690494.4855216297,-1.0211811442973504,0.8087727151781091,0.03307100941636709,,,1.4028684037481427,0,1,0,0,0,0
54844740.0,455.3935,453.92,455.44,456.735,453.87,1690257600000,383333,2023-07-25,,,,,0,0,0,0,71.92732454577842,3.0726555338348476,2.0606358418010338,1.0120196920338138,,,454.2,2.865000000000009,3.564614285714291,292347455.0,0.0,0.0,,0.0027263549713683,0.0027521521830071,0.0043310952419747,,,463259801510.06,1034433395.0,447.8391781909361,93.41804320203296,,1,7,0.0,0.0,454.2,452.18,452.18,455.2,454.19,450.8230721865584,447.7504166527236,3.0726555338348476,1,462.5692285714286,448.3107714285714,0.06018725400514502,43.48296548945721,16.485253861069847,42.92182442850259,90.95792247876979,1840224.7312283677,-0.8543369832581669,0.8622334951933054,0.029335985173801093,,,0.6354387689162453,0,1,0,0,0,0
70897885.0,454.9956,454.47,455.51,456.99,453.38,1690344000000,527717,2023-07-26,,,,,0,0,0,0,82.12403729225771,3.218937399637298,2.292296153368287,0.926641246269011,,,455.44,3.6100000000000136,3.3889000000000067,363245340.0,0.0,0.0,,0.0001536857130198,0.0006810193321618,0.0042290997176336,,,495554497106.41,1105331280.0,448.3311981421624,92.3730997165678,91.42616483106686,2,7,0.0,0.0,455.44,454.2,452.18,452.18,455.2,451.54413800401096,448.32520060437366,3.218937399637298,1,462.2878,448.7322,0.06787580702224752,45.73755494919589,8.171425197352036,40.756421830553585,84.54566377639878,1851121.5605582395,-0.6371498281499591,1.0107864380949525,0.021277072777005523,,,0.16103137010662957,0,1,0,0,0,0
92090375.0,455.3257,459.02,452.49,459.44,451.55,1690430400000,627050,2023-07-27,,,,,0,0,0,0,76.2227238525207,3.0559509708541555,2.4450271168654605,0.610923853988695,,,455.51,7.889999999999986,3.642471428571436,271154965.0,0.0,0.0,,-0.0066520069075757,0.0006855676942809,0.0042272746835387,,,537224470890.16,1197421655.0,448.65104004667427,68.19949668268139,84.66354653376071,3,7,0.0,0.0,455.51,455.44,454.2,452.18,452.18,451.6896552341631,448.63370426330897,3.0559509708541555,1,459.7749428571429,445.20505714285713,0.004073612144457028,42.37703599158002,7.602569682358072,43.50013615944639,71.03891708107972,1240568.7022236297,-0.5768617268901252,-0.11501652654060786,0.006517483761900644,,,0.1621768453282888,0,1,0,0,0,0
80001790.0,456.2639,455.88,456.92,457.78,452.4918,1690516800000,528393,2023-07-28,,,,,0,0,0,0,78.8628762541806,3.246819712168133,2.605385635925995,0.6414340762421378,,,452.49,5.289999999999964,3.859257142857148,351156755.0,0.0,0.0,,0.0097426574174757,0.0104825511964261,0.0060154824986956,,,573778888776.96,1277423445.0,449.1689040331962,87.40000000000009,82.6575321330831,4,7,0.0,0.0,452.49,455.51,455.44,454.2,452.18,452.49432365967647,449.24750394750833,3.246819712168133,1,464.63851428571434,449.2014857142857,0.04607621968774118,39.996594451930655,5.852162517240147,46.15918389818297,82.26355169558278,2023807.9554667948,-0.39880572009383286,-0.22123163523800468,0.01700498575498588,,,1.7425923477918288,0,1,1,0,0,0
61970449.0,457.1754,457.41,457.79,458.16,456.045,1690776000000,438675,2023-07-31,,,,,0,0,0,0,77.40436181623173,3.4287616637712404,2.7700608414950443,0.6587008222761961,,,456.92,2.115000000000009,3.7581857142857182,413127204.0,0.0,0.0,,0.0019022428143197,0.0079040070453544,0.0058704154436648,,,602148340624.6699,1339393894.0,449.56778086123626,88.64418444597398,81.41456037621849,0,7,0.0,0.0,456.92,452.49,455.51,455.44,454.2,453.3090430966493,449.88028143287806,3.4287616637712404,1,465.3063714285715,450.27362857142856,0.07402375111041526,35.8455637720622,6.009548679262115,51.1777225464048,96.542663786644,2141802.988798663,-0.30103409570661366,-0.17915732753544183,0.01541566852985543,,,1.3464112816361862,0,1,0,1,0,0
55478674.0,456.4787,456.27,456.48,457.25,455.49,1690862400000,418011,2023-08-01,450.087,,,,1,0,0,0,70.33437013996894,3.4277331453546367,2.901595302266963,0.5261378430876738,462.6906287172427,437.4833712827572,457.79,2.3000000000000114,3.563907142857147,357648530.0,0.0,0.0,,-0.0028656762148763,0.0022835060600738,0.0061233633141281,69743628.4,0.7954658407190067,627473245732.19,1394872568.0,449.8427025716588,75.31276063386174,83.78564835994527,1,8,0.0,0.0,457.79,456.92,452.49,455.51,455.44,453.7968826202417,450.3691494748871,3.4277331453546367,1,463.6078142857143,449.3521857142857,0.07605124434439865,28.76077017623908,7.449488621547091,53.282125448546886,80.57874479483444,1983046.6530551994,0.1086396428042708,0.180361973944047,0.005041942799269172,,,0.3729163555658448,0,1,0,0,0,0
93933369.0,451.4441,453.25,450.13,453.52,449.3499,1690948800000,622257,2023-08-02,450.43700000000007,,,,0,0,0,0,50.998948475289154,2.8813121335427354,2.8975386685221176,-0.0162265349793822,462.6085493975437,438.2654506024565,456.48,7.130100000000027,3.7617714285714334,263715161.0,0.0,0.0,,-0.0140084575322958,-0.0118109371912801,0.0089303318104984,71519375.25,1.3133975048251,669755473120.1599,1488805937.0,449.86082905455254,14.97716894977158,59.644704676535774,2,8,0.0,0.0,456.48,457.79,456.92,452.49,455.51,453.23274683251225,450.3514346989695,2.8813121335427354,1,457.65354285714284,442.60645714285715,0.02339156559733028,21.741276901888742,18.716486150385773,50.93179778549785,7.898298792595638,676358.7518327979,-0.43128013106128643,0.44454060087904324,-0.011137961335676572,0.01579671879583877,,-1.3225627240152562,0,1,0,0,0,0
63910792.0,449.2049,448.04,448.84,450.79,447.37,1691035200000,486811,2023-08-03,450.8959999999999,,,,0,0,0,0,49.255247122545704,2.31746305439043,2.78152354569578,-0.4640604913053501,462.0020863351682,439.7899136648316,450.13,3.420000000000016,3.801057142857149,199804369.0,0.0,0.0,,-0.0028699531362286,-0.0080664766072179,0.0086328464309607,70681999.75,0.9042018084668012,698441193001.44,1552716729.0,449.8188110920005,12.178956089477806,34.156295224370375,3,8,0.0,0.0,450.13,456.48,457.79,456.92,452.49,452.55693962751036,450.23947657311993,2.31746305439043,1,456.4421142857143,441.23788571428565,-0.023217211482747784,19.674977634102756,22.243623950058318,48.27237112005556,-30.34592700285101,493200.72708438645,-0.6174828177118281,1.2799942577575243,-0.007386439028705505,0.020879770731929037,,-0.9343925352781789,0,1,0,0,0,0
100128902.0,449.0804,450.72,446.81,452.895,446.27,1691121600000,663138,2023-08-04,451.309,,,,0,0,0,0,43.28557147617465,1.6873537980245032,2.562689596161525,-0.8753357981370216,461.0070712135538,441.61092878644627,448.84,6.625,4.070700000000004,99675467.0,0.0,0.0,,-0.0045330284733862,-0.0221264116256675,0.0058464840762124,71416735.95,1.4020369408943842,743179787704.0599,1652845631.0,449.6365382013463,4.100227790432952,10.41878427656078,4,8,0.0,0.0,448.84,450.13,456.48,457.79,456.92,451.67279506943186,449.98544127140735,1.6873537980245032,1,454.95140000000004,438.66859999999997,-0.028729435168789702,21.065173062361097,20.77020799848917,45.11136634859497,-48.295052221137006,40340.75234951527,-0.35751243380654,0.7581973321983487,-0.01187580167190061,0.018834796488427674,,-3.7845606849570097,0,1,1,0,0,0
58328464.0,449.5693,448.71,450.71,450.865,447.99,1691380800000,445167,2023-08-07,451.8615,,,,0,0,0,0,44.30628272251305,1.485560462717558,2.3472637694727316,-0.8617033067551736,459.8786428825986,443.8443571174014,446.81,4.055000000000007,4.016657142857148,158003931.0,0.0,0.0,,0.0086906688351894,-0.0154656065007974,0.0080649585013831,71210984.1,0.8190936375502218,769469009713.4999,1711174095.0,449.6731290883058,33.71298405466965,16.66405597819347,0,8,0.0,0.0,446.81,448.84,450.13,456.48,457.79,451.5246727510577,450.03911228834016,1.485560462717558,1,458.7433142857143,442.67668571428567,-0.029118267363729175,16.138153258904282,21.0496646071983,42.34503351112672,-43.54943785477135,549463.2196174767,-0.20312623064023616,0.18883393515059563,-0.00768383971818587,0.02513305736250726,,-1.9176276383652495,0,1,0,0,0,0
71319824.0,447.539,448.08,448.75,450.6952,445.2705,1691467200000,527037,2023-08-08,452.176,,,,0,0,0,0,39.76515391939066,1.154177530921913,2.108646521762568,-0.9544689908406548,459.0526466736111,445.299353326389,450.71,5.439499999999953,4.2396142857142864,86684107.0,0.0,0.0,,-0.0043581773559801,-0.0169339291973361,0.0080809220481772,71553787.7,0.996730240179864,801473780733.4999,1782493919.0,449.63619353222595,24.55626521754459,20.789825687549065,1,8,0.0,0.0,450.71,446.81,448.84,450.13,456.48,451.09780002012576,449.94362248920385,1.1541775309219133,1,457.22922857142856,440.27077142857144,-0.04691284414610781,12.644344328384928,24.524468192098926,40.7000122796498,-95.89932785535603,239315.10877014638,0.13646805235413298,0.2464148052843476,-0.01468909186720535,0.014215974325362701,,-2.095541590546582,0,1,0,0,0,0
78789575.0,446.9664,449.03,445.75,449.1999,444.96,1691553600000,559466,2023-08-09,452.1625,,,,0,0,0,0,39.79040965385834,0.6420777691911894,1.8153327712482925,-1.173255002057103,459.0908973236014,445.23410267639866,448.75,4.239900000000034,4.273892857142861,7894532.0,0.0,0.0,,-0.0067076830592388,-0.0097305222935596,0.0061068995949592,70898470.1,1.1113014834998536,836594233789.7499,1861283494.0,449.47168794360454,5.45580110497251,21.241683459062248,2,8,0.0,0.0,448.75,450.71,446.81,448.84,450.13,450.27506155549105,449.63298378629986,0.6420777691911894,1,454.29778571428574,437.20221428571426,-0.0733813644984404,12.54293091568526,20.38121819011092,39.553732219973064,-136.22738423370924,-287411.8550181588,0.43118666148485074,0.0747335115208289,-0.021426532897192097,-0.0006053540199990604,,-1.5933627544759175,0,1,0,0,0,0
93005495.0,447.5472,448.19,445.91,451.7,444.7,1691640000000,680008,2023-08-10,451.9799999999999,,,,0,0,0,0,40.09478672985784,0.2463064143401538,1.5015274998666648,-1.255221085526511,459.37370144465086,444.58629855534895,445.75,7.0,4.631392857142861,100900027.0,0.0,0.0,,0.0003588811917485,-0.0065279386863914,0.006156557918952,71949982.8,1.2926409622435655,878066314065.1998,1954288989.0,449.3021856069004,8.208955223880839,12.74034051546598,3,8,0.0,0.0,445.75,448.75,450.71,446.81,448.84,449.60351362387706,449.3572072095369,0.24630641434015388,1,455.17278571428574,436.6472142857143,-0.13661813846000226,15.430563157422418,18.807979700829346,37.411542402151404,-111.06352740049371,-254027.94206246975,0.1269073708654939,0.2215445753522225,-0.014541757828902213,-0.008119049737521089,,-1.0603210704938697,0,1,0,0,0,0
68636902.0,445.2738,443.97,445.65,446.7007,443.345,1691726400000,502512,2023-08-11,451.7985000000001,,,,0,0,0,0,35.697557711609235,-0.0873185094245059,1.183758298008431,-1.2710768074329366,459.6361615067723,443.9608384932278,445.91,3.355699999999956,4.666799999999999,32263125.0,0.0,0.0,,-0.0005832473582721,-0.002596181822251,0.0058871019990208,71897036.75,0.9546555060212548,908654349441.5,2022925891.0,449.17826870677976,14.321217769493346,9.328658032782233,4,8,0.0,0.0,445.91,445.75,448.75,450.71,446.81,448.9952807586652,449.0825992680897,-0.08731850942450592,0,454.98359999999997,436.3164,-0.09709129427165215,13.974243590901304,20.739203366525388,35.823605985102226,-144.9006734023701,-294048.5617390913,-0.06651908778560323,1.7433028746781412,-0.02466514926026442,-0.008079594017094016,,-0.4409941279667894,0,1,1,0,0,0
47825941.0,446.7275,444.7,448.11,448.11,444.38,1691985600000,404514,2023-08-14,451.662,,,,0,0,0,0,38.2192221150756,-0.1514711589902617,0.9167124066086922,-1.068183565598954,459.6633304156905,443.66066958430946,445.65,3.730000000000018,4.728585714285714,80089066.0,0.0,0.0,,0.0055048474135844,-0.0057686760888375,0.0046921455034737,71654322.75,0.6674536743144363,930085631863.01,2070751832.0,449.1535960466604,29.60546753650199,17.37854684329206,0,8,0.0,0.0,445.65,445.91,445.75,448.75,450.71,448.8590837188706,449.01055487786084,-0.15147115899026176,0,457.56717142857144,438.6528285714286,-0.07268930544326264,13.360080481122415,20.468216105016587,34.108774828847544,-99.03885124146997,-30048.079611860856,-0.03260842460648338,0.8455265512742594,-0.021145066515214417,-0.006055363321799234,,-1.2294298610876877,0,1,0,0,0,0
75703284.0,444.2612,446.27,442.89,446.64,442.3,1692072000000,540997,2023-08-15,451.0969999999999,,,,0,0,0,0,32.597904026475504,-0.6164172957271035,0.6100864661415332,-1.2265037618686367,459.9021877053426,442.2918122946572,448.11,5.810000000000002,4.8857285714285705,4385782.0,0.0,0.0,,-0.0117173057762045,-0.013058495821727,0.0066802875867292,71402264.55,1.0602364571642988,963613859313.77,2146455116.0,448.9326853987521,3.4422403733954225,15.789641893130252,1,8,0.0,0.0,448.11,445.65,445.91,445.75,448.75,447.94076314673663,448.55718044246373,-0.6164172957271035,0,452.6614571428571,433.11854285714287,-0.15233974484386387,12.930371546730818,22.134438200161036,31.006229451743163,-135.43901189986107,-911909.9940525165,0.09748622177145903,-0.27608120841045086,-0.029771293375394414,-0.024879455734384326,,-1.9547775607584403,0,1,0,0,0,0
80107206.0,441.625,442.46,439.64,444.18,439.53,1692158400000,569003,2023-08-16,450.3190000000001,,,,0,0,0,0,32.392436283913426,-1.2329258952134978,0.241483993870527,-1.4744098890840247,460.2725381701818,440.36546182981834,442.89,4.650000000000034,4.654300000000002,-75721424.0,0.0,0.0,,-0.0073652220134066,-0.0137072349971957,0.0067862871005593,72125640.45,1.1106619712518615,998832191359.61,2226562322.0,448.5983533855963,0.5904455179818214,11.212717809293077,2,8,0.0,0.0,442.89,448.11,445.65,445.91,445.75,446.6637226626233,447.8966485578368,-1.2329258952134978,0,448.9486,430.3314,-0.2009321360257143,9.81335232092394,27.486103476127155,29.42075866040061,-161.82293982686565,-1499749.9080266426,0.4980716628685328,-0.009632495867651565,-0.023304378735032105,-0.03418277680140602,,-2.0198400974908695,0,1,0,0,0,0
95711315.0,438.3366,441.16,436.29,441.43,435.75,1692244800000,582072,2023-08-17,449.5245,,,,0,0,0,0,20.869810787913096,-1.9691314828998543,-0.2006391014835492,-1.768492381416305,461.2343365757845,437.8146634242155,439.64,5.680000000000007,4.6821571428571485,-171432739.0,0.0,0.0,,-0.007649050342971,-0.0215738601960037,0.0068109877200508,73382449.1,1.3042807397934066,1040590080980.9598,2322273637.0,448.0910709235941,2.409638554216956,2.147441481864733,3,8,0.0,0.0,439.64,442.89,448.11,445.65,445.91,445.067765329912,447.03689681281185,-1.9691314828998543,0,445.6543142857143,426.92568571428575,-0.22166288304681986,9.754966421192483,33.08914388772431,27.991551120699473,-183.98557813195765,-2229057.7627486847,0.6489590683970466,-0.2520236686715082,-0.02796096604580689,-0.03514087310363123,,-3.167503658457074,0,1,0,0,0,0
97499400.0,435.5882,433.37,436.5,437.57,433.01,1692331200000,636957,2023-08-18,448.7405,,,,0,0,0,0,19.36690647482017,-2.506738350940168,-0.661858951374873,-1.8448793995652948,461.7312991326656,435.7497008673344,436.29,4.560000000000002,4.856800000000005,-73933339.0,0.0,0.0,,0.0004812154219283,-0.0205318074722314,0.0069733305071915,74710388.2,1.30503136644122,1083148569080.9598,2419773037.0,447.62403436969936,14.39768976897693,5.799257947058568,4,8,0.0,0.0,436.29,439.64,442.89,448.11,445.65,443.7496475868486,446.25638593778876,-2.506738350940168,0,446.2136,426.7864,-0.13609269946185423,8.845330257305557,35.929006748133816,27.22049722148193,-183.51964568126974,-2182128.257144619,0.36075212930215056,-0.6126580070548664,-0.023074684989145333,-0.034676456278473156,,-2.9443288264867116,0,1,1,0,0,0
68703957.0,437.9719,437.55,439.34,440.11,435.32,1692590400000,524984,2023-08-21,447.99749999999995,,,,0,0,0,0,26.378169790518157,-2.6728207877131354,-1.0640513186425256,-1.6087694690706098,461.3678235799131,434.6271764200868,436.5,4.7900000000000205,5.0346571428571485,-5229382.0,0.0,0.0,,0.0064852255063828,-0.019571087456205,0.0073179114083077,75444416.95,0.9106566102238264,1113332965549.3398,2488476994.0,447.395321810775,30.86299366162841,15.890107328274098,0,8,0.0,0.0,436.5,436.29,439.64,442.89,448.11,443.071240265795,445.7440610535081,-2.6728207877131354,0,449.4093142857143,429.27068571428566,-0.11774169152941005,12.136448500942516,33.872359015243966,26.39111645044667,-130.3234026402506,-1735119.6938456483,0.15116831208689235,-0.9875583361703966,-0.025226864280801453,-0.032716864817261104,,-2.6744052531073703,0,1,0,0,0,0
65053111.0,438.8489,441.18,438.15,441.18,437.57,1692676800000,476081,2023-08-22,447.133,,,,0,0,0,0,30.751928020565515,-2.8674116337579676,-1.424723381665614,-1.4426882520923536,460.7114009600387,433.5545990399612,439.34,3.6100000000000136,4.783221428571433,-70282493.0,0.0,0.0,,-0.00271228328418,-0.0107024317550633,0.005900098547832,75954835.5,0.8564709616150772,1141835986133.9895,2553530105.0,447.1597902441764,25.848629620316764,23.70310435030737,1,8,0.0,0.0,439.34,436.5,436.29,439.64,442.89,442.31412637874956,445.18153801250753,-2.8674116337579676,0,447.71644285714285,428.5835571428571,-0.14947897092801413,14.37226256447425,26.483795286427686,27.97454377831071,-107.9911502633585,-1911323.0946058782,0.05372306811365314,-0.9337192846684782,-0.023621169916434592,-0.03796328824872652,,-1.8139381111888049,0,1,0,0,0,0
68441021.0,441.907,439.25,443.03,443.67,439.1,1692763200000,469242,2023-08-23,446.509,,,,0,0,0,0,41.63065399020455,-2.597904044377003,-1.659359514207892,-0.9385445301691112,459.60495823547353,433.4130417645265,438.15,5.520000000000039,4.933221428571435,-1841472.0,0.0,0.0,,0.0110761703406677,0.0077108543353652,0.0073999208456443,75831992.3,0.9025349186295876,1172157411667.6196,2621971126.0,447.0519907882539,50.3897410108121,35.70045476425242,2,8,0.0,0.0,438.15,439.34,436.5,436.29,439.64,442.42426078201885,445.02216482639585,-2.597904044377003,0,452.89644285714286,433.1635571428571,-0.12565080362062056,17.54055231693854,22.811810882368658,28.469927518410397,-62.742661848642335,-1149044.91936908,0.05909136404705068,-0.6310098855365277,-0.006102075154234443,-0.027397861737393336,,1.042017080457436,0,1,0,0,0,0
88351064.0,440.1433,444.69,436.89,445.22,436.855,1692849600000,584149,2023-08-24,445.729,,,,0,0,0,0,37.22308088614113,-2.846946200339175,-1.8968768514341487,-0.9500693489050268,459.1785500218215,432.2794499781785,443.03,8.365000000000009,5.057507142857149,-90192536.0,0.0,0.0,,-0.0139560406799285,0.0013752320704119,0.0095749815472488,75645026.75,1.167969234672787,1210757108018.5796,2710322190.0,446.7207302828376,20.759764579989277,32.33271173703938,3,8,0.0,0.0,443.03,438.15,439.34,436.5,436.29,441.57283604632363,444.4197822466628,-2.8469462003391754,0,447.0050142857143,426.77498571428566,-0.13750495418006192,14.136552308500885,25.421897571584232,30.45730027034177,-82.34398998786621,-2373511.7341671716,0.1018193696062274,-1.0230270857662969,-0.020228297190015954,-0.03447590001988998,,0.14362749707147762,0,1,0,0,0,0
102325103.0,438.7756,438.68,439.97,441.3,435.0,1692936000000,651732,2023-08-25,444.8815000000001,,,,0,0,0,0,35.86842105263166,-2.7639228615592515,-2.0702860534591694,-0.6936368081000821,457.47048311181175,432.2925168881884,436.89,6.300000000000011,5.217864285714293,12132567.0,0.0,0.0,,0.0070250956070405,0.0079495990836198,0.0100458915030693,76761192.4,1.3330317026185226,1255777083585.4895,2812647293.0,446.4751363282611,37.23916532905317,36.12955697328485,4,8,0.0,0.0,436.89,443.03,438.15,439.34,436.5,441.3262458853508,444.09016874691,-2.7639228615592515,0,450.4057285714286,429.53427142857146,-0.1321573790535533,13.702103075327488,27.17997647817319,31.8687551271704,-84.91511668260118,-1652137.206849077,-0.08653944285267698,-1.4926040029715817,-0.012745428026478045,-0.03709620940208347,,0.7913275957554411,0,1,1,0,0,0
61595393.0,442.0242,442.24,442.76,443.4,439.9728,1693195200000,457438,2023-08-28,444.13,,,,0,0,0,0,42.28689157867627,-2.44481428716972,-2.1451917002012797,-0.2996225869684403,455.17410488141,433.08589511859,439.97,3.42999999999995,5.074328571428579,73727960.0,0.0,0.0,,0.006321319747784,0.007784403878545,0.0100261462951995,76742439.6,0.8026249011765845,1283049059790.1694,2874242686.0,446.3955204756045,52.166934189406106,36.72195469948286,0,8,0.0,0.0,439.97,436.89,443.03,438.15,439.34,441.54682344145067,443.9916377286204,-2.44481428716972,0,452.9086571428571,432.61134285714286,-0.13329567078758658,17.045745669793614,24.120714067150253,30.813300199328133,-34.111442715583735,-1261539.7877750476,-0.0931212554755422,-1.5384221625232324,-0.011939032826761342,-0.032831647698726596,,0.7764095880165118,0,1,0,0,0,0
83077916.0,447.1582,442.65,449.16,449.45,442.46,1693281600000,560020,2023-08-29,443.764,,,,1,0,0,0,54.0374141605494,-1.6563980048169924,-2.0474329611244224,0.39103495630743,453.491524486301,434.03647551369903,442.76,6.990000000000009,5.270764285714291,156805876.0,0.0,0.0,,0.0143513091869147,0.0251283806915441,0.0110627592676106,78122401.7,1.0634326926997175,1320364336540.7295,2957320602.0,446.4731810436052,86.40984483681132,58.6053147850902,1,8,0.0,0.0,442.76,439.97,436.89,443.03,438.15,442.7180813735352,444.3744793783522,-1.6563980048169924,0,459.7015285714286,438.61847142857147,-0.08661988183103121,24.60933423526143,22.800976271698026,29.385240550136114,50.77982682240187,-60666.48756725853,-0.2911519090981727,-1.0024614955644842,0.014157014157014203,-0.016035751840168255,,2.271436751837044,0,1,0,0,0,0
69053911.0,450.6164,449.51,451.01,451.67,448.78,1693368000000,480797,2023-08-30,443.808,,,,1,0,0,0,55.80601092896171,-0.8722382621780866,-1.8123940213351553,0.9401557591570686,453.6638806383753,433.95211936162474,449.16,2.890000000000043,4.977192857142866,225859787.0,0.0,0.0,,0.0041103405015262,0.0180123242218359,0.0105261358382917,76878428.8,0.8982221941559764,1351508340940.8396,3026374513.0,446.5766993263202,96.46302250803843,78.34660051141863,2,8,0.0,0.0,449.16,442.76,439.97,436.89,443.03,443.9937611622221,444.8659994244002,-0.8722382621780866,0,460.9643857142857,441.0556142857143,-0.02538825432367139,25.658898371334015,24.14585386998893,28.89763927094295,108.23984692529679,223752.7290815859,-0.6982590533021036,0.014592013087705271,0.02586206896551735,0.001954990780441257,,1.711198428992994,0,1,0,0,0,0
66084563.0,451.337,451.65,450.35,452.83,450.16,1693454400000,446690,2023-08-31,443.8835,,,,1,0,0,0,55.30234657039717,-0.3005776289176651,-1.5100307428516573,1.209453113933992,453.92310635630105,433.843893643699,451.01,2.669999999999959,4.9282142857142945,159775224.0,0.0,0.0,,-0.0014644539761124,0.0308086703746939,0.0057044654654909,76987117.35,0.8583846918123375,1381269523887.8896,3092459076.0,446.65733319081426,87.48738647830493,90.12008460771824,3,8,0.0,0.0,451.01,449.16,442.76,439.97,436.89,444.97164406034176,445.2722216892594,-0.30057762891766515,0,460.2064285714286,440.49357142857144,-0.05633768265632219,27.595188053105986,22.42191462824525,28.244424962185885,113.99072645284473,127045.75677499118,-0.8923335937642398,1.3069158997175276,0.032226271516651694,0.0033642277871848147,,5.4007893558435445,0,1,0,1,0,0
58944098.0,451.2518,453.17,451.19,453.67,449.68,1693540800000,444467,2023-09-01,444.1025,,,,1,0,0,0,53.60655737704917,0.2177385667013709,-1.1644768809410515,1.3822154476424229,454.5919069372268,433.61309306277315,450.35,3.990000000000009,4.946785714285722,218719322.0,0.0,0.0,,0.0018634785879243,0.025501738754915,0.0059498880413702,74927877.15,0.7866778059386138,1407864511464.5098,3151403174.0,446.7421125547517,87.99612778315579,90.64884558983306,4,9,0.0,0.0,450.35,451.01,449.16,442.76,439.97,445.92831420490455,445.7105756382032,0.21773856670137093,1,461.0835714285714,441.2964285714286,-0.011523936624579397,26.66955454094729,22.33773734425851,27.37490581368535,114.1943675496243,236989.2281195033,-0.9658412630130425,1.5185745516979452,0.03365406643757152,0.009802824466775606,,4.286079959286532,0,1,1,0,0,0
54634810.0,450.0454,450.73,449.24,451.06,449.17,1693886400000,451483,2023-09-05,444.029,,,,1,0,0,0,58.05224448389557,0.4657898474091553,-0.8384235352710103,1.3042133826801656,454.3425902166947,433.7154097833053,451.19,2.019999999999982,4.676071428571435,164084512.0,0.0,0.0,,-0.0043312707228408,0.014635468425332,0.0071591086163744,74743194.45,0.7309670184962237,1432408653508.9097,3206037984.0,446.7846796131127,78.55759922555663,84.68037116233911,1,9,0.0,0.0,451.19,450.35,451.01,449.16,442.76,446.4378043272269,445.97201447981774,0.4657898474091553,1,458.5921428571429,439.8878571428571,-0.0802054314388146,28.213549220466888,21.232719770681655,26.508425968549314,88.11435321508681,862.8079860782891,-0.5038329436904834,0.37565675157324463,0.0225338007010516,-0.003261520711765775,,2.044311487151173,0,1,0,0,0,0
70758512.0,446.0414,448.4,446.22,448.51,443.81,1693972800000,535482,2023-09-06,443.9025,,,,1,0,0,0,58.39285714285723,0.4139121915829946,-0.5879563899002094,1.001868581483204,454.0327130179715,433.7722869820285,449.24,5.430000000000007,4.731785714285719,93326000.0,0.0,0.0,,-0.0067451621515715,-0.0065455516965001,0.0044199524789333,74715128.85,0.9470439667186628,1463982516733.5496,3276796496.0,446.77248603037737,63.93998063891588,76.83123588254277,2,9,0.0,0.0,449.24,451.19,450.35,451.01,449.16,446.404295969192,445.990383777609,0.41391219158299464,1,455.68357142857144,436.7564285714286,-0.09252571254067352,27.881349531605217,24.892444709050874,23.528632710405255,34.1555987445307,-474808.78457023855,-0.3986659354026074,-0.2728932826588445,0.01841834988017821,-0.005637883008356437,,-1.4809066202932526,0,1,0,0,0,0
70348426.0,444.5598,443.11,444.85,445.55,442.75,1694059200000,487842,2023-09-07,443.8575,,,,1,0,0,0,61.4991939817303,0.2592626071996733,-0.4185125904802328,0.6777751976799062,453.96111868472485,433.75388131527507,446.22,3.4700000000000273,4.573928571428577,22977574.0,0.0,0.0,,-0.0030749572524875,-0.0136582337420455,0.0032211856153381,74293071.4,0.9469042627304812,1495277014039.6497,3347144922.0,446.7320802907409,57.30880929332051,66.60212971926434,3,9,0.0,0.0,446.22,449.24,451.19,450.35,451.01,446.1651735123932,445.90591090519354,0.2592626071996733,1,453.9978571428572,435.70214285714286,-0.03611277627121312,28.84360115111368,21.503865070429665,20.679717560016634,7.664019914552788,-690794.9430122671,-0.06029262953688875,0.16047554127647093,0.004108073945331192,-0.002019068984856931,,-4.240113104901242,0,1,0,0,0,0
62068437.0,445.6915,444.9,445.52,447.11,444.53,1694145600000,405859,2023-09-08,443.838,,,,1,0,0,0,61.96921443736733,0.1885911367318726,-0.2970918450378118,0.4856829817696844,453.926433397761,433.74956660223904,444.85,2.580000000000041,4.432500000000009,85046011.0,0.0,0.0,,0.0015049925906366,-0.0107249916731432,0.0037481918162759,72746218.5,0.8532187415349981,1522929744091.8896,3409213359.0,446.71001305081114,56.347080878414424,59.19862360355027,4,9,0.0,0.0,444.85,446.22,449.24,451.19,450.35,446.0659160489481,445.87732491221624,0.18859113673187267,1,454.385,436.655,-0.004976846200862827,32.27781805941859,17.774554827528085,18.42878111478686,31.405756286987078,-597312.0773496925,0.5891622589431367,0.23820362166186218,0.01975325596832156,-0.000874615953892155,,-2.8613698511568484,0,1,1,0,0,0
59977618.0,447.8462,448.24,448.45,448.77,446.4699,1694404800000,432851,2023-09-11,443.97800000000007,,,,1,0,0,0,62.059835848557114,0.3648047580264801,-0.1647125244249534,0.5295172824514336,454.2483817384087,433.70761826159145,445.52,3.25,4.322500000000007,145023629.0,0.0,0.0,,0.0065550532825989,-0.0060728296283162,0.005280277263137,72313254.3,0.8294138962571901,1549826706883.9895,3469190977.0,446.7400950708715,72.04070701660406,61.898865729446335,0,9,0.0,0.0,445.52,444.85,446.22,449.24,451.19,446.43269819526375,446.0678934372373,0.36480475802648016,1,457.095,439.80499999999995,0.007185924278429903,31.645046677411287,18.226885893046884,16.976088356145752,63.38184823273405,-202864.19456103916,0.6101166926333259,0.3557475445864853,0.019274041411914355,0.0062829574778413555,,-1.1500945546489745,0,1,0,0,0,0
67565422.0,446.7637,446.95,445.99,448.53,445.39,1694491200000,453018,2023-09-12,443.872,,,,1,0,0,0,60.040983606557454,0.3024672276102933,-0.071276574017904,0.3737438016281973,454.00566998517456,433.73833001482546,448.45,3.1399999999999864,4.288928571428577,77458207.0,0.0,0.0,,-0.0055006623199777,-0.0072344403882111,0.0054749413177358,73300228.35,0.9217627764729877,1579960209441.7698,3536756399.0,446.72576541842,58.86448848419925,62.417425459739256,1,9,0.0,0.0,448.45,445.52,444.85,446.22,449.24,446.3645907806078,446.0621235529975,0.3024672276102933,1,454.5678571428572,437.41214285714284,-0.05400899356359263,30.1107502656156,20.168040632830742,16.271142484622533,43.40246809590646,-573498.4639779148,0.9988441466711613,0.9194917658590072,0.007295148613244207,-0.004730981232286768,,-1.3213707242976815,0,1,0,0,0,0
60123672.0,446.5332,446.22,446.51,447.71,445.0793,1694577600000,460624,2023-09-13,444.053,447.1269999999999,,,1,0,0,0,55.01730103806233,0.2916618436362341,0.0013111095129235,0.2903507341233106,454.2419829046664,433.8640170953336,445.99,2.6306999999999903,4.082550000000002,137581879.0,0.0,0.0,,0.0011652662382967,0.000649903634978,0.0046427308673258,72521247.75,0.8290490561781598,1606806030226.4895,3596880071.0,446.7221587901783,61.64970540974816,64.18496697018382,2,9,0.0,0.0,445.99,448.45,445.52,444.85,446.22,446.38696142974504,446.0952995861088,0.29166184363623415,1,454.6751,438.3449,-0.012951035369018761,27.27636963115198,21.731165916657332,16.146280300184635,37.1039192610871,-503397.54368822824,0.13394966075244702,-1.012295797845507,-0.005899902039362415,0.008173587120955617,,0.13998275017927975,0,1,0,0,0,0
83133514.0,449.4353,449.07,450.36,451.08,447.715,1694664000000,508845,2023-09-14,444.58899999999994,447.2716,,,1,1,0,0,70.79345476999086,0.5869948123900599,0.1184478500883508,0.468546962301709,454.9272863285232,434.25071367147666,446.51,4.569999999999993,3.811478571428572,220715393.0,0.0,0.0,,0.0085854664525986,0.0123861975946948,0.0054829576740091,72672563.15,1.1439463587985474,1644246039591.5298,3680013585.0,446.8043396072218,82.2710230316015,67.59507230851631,3,9,0.0,0.0,446.51,445.99,448.45,445.52,444.85,446.9981981328612,446.41120332047115,0.5869948123900599,1,457.9829571428572,442.73704285714285,0.0723041017062552,35.53176775500846,19.0694649772081,16.2621215276759,80.83513362628923,213415.1344152866,0.47248764373382,-0.6682921645394327,-0.0014412097292741954,0.02438358657083084,0.0163157538419878,2.2590316651708644,0,1,0,0,0,0
111798734.0,444.9005,447.14,443.37,447.48,442.92,1694750400000,665592,2023-09-15,444.943,447.3458,,,0,0,0,0,54.68319559228649,0.2540848042924608,0.1455752409291728,0.1085095633632879,454.5432962673585,435.3427037326415,450.36,7.439999999999998,3.8929071428571422,108916659.0,0.0,0.0,1.583169,-0.0156426270403387,-0.0048258215119409,0.0098527354327438,73476934.1,1.5215487059904425,1693814244285.11,3791812319.0,446.70308068723534,24.802149344391523,56.24095926191373,4,9,0.0,0.0,450.36,446.51,445.99,448.45,445.52,446.4400138047287,446.18592900043626,0.25408480429246083,1,451.1558142857143,435.5841857142857,0.06319668843762877,34.788543993969114,24.065012004604476,15.208766028378818,-4.262156552144683,-1521803.6919902544,-0.5328890663853899,0.5538425271041538,-0.015499056289552615,0.016227738430860228,0.008438338716280747,-0.4897946003865241,0,1,1,0,0,0
55752213.0,443.6503,443.05,443.63,444.97,442.56,1695009600000,412315,2023-09-18,445.2995,447.4474,,,0,0,0,0,51.28812555522654,0.0111030622867929,0.1186808052006968,-0.1075777429139039,454.0736833628102,436.52531663718975,443.37,2.410000000000025,3.820050000000005,164668872.0,0.0,0.0,,0.0005862457890562,-0.0107481324562381,0.0090416475192984,71389574.75,0.7809573483977085,1718547598538.2998,3847564532.0,446.65855094702795,10.437109723461305,39.17009403315145,0,9,0.0,0.0,443.37,450.36,446.51,445.99,448.45,446.00770398861664,445.99660092632985,0.01110306228679292,1,451.2701,435.9899,0.024429881514282513,31.525391396985178,25.197127183227323,14.778072065927207,-29.103022040738193,-1489109.6094406948,-0.4899712139531413,0.646139054869787,-0.01675569050732506,0.016334478808705644,0.01158362786455358,-1.1887347461787203,0,1,0,0,0,0
66514648.0,441.9622,442.68,442.71,443.29,439.94,1695096000000,445858,2023-09-19,445.468,447.50839999999994,,,0,0,0,0,38.600212089077274,-0.2527840924161069,0.0443878256773361,-0.297171918093443,453.8823601564296,437.0536398435704,443.63,3.6899999999999977,3.5843357142857184,98154224.0,0.0,0.0,,-0.0020759535401795,-0.0073544249871073,0.0088531847045272,71280109.3,0.9331445848386206,1747994298354.38,3914079180.0,446.5914504965073,20.174799708666992,18.47135292550661,1,9,0.0,0.0,443.63,443.37,450.36,446.51,445.99,445.50036491344486,445.75314900586096,-0.2527840924161069,0,449.8786714285714,435.54132857142855,0.022269934677706278,21.54214667759871,32.07527993191096,15.908837027625387,-70.03353717380269,-1627047.702355964,-0.6167499305356249,0.9253188653485053,-0.014535660226159819,0.0076705968042973804,0.006937178729017779,-0.8307086009693784,0,1,0,0,0,0
82472602.0,441.4311,444.01,438.64,444.435,438.43,1695182400000,507725,2023-09-20,445.4925,447.432,,,0,0,0,0,29.727958046542028,-0.781324921970679,-0.1207547238522669,-0.6605701981184121,453.81954376683234,437.1654562331677,442.71,6.0049999999999955,3.806835714285715,15681622.0,0.0,0.0,,-0.0092358970476747,-0.017625585093279,0.0092885914900312,72151083.85,1.1430542356294764,1784170080495.66,3996551782.0,446.4273648427008,1.3779527559053768,10.663287396011228,2,9,0.0,0.0,442.71,443.63,443.37,450.36,446.51,444.44492415753024,445.2262490795009,-0.781324921970679,0,446.2536714285714,431.02632857142856,-0.000558994325296751,16.117622994703535,33.03380947561735,18.150159514185138,-104.29508026866871,-2385249.4374421323,-0.5448361959009228,0.3300064329171438,-0.016987136390121504,0.0011183384685609088,-0.00863354879537137,-1.8975499285005708,0,1,0,0,0,0
102273826.0,433.7086,435.7,431.39,435.97,431.23,1695268800000,677709,2023-09-21,444.91050000000007,447.1394,,,0,0,0,0,24.447439353099625,-1.76486745313764,-0.4495772697093416,-1.3152901834282984,455.3271414933032,434.49385850669694,438.64,7.409999999999968,4.145407142857144,-86592204.0,0.0,0.0,,-0.0166664777524743,-0.0421218580691002,0.0077785133054365,73842724.1,1.385022387060068,1828289986293.8,4098825608.0,446.05215277404886,0.7130124777182183,7.421921647430199,3,9,0.0,0.0,438.64,442.71,443.63,443.37,450.36,442.436474287141,444.2013417402786,-1.76486745313764,0,439.6808142857143,423.0991857142857,-0.09848461799538323,12.802464687631506,42.74196743681176,21.261508677588473,-219.77340635964921,-4075668.091691628,-0.4442678425759385,-0.8352355541346499,-0.03025739013150508,-0.026273615782226867,-0.03280121967624772,-5.415148404795644,0,1,0,0,0,0
100829684.0,431.7374,432.45,430.42,434.1,429.99,1695355200000,637168,2023-09-22,444.5870000000001,446.75659999999993,,,0,0,0,0,22.105828632822934,-2.5927156760959633,-0.878204950986666,-1.7145107251092973,456.3652906453493,432.8087093546509,431.39,4.110000000000014,4.153978571428573,-187421888.0,0.0,0.0,,-0.0022510771738795,-0.0292081106073933,0.0070187339834141,74466655.1,1.3540246149715942,1871689098881.08,4199655292.0,445.676839822186,2.038880986249442,1.3766154066243503,4,9,0.0,0.0,431.39,438.64,442.71,443.63,443.37,440.58778593527313,443.1805016113691,-2.5927156760959633,0,438.7279571428572,422.11204285714285,-0.09236834036923824,11.331649346266673,44.78597969850138,24.888331967206792,-211.32142374469584,-4302388.213808495,-0.3222719209767466,-0.7277415277770629,-0.03389297899084209,-0.014809219712055621,-0.04257496218524781,-4.161444081222309,0,1,1,0,0,0
70822134.0,430.9017,429.17,432.23,432.27,428.72,1695614400000,488030,2023-09-25,444.2,446.4156,,,0,0,0,0,27.06929091399296,-3.0673806293983716,-1.3160400866690072,-1.7513405427293645,457.0746343841804,431.3253656158196,430.42,3.5499999999999545,4.2632642857142855,-116599754.0,0.0,0.0,,0.0041963778035399,-0.0256970899172733,0.0079767801587776,72891506.65,0.9716102362935586,1902300549859.9,4270477426.0,445.4538357416667,15.69767441860464,6.149855960857438,0,9,0.0,0.0,430.42,431.39,438.64,442.71,443.63,439.3019727144619,442.36935334386027,-3.0673806293983716,0,440.7565285714286,423.70347142857145,-0.08743285817583211,11.04117066382041,44.911260143566786,28.203740002486057,-190.55284492745724,-4004567.3352712523,-0.388396220114947,-0.6052960866578267,-0.036169026647340785,-0.017592108552855867,-0.03794960826210814,-3.22148250183019,0,1,0,0,0,0
96130936.0,427.1501,429.09,425.88,429.82,425.02,1695700800000,633685,2023-09-26,443.35599999999994,445.9164,,,0,0,0,0,24.83918852053432,-3.910865927519638,-1.8350052548391331,-2.075860672680504,458.61960707869,428.0923929213099,432.23,7.210000000000036,4.3904071428571445,-212730690.0,0.0,0.0,,-0.0148002375265735,-0.0380158568814799,0.0087231215586526,74618283.8,1.2883026934479027,1943240792883.58,4366608362.0,445.0229175106361,3.3000767459708884,7.01221071694166,1,9,0.0,0.0,432.23,430.42,431.39,438.64,442.71,437.23705383531393,441.14791976283357,-3.9108659275196374,0,434.6608142857143,417.0991857142857,-0.15260123834214892,10.721426745205585,40.90997092021891,31.97557839237989,-196.9055545895206,-5416851.173968249,-0.17629123013265305,-1.3964470628524974,-0.04509069710083191,-0.03812449182401301,-0.05536332179930792,-4.358051535262176,0,1,0,0,0,0
104439847.0,425.4191,427.09,426.05,427.67,422.29,1695787200000,693410,2023-09-27,442.2005,445.3536,,,0,0,0,0,26.032636409994865,-4.513586706076012,-2.3707215450865093,-2.142865160989502,459.03249769236544,425.3685023076346,425.88,5.3799999999999955,4.526835714285714,-108290843.0,0.0,0.0,,0.0003990938275596,-0.0287023527266094,0.0093545818787215,75686380.35,1.379902784583356,1987737389697.93,4471048209.0,444.5797264490936,13.060090309135102,10.685947157903549,2,9,0.0,0.0,425.88,432.23,430.42,431.39,438.64,435.515968629881,440.029555335957,-4.513586706076012,0,435.10367142857143,416.9963285714286,-0.17333259365829068,10.398307235991311,42.31211646698774,35.25896221344306,-170.5641809789198,-5375161.557198258,-0.1603606889815322,-1.3534688297440869,-0.045822042059528334,-0.05145159853949599,-0.06195644994385607,-3.068263490136587,0,1,0,0,0,0
91858308.0,427.8562,425.48,428.52,430.2499,424.87,1695873600000,616074,2023-09-28,441.0759999999999,444.82,,,0,0,0,0,29.278400780107265,-4.737329917696229,-2.8440432196084533,-1.893286698087776,458.4269319027751,423.7250680972247,426.05,5.3799000000000206,4.72682857142857,-16432535.0,0.0,0.0,,0.0057807011203923,-0.0066529126776234,0.0081607022258281,76826600.2,1.1956575946464958,2027100511842.0896,4562906517.0,444.2564195189471,21.639458145189195,12.666541733431734,3,9,0.0,0.0,426.05,425.88,432.23,430.42,431.39,434.43966576374544,439.17699568144167,-4.737329917696229,0,437.9736571428571,419.06634285714284,-0.17383795716681114,11.499555725750927,40.521884192886475,37.17417598226479,-122.52827656440293,-4842618.379730832,-0.33723791199261416,-1.5960209595094763,-0.048494537703170915,-0.04986585663289067,-0.05861159929701232,-0.8152367702131909,0,1,0,0,0,0
115111319.0,428.5102,431.67,427.48,431.85,425.91,1695960000000,745037,2023-09-29,439.93250000000006,444.326,,,0,0,0,0,23.20470227446971,-4.941603602952,-3.263555296277163,-1.678048306674837,457.7189689848035,422.1460310151966,428.52,5.939999999999998,4.918971428571426,-131543854.0,0.0,0.0,,-0.0024299077376612,-0.006830537614423,0.0081661108033751,79277938.0,1.4519968846818392,2076308298488.21,4678017836.0,443.8436045518767,18.02709274053492,17.575547064953074,4,9,0.0,0.0,428.52,426.05,425.88,432.23,430.42,433.36894795393846,438.31055155689046,-4.941603602952,0,437.3179428571429,417.64205714285714,-0.16693770662824345,10.963383748785573,38.93903486807066,39.25671002609982,-101.51734982486413,-5121988.704943176,-0.7344121633832564,-0.5212018538924538,-0.035839141123666485,-0.050782724547574154,-0.05462426467336012,-0.8364482694892174,0,1,1,0,0,0
83798599.0,426.3521,426.62,427.31,428.6,424.46,1696219200000,668258,2023-10-02,438.7385,443.8286,,,0,0,0,0,24.647122692725276,-5.058893771138685,-3.622622991249467,-1.4362707798892171,456.54911927467367,420.9278807253264,427.48,4.140000000000043,4.990400000000002,-215342453.0,0.0,0.0,,-0.0003977585190312,-0.0113828285866321,0.0076235430811642,80520663.05,1.0407092518347063,2112116277826.9,4761816435.0,443.55264564642965,17.43660993400482,19.034386939909652,0,10,0.0,0.0,427.48,428.52,426.05,425.88,432.23,432.436802114871,437.4956958860097,-5.058893771138685,0,437.2908,417.3292,-0.13585549532561775,10.806462692540196,38.91142421464762,41.8819755370157,-100.34335619381828,-5155313.683491884,-0.7151651672342045,-0.48348676003597596,-0.03678741293420196,-0.05292670493583629,-0.05500022115086911,-1.4931133115287258,0,1,0,0,0,0
103698607.0,422.3022,425.06,421.59,427.3729,420.18,1696305600000,741554,2023-10-03,437.3560000000001,443.1764,,,0,0,0,0,20.361560418648892,-5.549432862781941,-4.007984965555963,-1.5414478972259786,456.00708818611736,418.70491181388275,427.31,7.192900000000009,5.316271428571432,-319041060.0,0.0,0.0,,-0.0134764673569015,-0.0100732600732601,0.0070843696000035,82973852.9,1.2497745178228308,2155834573552.0295,4865515042.0,443.0845562992773,4.563106796116405,13.342269823552051,1,10,0.0,0.0,427.31,427.48,428.52,426.05,425.88,430.76806332796775,436.3174961907497,-5.549432862781941,0,432.22254285714286,410.9574571428571,-0.13934445892952338,10.144059073337653,41.85935899732898,45.42997199436849,-114.78747233274818,-6543430.114279843,-0.28675665551163654,-1.4807268412406873,-0.0477061733414651,-0.06154839284124303,-0.07179656538969625,-1.421897278521767,0,1,0,0,0,0
87452518.0,423.1254,422.07,424.66,425.4299,420.56,1696392000000,645252,2023-10-04,436.278,442.5608,,,0,0,0,0,18.856034900630192,-5.625616676886693,-4.331511307822109,-1.2941053690645845,455.261238700995,417.2947612990049,421.59,4.869899999999973,5.3376928571428595,-231588542.0,0.0,0.0,,0.0072555709728844,-0.0032625278723154,0.0082401739617151,83808553.2,1.043479628998058,2192972159845.9097,4952967560.0,442.7592414608727,16.41025641025647,12.803324380125902,2,10,0.0,0.0,421.59,427.31,427.48,428.52,426.05,429.8283612775112,435.4539779543979,-5.625616676886693,0,435.33538571428574,413.9846142857143,-0.10335721977693775,5.593641982077116,41.691367452538785,48.72930639856911,-98.70711199145522,-5906604.690858979,-0.5533923777851025,-1.2286551504135643,-0.03187123837315331,-0.04831697369010801,-0.06758299666256795,-0.3959290092883245,0,1,0,0,0,0
70128794.0,423.5925,424.36,424.5,425.37,421.1701,1696478400000,532996,2023-10-05,435.2605,441.9406,,,0,0,0,0,22.596572756317215,-5.633958791334749,-4.592000804524637,-1.041957986810112,454.4891074980952,416.0318925019049,424.66,4.199900000000014,5.106257142857146,-301717336.0,0.0,0.0,,-0.0003768430022458,-0.0093811257350882,0.0074614928526182,83797571.6,0.8368833685867814,2222741832898.9097,5023096354.0,442.5043192987712,17.426381605486043,12.79991493728631,3,10,0.0,0.0,424.66,421.59,427.31,427.48,428.52,429.0086133886633,434.64257217999807,-5.633958791334749,0,434.7125142857143,414.2874857142857,-0.09985005897411717,5.84716789962915,36.873527711536894,52.61540358260116,-88.38853274614895,-5933027.257241504,-0.9195789425995448,0.11211902780741667,-0.015971626602378275,-0.04574575699674055,-0.06807753946126316,-1.2572702738827493,0,1,0,0,0,0
113213309.0,426.957,421.97,429.54,431.125,420.6,1696564800000,737825,2023-10-06,434.4615,441.4816,,,0,0,0,0,32.032644733486435,-5.174238695345764,-4.708448382688863,-0.4657903126569014,453.2173308407366,415.7056691592634,424.5,10.524999999999975,5.685899999999999,-188504027.0,0.0,0.0,,0.0118028628847467,0.0048189388977262,0.0096078630001551,86354815.2,1.3110248541183838,2271371477646.7695,5136309663.0,442.218562873819,38.589981447124366,24.142206487622293,4,10,0.0,0.0,424.5,424.66,421.59,427.31,427.48,429.09036517502284,434.2646038703686,-5.174238695345764,0,440.9118,418.1682,-0.04272747861895501,12.480748114699681,32.66224972140832,55.01177427460702,-57.54895054258268,-4588869.242259156,-0.6821671606584826,-0.06684266630628752,-0.0020445146600994724,-0.035868198958520336,-0.050719352913876525,0.5015614691876555,0,1,1,0,0,0
80374362.0,430.3192,427.58,432.29,432.88,427.0101,1696824000000,509696,2023-10-09,433.6535,440.9889999999999,,,0,0,0,0,37.30506822612093,-4.535720230450181,-4.673902752241126,0.1381825217909451,451.2270486336414,416.0799513663586,429.54,5.869899999999973,5.841607142857141,-108129665.0,0.0,0.0,,0.0063817906856858,0.0116543024970161,0.009843576608407,87374652.4,0.9198819084515178,2306116510595.7495,5216684025.0,442.0655917713455,49.92784992784999,35.31473766015347,0,10,0.0,0.0,429.54,424.5,424.66,421.59,427.31,429.5826166865578,434.118336917008,-4.535720230450181,0,443.9732142857143,420.60678571428576,-0.030252669642713472,14.294011553291476,28.588023106582952,55.989513728801285,-24.6742334197453,-4074296.6867346438,-0.698440806170613,-0.1981735910196407,0.0001388149827639129,-0.0360352324673876,-0.05390440339665581,1.1839487943411442,0,1,0,0,0,0
78499268.0,435.0224,432.94,434.54,437.22,432.53,1696910400000,559796,2023-10-10,433.081,440.524,,,1,0,0,0,44.77307496175426,-3.8042801769798302,-4.499978237188867,0.695698060209037,449.68145769819273,416.4805423018072,432.29,4.930000000000007,5.764821428571428,-29630397.0,0.0,0.0,,0.0051913409852606,0.0307170473682962,0.0043789416420844,87921344.7,0.8928351615623095,2340227582512.4697,5295183293.0,441.95402746608374,84.27230046948355,57.5967106148193,1,10,0.0,0.0,432.29,429.54,424.5,424.66,421.59,430.345291042472,434.14957121945184,-3.8042801769798302,0,446.06964285714287,423.0103571428572,-0.012702415713340121,19.861846789968528,27.097853355995696,54.63183544968736,16.405099799001935,-3665720.608176263,-1.0483319382564342,1.913914314741896,0.02033436648821274,-0.02567322137267647,-0.05078747897507585,7.014703490462559,0,1,0,0,0,0
62451736.0,435.16,435.64,436.32,436.58,433.18,1696996800000,452204,2023-10-11,432.5715,440.1207999999999,,,1,0,0,0,57.303703703703704,-3.0458666857767867,-4.209155926906451,1.1632892411296645,448.02222612839773,417.1207738716023,434.54,3.3999999999999773,5.478392857142857,32821339.0,0.0,0.0,,0.0040879187901832,0.0274572599255875,0.0043902181204526,88037747.9,0.7093745295590416,2367476523963.9897,5357635029.0,441.8883539377407,94.71830985915472,76.30615341882942,2,10,0.0,0.0,434.54,432.29,429.54,424.5,424.66,431.2644770359379,434.3103437217147,-3.0458666857767867,0,447.2767857142857,425.36321428571426,0.014363987239657004,20.900290097995377,19.127090189494194,51.09812617497601,30.19765403917319,-3409900.453345874,-1.2396534923590428,2.283294511779507,0.02410515197746732,-0.022821437369823783,-0.04416403785488965,6.254176132140683,0,1,0,0,0,0
80654230.0,434.4825,436.95,433.66,437.335,431.23,1697083200000,607471,2023-10-12,431.7365000000001,439.7914,,,1,0,0,0,54.57110609480812,-2.629151082289752,-3.893154957983111,1.2640038756933594,444.7527089638071,418.7202910361931,436.32,6.104999999999961,5.620892857142853,-47832891.0,0.0,0.0,,-0.0061151021612066,0.0215783274440519,0.0065179761531988,87913783.7,0.9174241695162074,2402453037345.7896,5438289259.0,441.7663207910268,78.5776741474791,85.85609482537247,3,10,0.0,0.0,436.32,434.54,432.29,429.54,424.5,431.633019030409,434.26217011269875,-2.629151082289752,0,444.9017857142857,422.4182142857143,-0.02201830932167347,20.37042919968612,19.544429263329498,46.987751226555545,29.24417224820296,-3901604.3674456105,-0.6819776194449223,0.4554691666809977,0.011994772706058088,-0.03708144595434759,-0.03658942972030299,3.3105819706999546,0,1,0,0,0,0
95201132.0,432.3429,435.21,431.5,436.45,429.88,1697169600000,665920,2023-10-13,431.143,439.4446,,,1,0,0,0,48.98016205644032,-2.445010354973249,-3.603526037381139,1.1585156824078902,442.95223652775394,419.3337634722461,433.66,6.569999999999993,5.836607142857141,-143034023.0,0.0,0.0,,-0.004993306412589,0.0045630209060856,0.0059701471371613,87083903.6,1.093211581755506,2443532325803.7896,5533490391.0,441.5896935102836,65.98659283007876,79.76085894557087,4,10,0.0,0.0,433.66,436.32,434.54,432.29,429.54,431.61255456419224,434.0575649191655,-2.445010354973249,0,443.17321428571427,419.82678571428573,0.0015883005179653407,19.617561570186055,18.91999387866978,42.79320661576081,21.268814278479415,-4375787.933188365,-0.5673637873310112,-0.039965709664076296,0.009403948722747302,-0.02677222184631345,-0.03863292041707511,0.7643049925240716,0,1,1,0,0,0
75433194.0,435.645,433.82,436.04,437.14,433.57,1697428800000,540499,2023-10-16,430.7635,439.2292,,,1,0,0,0,64.94997057092408,-1.9107119463352549,-3.264963219171962,1.3542512728367075,441.30265861018063,420.2243413898194,431.5,5.639999999999986,5.724464285714281,-67600829.0,0.0,0.0,,0.0104664717366752,0.0086747322399314,0.0070819320410962,88067952.65,0.8565339800708992,2476424215715.5493,5608923585.0,441.5150568886827,92.45118041387371,79.00514913047721,0,10,0.0,0.0,431.5,433.66,436.32,434.54,432.29,432.293700015855,434.20441196219025,-1.9107119463352547,0,447.4889285714286,424.59107142857147,0.02155163025416579,20.862838067085203,14.673862181155586,39.86080499533915,75.06752338702455,-3582122.34625904,-0.7387736055563249,-0.26311638835561774,0.020430132690552494,-0.017108851971237238,-0.024104205366934472,1.22490867470989,0,1,0,0,0,0
75232708.0,435.3865,432.81,436.02,438.14,432.45,1697515200000,579310,2023-10-17,430.429,438.9354,,,1,0,0,0,64.73544191545957,-1.4719230284982814,-2.906355181037226,1.4344321525389447,439.7227441324806,421.13525586751933,436.04,5.689999999999998,5.746607142857138,-142833537.0,0.0,0.0,,-4.5868403558294294e-05,0.0034059004924746,0.0068241417684257,88503855.65,0.8500500621974879,2509227181057.7095,5684156293.0,441.4423270077576,88.195991091314,82.21125477842217,1,10,0.0,0.0,436.04,431.5,433.66,436.32,434.54,432.8669769364927,434.33889996499096,-1.4719230284982814,0,447.51321428571424,424.5267857142857,0.007711092634649097,20.782449268726015,12.61613995679243,37.282628094726775,84.95539796094987,-3585573.071330137,-0.2914725224604666,-0.9975114780187465,0.03422756706753005,-0.015111472521515235,-0.03259301990193253,0.49909506823004396,0,1,0,0,0,0
93559798.0,432.1327,434.19,430.21,435.18,429.09,1697601600000,691076,2023-10-18,430.0075000000001,438.5646,,,1,0,0,0,52.273338714016674,-1.5748442691844389,-2.6400529986666688,1.06520872948223,438.45983290748575,421.5551670925143,436.02,6.930000000000007,5.857328571428566,-236393335.0,0.0,0.0,,-0.0134146522908062,-0.0140034836817015,0.0088325216146753,89058215.45,1.0505465164247236,2549477541755.2896,5777716091.0,441.2604395232631,55.846325167037776,78.83116555740851,2,10,0.0,0.0,436.02,436.04,431.5,433.66,436.32,432.4582112539553,434.03305552313975,-1.5748442691844389,0,441.9246571428571,418.4953428571429,0.017520313230810537,17.243477643727985,16.47508737326933,33.460461418392725,28.818673533309077,-4832264.5680046,-0.48457485271046913,-0.2824028122956988,0.013069278952573704,-0.01921849352544225,-0.04131476323119787,-1.5854439352851717,0,1,0,0,0,0
121295457.0,428.955,430.95,426.43,432.82,425.725,1697688000000,880803,2023-10-19,429.7595,438.1782,,,0,0,0,0,48.68454021548483,-1.939072087167233,-2.4998568163667816,0.5607847291995487,438.3312564987407,421.1877435012593,430.21,7.09499999999997,5.9398285714285635,-357688792.0,0.0,0.0,,-0.0088252347162635,-0.0166720472259374,0.0091622495907368,90009297.0,1.3475880941498743,2601201563483.7993,5899011548.0,440.95549607217,34.7995545657016,59.61395694135113,3,10,0.0,0.0,430.21,436.02,436.04,431.5,433.66,431.5307941379622,433.4698662251294,-1.939072087167233,0,438.30965714285713,414.5503428571429,0.016323642521843575,15.079800281023092,20.29279344037195,30.50879477701592,-25.32757715713355,-5898015.776623639,-0.24429137942748316,-1.1848928785353137,0.004546525323910533,-0.01149771668327959,-0.04334268087492987,-1.81964362184118,0,1,0,0,0,0
122919874.0,423.4845,425.98,421.19,426.54,421.08,1697774400000,733329,2023-10-20,429.29800000000006,437.6838,,,0,0,0,0,43.19697643397067,-2.6203437726276206,-2.5239542076189494,-0.0963895650086712,438.67598901123034,419.9200109887698,426.43,5.460000000000036,6.034114285714277,-480608666.0,0.0,0.0,,-0.012364188561956,-0.023893395133256,0.0100410643276005,91113806.5,1.3490806577156889,2652974185213.8594,6021931422.0,440.552042077682,5.623608017817328,32.08982925018557,4,10,0.0,0.0,426.43,430.21,436.02,436.04,431.5,429.9399027321218,432.56024650474944,-2.6203437726276206,0,433.25822857142856,409.12177142857144,-0.004856544359290533,14.844171707666437,23.75777720676753,28.12038067772803,-111.22920801961794,-7408463.3055498395,0.011118384108394937,-1.465869112682144,-0.019439400288680964,-0.021444170809906682,-0.0554371958466956,-2.3795656075942793,0,1,1,0,0,0
91840945.0,421.4107,419.61,420.46,424.45,417.8,1698033600000,668631,2023-10-23,428.7095000000001,437.18,,,0,0,0,0,48.58714678669668,-3.182475790892795,-2.6556585242737185,-0.5268172666190765,438.7654874282895,418.6535125717106,421.19,6.649999999999977,5.995335714285703,-572449611.0,0.0,0.0,,-0.001734688250594,-0.0357306669112926,0.006102331060955,92164747.05,0.996486703860595,2691589628948.5596,6113772367.0,440.2502198931738,13.077679449360724,17.833614010959888,0,10,0.0,0.0,421.19,426.43,430.21,436.02,436.04,428.48145615794925,431.66393194884205,-3.182475790892795,0,432.4506714285714,408.46932857142855,-0.05232168437232784,14.94018564253643,22.720043078402643,25.23974260845543,-130.30719357129448,-7567640.612347253,0.23568716556670977,-0.8729213487864672,-0.02736588863957079,-0.02723087245216671,-0.05652417816672273,-5.85523925234373,0,1,0,0,0,0
78564239.0,423.0518,422.65,423.63,424.82,420.74,1698120000000,579422,2023-10-24,428.597,436.6903999999999,,,0,0,0,0,48.71539037166372,-3.333747591061922,-2.791276337631359,-0.5424712534305627,438.83496669780106,418.359033302199,420.46,4.360000000000014,5.958914285714278,-493885372.0,0.0,0.0,,0.0075110827122905,-0.0284161277005641,0.0087167839526459,91286412.2,0.8606345359249423,2724871797516.1294,6192336606.0,440.03935362232943,28.662733529990124,15.788006999056064,1,10,0.0,0.0,420.46,421.19,426.43,430.21,436.02,427.7350782874955,431.06882587855745,-3.333747591061922,0,435.54782857142857,411.7121714285714,-0.0011092446341708802,15.47501462209384,22.858910057577756,21.162692618523305,-87.88166264055995,-6975316.40164945,0.2550626271874608,-1.03998847053541,-0.025107009711418993,-0.005283178360101393,-0.05462944366338629,-3.259928805812675,0,1,0,0,0,0
93911198.0,419.1266,421.89,417.55,421.92,417.015,1698206400000,753888,2023-10-25,428.172,436.1836,,,0,0,0,0,42.4472940665073,-3.899288202692333,-3.012878710643554,-0.8864094920487786,439.5025578438421,416.84144215615794,423.63,6.615000000000009,6.131421428571421,-587796570.0,0.0,0.0,,-0.0144561351500318,-0.0294274889007692,0.0089544665627574,90759979.75,1.0347203498577249,2764084418241.0293,6286247804.0,439.7033817983147,2.532544378698343,14.757652452683068,2,10,0.0,0.0,423.63,420.46,421.19,426.43,430.21,426.16814316634236,430.0674313690347,-3.8992882026923326,0,429.81284285714287,405.28715714285715,-0.06445193697427451,15.039626092872988,26.555249944774545,17.952630760218778,-140.70132583716966,-8323143.712840819,0.6058843229593786,-0.6359656014347165,-0.043018885221855485,-0.019950710010562145,-0.05721510984668876,-3.2863438409299315,0,1,0,0,0,0
115062041.0,414.172,416.45,412.55,417.325,411.6,1698292800000,846338,2023-10-26,427.3735,435.6418,,,0,0,0,0,31.520556884924957,-4.696799642542999,-3.349662897023443,-1.3471367455195558,440.6795022467116,414.0674977532883,417.55,5.949999999999989,5.804635714285707,-702858611.0,0.0,0.0,,-0.0120468870488862,-0.0325493046924465,0.0093194094771161,91920166.4,1.251760582104429,2811553263255.579,6401309845.0,439.2153061379548,3.5795026375282215,11.591593515405568,3,10,0.0,0.0,417.55,423.63,420.46,421.19,426.43,424.0730442176743,428.7698438602173,-4.696799642542999,0,424.1592714285714,400.9407285714286,-0.12328801978480812,8.804539228030288,34.71363404929885,19.011955474932382,-177.11125909676267,-9700967.219007745,0.7035958146775063,-0.7965612584956564,-0.048678688373380075,-0.037267805469989645,-0.061618597033936795,-3.4926322151687175,0,1,0,0,0,0
107367671.0,411.5788,414.19,410.68,414.6,409.21,1698379200000,800489,2023-10-27,426.5335,435.1296,,,0,0,0,0,26.036815258372144,-5.417279549633463,-3.763186227545447,-1.6540933220880158,441.7894610782498,411.2775389217502,412.55,5.390000000000043,5.770357142857141,-810226282.0,0.0,0.0,,-0.0045430881195882,-0.024953109048173,0.0087530106198923,91532984.0,1.172994327378205,2855647018381.859,6508677516.0,438.74458541876527,5.081230556515821,3.731092524247466,4,10,0.0,0.0,412.55,417.55,423.63,420.46,421.19,422.01257587649366,427.4298554261271,-5.417279549633463,0,422.2207142857143,399.13928571428573,-0.12082822782312778,6.684409233560185,37.87831899017417,21.631003093413206,-172.11671029817353,-10187641.670031866,0.6843359662348132,-0.8204628510860091,-0.04825028968713785,-0.03930008421446618,-0.05869948887208054,-2.8507997560823792,0,1,1,0,0,0
86562675.0,414.3338,413.56,415.59,416.68,412.22,1698638400000,638013,2023-10-30,425.9475000000001,434.7114,,,0,0,0,0,30.157068062827165,-5.528341818155866,-4.116217345667531,-1.412124472488335,441.9595019130395,409.9354980869606,410.68,6.0,5.846785714285711,-723663607.0,0.0,0.0,,0.0118848749071332,-0.0115825524425628,0.0116754912551211,91671187.8,0.944273517965696,2891621600485.109,6595240191.0,438.44068096732474,22.05323193916348,10.237988377735844,0,10,0.0,0.0,410.68,412.55,417.55,423.63,420.46,421.02448728011,426.5528290982659,-5.528341818155866,0,427.2835714285714,403.89642857142854,-0.11373250554007854,3.836051554109563,37.38317756552651,26.343724997693283,-115.98216925031386,-9152717.314694388,0.765213843814565,-0.5713116175946423,-0.046899367030547756,-0.02742739463153221,-0.04790378006872853,-0.9920389874038573,0,1,0,0,0,0
79631900.0,416.8983,416.18,418.2,418.53,414.21,1698724800000,563414,2023-10-31,425.778,434.2886,,,0,0,0,0,31.350349938246197,-5.344150241435159,-4.361803924821057,-0.9823463166141018,442.05382204246274,409.5021779575372,415.59,4.319999999999993,5.912499999999999,-644031707.0,0.0,0.0,,0.0062605896566358,-0.0128177891084201,0.0114226407075606,90467852.45,0.8802231714742113,2924923661065.109,6674872091.0,438.1992075936409,31.07500864154859,19.403157045742635,1,10,0.0,0.0,415.59,410.68,412.55,417.55,423.63,420.5899507754777,425.93410101691285,-5.344150241435159,0,430.025,406.375,-0.04311516829362784,6.028390213708384,36.96768347484538,31.167185557897092,-86.6401691678643,-8652610.817906693,0.5844337263344588,-1.3064338644880265,-0.040869684876840506,-0.008040987689461265,-0.04811763099194244,-1.1221378852052322,0,1,0,1,0,0
98068115.0,420.8746,419.2,422.66,423.5,418.6499,1698811200000,724431,2023-11-01,425.678,433.9788,,,0,0,0,0,39.082969432314435,-4.78315512871734,-4.446074165600314,-0.3370809631170255,442.0072331982285,409.3487668017715,418.2,5.300000000000011,5.855000000000002,-545963592.0,0.0,0.0,,0.0106082863394729,0.0122380553227159,0.010358047869568,90998632.3,1.077687790698806,2966373130551.009,6772940206.0,437.9742091806987,46.49153128240595,33.206590621039346,2,11,0.0,0.0,418.2,415.59,410.68,412.55,417.55,420.9084198869427,425.69157501566,-4.78315512871734,0,434.37,410.95000000000005,-0.04050228813923262,12.150786871763936,34.951811634140356,34.47702439712486,-39.60865346748344,-7606738.524984639,0.1426479598903456,-1.8267988565524196,-0.01754956881522962,-0.004709650072999616,-0.03535318954695865,1.1815009605875382,0,1,0,0,0,0
94838909.0,428.8097,426.58,430.76,430.915,426.56,1698897600000,639382,2023-11-02,425.991,433.7334,,,1,0,0,0,49.343039772727266,-3.642966306745109,-4.285452593829273,0.6424862870841643,442.4645065132511,409.5174934867489,422.66,8.254999999999995,5.975357142857145,-451124683.0,0.0,0.0,,0.018983017126674,0.0441401042297902,0.0086723232977386,92234138.05,1.028240855339137,3007225938991.8486,6867779115.0,437.87458633078774,74.49014863463535,50.68556285286329,3,11,0.0,0.0,422.66,418.2,415.59,410.68,412.55,422.4240475966438,426.0670139033889,-3.642966306745109,0,442.7107142857143,418.8092857142857,-0.014473907421071023,20.769828459653354,32.63403263013161,35.93458911349172,33.098525882638675,-5789213.4152037315,-0.009995356156465143,-1.4345677112009463,0.010154069835611956,0.014746760895170796,-0.02769564137868763,5.089761049808843,0,1,0,0,0,0
99620775.0,434.4545,433.14,434.69,436.29,433.01,1698984000000,646999,2023-11-03,426.2485,433.6894,,,1,1,0,0,48.788368336025826,-2.3946364170888614,-3.907289358481191,1.5126529413923295,443.1119706735569,409.38502932644303,430.76,5.53000000000003,5.967500000000006,-351503908.0,0.0,0.0,,0.0090820428986312,0.0584640109087366,0.0047472086757537,91554511.35,1.088103399068603,3050530093676.5986,6967399890.0,437.8290527080108,88.07466297960599,69.68544763221577,4,11,0.0,0.0,430.76,422.66,418.2,415.59,410.68,424.3111171971601,426.705753614249,-2.3946364170888614,0,446.625,422.755,-0.05646081753257132,26.404931470895313,32.67700041502458,35.44888575437358,76.23762993820809,-4880332.2615450695,-0.4478349511422218,-0.8367256392457604,0.032052043020964316,0.011989570237928904,-0.0050355924832337084,12.315424020245805,0,1,1,0,0,0
67216066.0,435.0503,435.47,435.69,436.1498,433.68,1699246800000,494714,2023-11-06,426.4185000000001,433.6038,,,1,1,0,0,49.708943376256855,-1.309538795083654,-3.3877392458016837,2.07820045071803,443.6038870299288,409.2331129700713,434.69,2.4698000000000206,5.737485714285721,-284287842.0,0.0,0.0,,0.0022978479285109,0.0483649750956471,0.006198406779917,90896596.55,0.7394783583896465,3079815461472.1387,7034615956.0,437.8086139649581,97.7843426883308,86.78305143419072,0,11,0.0,0.0,434.69,430.76,422.66,418.2,415.59,426.0617145514432,427.3712533465268,-1.309538795083654,0,447.16497142857145,424.21502857142855,-0.06898659291430011,27.4634981938998,32.592673740539304,34.31242643479296,76.7623057652739,-4725702.37357894,-0.591331663541293,-0.5552924964026386,0.036222232792655795,0.007865090564204591,-0.00972793599563615,7.802794941500324,0,1,0,0,0,0
64256114.0,436.5304,435.69,436.93,437.585,434.51,1699333200000,488372,2023-11-07,426.538,433.4872,,,1,1,0,0,56.44666155026864,-0.3455501875857294,-2.779301434158493,2.4337512465727635,443.9923043703452,409.0836956296548,435.69,3.0749999999999886,5.462128571428577,-220031728.0,0.0,0.0,,0.0028420179107287,0.0447871831659494,0.0067972759191648,90184438.85,0.712496688113506,3107890885362.1587,7098872070.0,437.8006611073016,97.69162995594723,94.51687854129467,1,11,0.0,0.0,435.69,434.69,430.76,422.66,418.2,427.73375846660576,428.0793086541915,-0.3455501875857294,0,447.85425714285714,426.0057428571429,-0.04286592304156082,30.7248090055518,29.84184605820309,34.253783742074674,85.67198770203605,-4542825.600276813,-0.44946133605931843,-0.5769348245860141,0.03139532138894796,0.005500069038523403,-0.013167404462914423,6.588980322230217,0,1,0,0,0,0
61731027.0,436.8141,437.55,437.25,438.09,434.87,1699419600000,461553,2023-11-08,426.5845000000001,433.249,,,1,1,0,0,61.11796136457048,0.4391765013381246,-2.1356058470591694,2.574782348397294,444.1531125324629,409.0158874675372,436.93,3.2199999999999704,5.185342857142863,-158300701.0,0.0,0.0,,0.0007321147001603,0.0345194719159607,0.0075230821613841,90148403.4,0.6847711625694748,3134882776917.9087,7160603097.0,437.7959138988302,97.09141274238236,97.52246179555344,2,11,0.0,0.0,436.93,435.69,434.69,430.76,422.66,429.1977956255895,428.75861912425137,0.4391765013381246,1,447.62068571428574,426.87931428571426,-0.0558487670770906,33.06049468652559,26.79944017659678,33.94822151614559,87.8341670134823,-4497614.860249813,-0.3623144815764016,0.3632802865643216,0.04717997844569499,0.002131463146314738,-0.0265161635052098,4.588468567904637,0,1,0,0,0,0
83071417.0,435.6292,438.43,433.84,438.47,433.4,1699506000000,622937,2023-11-09,426.59350000000006,432.9056000000001,,,1,1,0,0,63.5062993807388,0.7769632063202039,-1.553092036383295,2.330055242703499,444.1775517155991,409.009448284401,437.25,5.07000000000005,5.157485714285721,-241372118.0,0.0,0.0,,-0.0078293113659063,0.0071501532175688,0.0060729415874106,90269262.75,0.9202624954417278,3170922480469.1885,7243674514.0,437.750546955234,84.17634996582349,92.98646422138437,3,11,0.0,0.0,437.25,436.93,435.69,434.69,430.76,429.91198091396035,429.13501770764015,0.7769632063202039,1,444.1549714285714,423.52502857142855,-0.08469014496517593,33.23906443432572,22.546977483138672,33.667876096931316,73.66396946462864,-5145467.4205013905,0.044027193652394415,-0.24404022935516625,0.05160586595564176,0.0004150717151685246,-0.03807010931021493,1.1773769500141034,0,1,0,0,0,0
89558054.0,437.9898,435.98,440.61,440.93,433.8335,1699592400000,585762,2023-11-10,427.049,432.7107999999999,,,1,1,0,0,69.05617552487234,1.5728136081572188,-0.9279109074751922,2.500724515632411,445.61287879160744,408.4851212083925,433.84,7.096499999999992,5.189378571428579,-151814064.0,0.0,0.0,,0.0154843279010755,0.013618900825876,0.0083420584972012,89987108.85,0.9952320409502744,3210382654642.1284,7333232568.0,437.78546839647,98.9911727616646,93.41964515662347,4,11,0.0,0.0,433.84,437.25,436.93,435.69,434.69,431.5578300041203,429.9850163959631,1.5728136081572188,1,450.9887571428572,430.23124285714283,-0.012870997253682594,36.4208210952286,17.893692195749654,34.62879080953946,95.8763589815517,-3747929.098585471,-0.3539822500534967,0.08918592891246593,0.07287912730106161,0.02111239860950187,-0.021627622959920045,1.6325568209425756,0,1,1,0,0,0
52192568.0,440.0944,439.23,440.19,441.33,438.42,1699851600000,406679,2023-11-13,427.2565,432.4908,,,1,1,0,0,66.52035115722265,2.144915049959309,-0.313345715988292,2.458260765947601,446.3293258331894,408.18367416681053,440.61,2.909999999999968,5.085807142857147,-204006632.0,0.0,0.0,,-0.0009536785463956,0.0103284445362528,0.0085068799849354,88825077.55,0.5875882063893566,3233357301150.0483,7385425136.0,437.8024611459616,96.45080946450814,93.20611073066544,0,11,0.0,0.0,440.61,433.84,437.25,436.93,435.69,432.88585615733257,430.74094110737326,2.144915049959309,1,450.36161428571427,430.0183857142857,-0.022973696237819072,37.20465777489936,18.25809359965933,35.69299378422493,104.23742827498147,-3797680.3038690593,0.10554764119034486,-0.2788237008533128,0.059192954594672775,0.009517475460966818,-0.024379972960393625,1.214126967028272,0,1,0,0,0,0
97130503.0,447.8699,446.32,448.73,450.06,446.09,1699938000000,653301,2023-11-14,427.892,432.4806,,,1,1,0,0,79.65005705591474,3.2499527602035982,0.399313979250086,2.850638780953512,448.9390916605701,406.8449083394299,440.19,9.870000000000005,5.3183071428571465,-106876129.0,0.0,0.0,,0.0192149186766844,0.0270066143318152,0.0115075408122239,89919967.3,1.0801883710204596,3276942671761.2383,7482555639.0,437.9443107220493,96.74418604651166,97.39538942422814,1,11,0.0,0.0,440.19,440.61,433.84,437.25,436.93,435.32341674851216,432.07346398830856,3.2499527602035982,1,459.3666142857143,438.0933857142857,-0.015532683217322655,47.30318320312664,12.45697140303014,37.88048747707673,156.23894749349805,-1913279.259729019,-0.014679634455890636,-1.0510822563567774,0.07300334768053562,0.02915003898903734,-0.0011352506455346578,2.346860315674419,0,1,0,0,0,0
77327573.0,450.0195,450.11,449.68,451.38,448.8,1700024400000,555373,2023-11-15,428.8655,432.5498,,,1,1,0,0,88.25468782196572,4.154470023099236,1.150345188019916,3.0041248350793204,452.055993038494,405.675006961506,448.73,2.6499999999999773,5.082592857142861,-29548556.0,0.0,0.0,,0.00211484812965,0.0284276729559749,0.011385397939229,89108356.05,0.867792611465196,3311715334787.8784,7559883212.0,438.06435124964713,95.96869812663031,96.38789787921672,2,11,0.0,0.0,448.73,440.19,440.61,433.84,437.25,437.53212186412566,433.3776518410264,4.154470023099236,1,459.8451857142857,439.5148142857143,0.0037235850397458687,51.35202363650821,5.424677786025413,39.40583883693296,146.9535114486819,-1749570.137651154,0.3056084559866423,-0.999670082666925,0.06392845313017559,0.045256967527486536,0.007754022679395733,2.4968515056914136,0,1,0,0,0,0
66654468.0,449.4747,449.22,450.23,450.56,448.12,1700110800000,507743,2023-11-16,430.05550000000005,432.6574,,,1,1,0,0,91.88731201016726,4.8596676504607785,1.8922096805080888,2.96745796995269,455.0890913061676,405.0219086938326,449.68,2.4399999999999977,4.871878571428572,37105912.0,0.0,0.0,,0.0012223446088626,0.0377789046653145,0.009230756913176,86376306.6,0.7716753658925259,3341725175915.5186,7626537680.0,438.1706766727098,97.06332992849852,96.5920713672135,3,11,0.0,0.0,449.68,448.73,440.19,440.61,433.84,439.4856415773371,434.6259739268763,4.8596676504607785,1,459.97375714285715,440.4862428571429,0.08824830925519535,53.573057026466195,3.1522014823921167,40.75484415906601,124.84730250656327,-1668045.5926413718,0.6990996433797817,0.2658267335769864,0.04519918283963231,0.05581220833431044,0.012093964257614997,4.0927156996445095,0,1,0,0,0,0
83193902.0,450.5304,450.24,450.79,451.42,449.29,1700197200000,439852,2023-11-17,431.53550000000007,432.7628,,,1,1,0,0,91.06392907139517,5.4014644508100105,2.594060634568473,2.8074038162415373,457.8303772077079,405.2406227922922,450.23,2.1299999999999955,4.59545,120299814.0,0.0,0.0,,0.0012430358307394,0.0231043326297633,0.0082657109658188,84390008.0,0.985826449974978,3379228154998.0986,7709731582.0,438.30684882566106,98.30690674549854,97.1129782668758,4,11,0.0,0.0,450.23,449.68,448.73,440.19,440.61,441.22477364236215,435.82330919155214,5.4014644508100105,1,459.9809,441.5991,0.18035246943359964,54.899333649137446,3.34181480698432,41.26463960624886,115.63286716169628,-1564568.291883984,1.0688409356652244,1.0927189707809686,0.037037889070371977,0.07027707210522571,0.011828874124618416,2.795198715914382,0,1,1,0,0,0
69614633.0,453.2957,450.53,454.26,455.125,450.52,1700456400000,488761,2023-11-20,433.2254999999999,432.879,,,1,1,0,0,91.23970722781328,6.04120308982084,3.2834891256189467,2.7577139642018933,460.8350402847792,405.6159597152206,450.79,4.605000000000018,4.615807142857144,189914447.0,0.0,0.0,,0.0076681222098486,0.0319634703196347,0.0077061271083162,83278692.4,0.8359237038164637,3410851298184.6787,7779346215.0,438.4496079642187,97.62851918157864,97.66625195185856,0,11,0.0,0.0,450.79,450.23,449.68,448.73,440.19,443.2301930819987,437.1889899921779,6.04120308982084,1,463.49161428571426,445.0283857142857,0.21988158653591178,57.527781078757585,3.3270763659464078,42.48657677069399,119.96708755521873,-1028702.8633917798,0.8021221437260896,0.4959732169446909,0.04262204778626999,0.08038814631593971,0.012955736425465547,4.147794137368879,0,1,0,0,0,0
49244639.0,453.0274,453.1842,453.27,454.131,451.9599,1700542800000,405390,2023-11-21,434.7075,433.0246,,,1,1,0,0,88.02484472049679,6.394602843007988,3.905711869096755,2.4888909739112326,463.3124085776698,406.10259142233014,454.26,2.3000999999999863,4.401528571428571,140669808.0,0.0,0.0,,-0.0021817469234109,0.010117442560114,0.0035638694650727,81812712.4,0.6019191584705361,3433172415704.2085,7828590854.0,438.5428335356212,93.50603885874315,96.48048826194012,1,11,0.0,0.0,454.26,450.79,450.23,449.68,448.73,444.7747787616912,438.3801759186832,6.394602843007988,1,462.0730571428571,444.46694285714284,0.21004092442606065,52.263012516388194,3.4890476354823643,45.27775900564929,109.41107632302977,-1136025.0854892556,0.8976602634064409,0.3175843231595335,0.03739729476117448,0.0699667162382267,0.016323235946994252,2.8388846085476724,0,1,0,0,0,0
59446573.0,455.0336,454.98,455.02,456.38,453.8895,1700629200000,479662,2023-11-22,436.581,433.1948,440.1609,,1,1,1,0,85.78171091445417,6.7382111642456834,4.472211728126541,2.2659994361191425,465.3620668029487,407.79993319705136,453.27,3.1100000000000136,4.034028571428572,200116381.0,0.0,0.0,,0.0038533996090087,0.0118751111901795,0.0036597722720166,80089481.15,0.7422519430318472,3460221795350.6685,7888037427.0,438.66701031446166,94.18057338468115,95.10504380833432,2,11,0.0,0.0,453.27,454.26,450.79,450.23,449.68,446.35096664450793,439.61275548026225,6.7382111642456834,1,463.0880571428571,446.95194285714285,0.25697963094228865,47.87698931803768,3.8068998725473713,49.781510397471116,111.4266245543367,-906511.7650621308,0.7821901183476191,0.2587399383230675,0.040640365923384714,0.08973775595737021,0.019058923652325754,3.2447589248625217,0,1,0,0,0,0
29667375.0,455.097,455.07,455.3,455.5,454.73,1700802000000,190767,2023-11-24,438.7184999999999,433.2936,440.2826,,1,1,1,0,84.06611570247924,6.952967414055934,4.96836286531242,1.9846045487435136,466.3102434446573,411.1267565553426,455.02,0.7699999999999818,3.6940285714285688,229783756.0,0.0,0.0,,0.0006151683118686,0.0112609110898873,0.0037166325360056,75819747.85,0.3912882308536984,3473729351188.1685,7917704802.0,438.7293335703435,95.30026109660582,94.32895778001006,4,11,0.0,0.0,455.02,453.27,454.26,450.79,450.23,447.72774100689134,440.7747735928354,6.952967414055934,1,462.68805714285713,447.9119428571429,0.3315485636360339,41.890386793765444,4.15728859623699,54.87634346641322,101.80332873129053,-888255.7213717394,1.3112222377972413,0.6101090663184578,0.04946524064171132,0.10362380317537268,0.010969002575717202,3.0298612203878443,0,1,1,0,0,0
50412985.0,454.8288,454.65,454.48,455.4901,454.0799,1701061200000,400697,2023-11-27,440.9085,433.5158,440.4308,,1,1,1,0,81.2437645493847,6.9765745338324905,5.370005199016434,1.606569334816056,465.9664994791032,415.8505005208968,455.3,1.4101999999999748,3.618342857142851,179370771.0,0.0,0.0,,-0.0018026340918649,0.008185629672353,0.0041456211641926,72972013.55,0.6908536923605283,3496641044610.9683,7968117787.0,438.8289854745552,91.7319408181028,93.73759176646324,0,11,0.0,0.0,455.3,455.02,453.27,454.26,450.79,448.7665500827542,441.7899755489217,6.9765745338324905,1,461.71668571428575,447.2433142857143,0.3629852399306913,42.766617701322055,5.5275895821435395,59.77406165948979,89.77364588400125,-979050.0277631305,2.1202510963176606,4.963730898003935,0.031479085812850416,0.10665238141618771,0.025058077903331366,1.9745195238436575,0,1,0,0,0,0
62083811.0,454.7221,454.08,454.93,456.27,453.5,1701147600000,461129,2023-11-28,442.87549999999993,433.7418,440.59460000000007,,1,1,1,0,80.73770491803269,6.9514624534998575,5.686296649913119,1.265165803586738,465.6362006413292,420.11479935867067,454.48,2.769999999999982,3.596557142857137,241454582.0,0.0,0.0,,0.0009896527126994,0.0014749262536872,0.0024383191830265,71748070.35,0.8653028673404595,3524884832749.198,8030201598.0,438.9534670744885,93.69016536118367,93.57412242529745,1,11,0.0,0.0,454.48,455.3,455.02,453.27,454.26,449.71477314694584,442.763310693446,6.9514624534998575,1,462.1231142857143,447.73688571428573,0.33974479523511897,41.724228321187326,5.56107229422571,65.13269064363968,82.88585642401164,-917578.2029303513,2.1489706326776856,5.162209684593809,0.03348554033485551,0.09466060299814738,0.025471676847823588,0.6048921794293968,0,1,0,0,0,0
63140992.0,455.8178,457.15,454.61,458.32,454.2,1701234000000,455446,2023-11-29,444.696,433.9798,440.74410000000006,,1,1,1,0,79.64480874316934,6.827041735820444,5.914445667094585,0.9125960687258594,464.818095109082,424.5739048909181,454.93,4.1200000000000045,3.6608428571428537,178313590.0,0.0,0.0,,-0.0007036524247495,0.0029562953647936,0.0021335631282095,70923524.95,0.8902686667718988,3553589359122.3184,8093342590.0,439.0756130245956,85.11235955056189,90.1781552432828,2,11,0.0,0.0,454.93,454.48,455.3,455.02,453.27,450.46788497049266,443.6408432346722,6.827041735820444,1,461.9316857142857,447.2883142857143,0.2604782114539803,44.00606416867196,5.463417869135727,69.95072341626128,81.97860893387471,-961991.887321353,1.1443594305342466,1.9176061898782655,0.013103648073451657,0.08706360593017703,0.0268798988050869,1.3856077046089021,0,1,0,0,0,0
79752700.0,455.1457,455.48,456.4,456.76,453.34,1701320400000,516017,2023-11-30,446.383,434.335,440.8835,,1,1,1,0,90.7809110629067,6.7945520939255175,6.090466952460772,0.7040851414647458,464.2582862030821,428.5077137969178,454.61,3.420000000000016,3.542985714285708,258066290.0,0.0,0.0,,0.0039297094510993,0.0030328337215945,0.0021628121175128,70007754.2,1.139198091859373,3589988491402.3184,8173095290.0,439.2446636214758,92.15894472464412,90.32048987879658,3,11,0.0,0.0,454.61,454.93,454.48,455.3,455.02,451.38051805195533,444.5859659580298,6.7945520939255175,1,463.4859714285714,449.31402857142854,0.2630740633754314,45.469922453324365,4.4153639576759245,74.46012986719329,75.78308573947241,-647970.3457802534,0.8835042755404796,0.7751983531162371,0.01494396014943944,0.07982775753560767,0.040488783512675486,1.4022575860663915,0,1,0,1,0,0
88983400.0,457.8696,455.77,459.1,459.65,455.16,1701406800000,606481,2023-12-01,447.8,434.8892,441.0143,,1,1,1,0,89.19033488766424,6.9070510685784825,6.253783775684314,0.6532672928941681,464.9386543720387,430.66134562796134,456.4,4.489999999999952,3.3568071428571336,347049690.0,0.0,0.0,,0.0058984332672559,0.0083461453986382,0.0032070985402358,69714978.75,1.2763885408198594,3630840770342.3184,8262078690.0,439.4585075468845,97.40932642487068,91.56021023335887,4,12,0.0,0.0,456.4,454.61,454.93,454.48,455.3,452.5681306593468,445.66107959076834,6.9070510685784825,1,465.81361428571427,452.3863857142858,0.24918598392143862,48.90680556376783,4.6602532583769225,77.9236638884997,91.578863144023,-121556.71738409158,0.4584859913510522,-0.8164603652497467,0.01970104168980291,0.06579069551490391,0.06423421961566111,2.602389440185444,0,1,1,0,0,0
72430888.0,456.1909,455.6,456.69,459.1206,454.34,1701666000000,538574,2023-12-04,448.9,435.4146,441.0856,,1,1,1,0,82.25175918686469,6.724227745943892,6.34787256973623,0.376355176207662,465.3040688149068,432.4959311850931,459.1,4.7806000000000495,3.4904214285714255,274618802.0,0.0,0.0,,-0.0052632275159039,0.0048627002288328,0.0043215725803839,68355484.4,1.059620725912082,3663919232583.0386,8334509578.0,439.6082574857698,78.17109144542788,89.24645419831423,0,12,0.0,0.0,459.1,456.4,454.61,454.93,454.48,453.2022644040627,446.4780366581188,6.724227745943892,1,463.6708428571429,449.7091571428571,0.2514713841924427,46.216072957580735,6.159919288059957,80.9463210578411,76.90759051434027,-501775.4934241704,0.05824349689550313,-0.7060849873578517,0.013088134164466858,0.05061078009616038,0.06103340922819567,1.1252128446891396,0,1,0,0,0,0
69793469.0,456.3197,455.26,456.6,457.59,454.87,1701752400000,483241,2023-12-05,449.9455,435.902,441.1588,,1,1,1,0,72.97139521307649,6.497181236803499,6.377734303149684,0.1194469336538146,465.44503136812745,434.4459686318725,456.69,2.7199999999999704,2.979707142857137,204825333.0,0.0,0.0,,-0.0001970896435772,0.0036708944233179,0.0043527127568217,68484354.55,1.0191155258540727,3695786930528.4385,8404303047.0,439.7493652787409,73.54726799653112,83.0425619556099,1,12,0.0,0.0,456.69,459.1,456.4,454.61,454.93,453.72499295728386,447.22781172048036,6.497181236803499,1,462.5594142857143,450.64058571428575,0.2340592356166897,33.21011891551908,7.2157139107115364,81.37427539552253,70.47127978069543,-515529.70790226146,0.023813353003924086,-0.27847973107064355,0.005151234975564689,0.04799283894512163,0.056382018832566105,0.8433559012148842,0,1,0,0,0,0
69124685.0,456.1309,458.81,454.76,458.84,454.31,1701838800000,465899,2023-12-06,450.8370000000001,436.4796,441.198,,1,1,1,0,64.09544950055488,6.098473216972025,6.321882085914153,-0.223408868942128,465.19336092285783,436.4806390771424,456.6,4.529999999999973,3.113992857142851,135700648.0,0.0,0.0,,-0.0040379268347894,0.0003299531466531,0.0048543183373051,68727783.1,1.0057749847601298,3727222072279.0386,8473427732.0,439.8718193114624,57.58889852558545,69.76908598918149,2,12,0.0,0.0,456.6,456.69,459.1,456.4,454.61,453.8842248100094,447.7857515930374,6.098473216972025,1,460.9879857142857,448.5320142857143,0.16610069084142745,31.617422732042005,6.904548361909332,80.17866752869948,62.57468709989391,-794087.3522299059,-0.01647926579266711,-0.6827531910852512,0.003287223950404927,0.040807451994598676,0.0678125293509908,0.06797091661835854,0,1,0,0,0,0
66475446.0,457.6646,456.91,458.23,458.9,456.29,1701925200000,458077,2023-12-07,451.8860000000001,437.1232,441.2384,,1,1,1,0,69.1021967526265,5.993405985286699,6.256186865788663,-0.2627808805019631,465.0812230590823,438.6907769409179,454.76,4.139999999999986,3.2354214285714216,202176094.0,0.0,0.0,,0.0076014342075051,0.0040096406660825,0.0057752917731112,68965004.05,0.963901139653453,3757683115899.618,8539903178.0,440.0147211949595,86.29343629343663,72.47653427185107,3,12,0.0,0.0,454.76,456.6,456.69,459.1,456.4,454.5528056084695,448.5593996231828,5.993405985286699,1,464.70084285714285,451.7591571428572,0.16757586213910658,30.563251854900162,5.144174195646096,78.9144543771206,81.23002680012092,-286853.21198009583,0.3274058838322571,-0.5871856294174442,0.007054634961100703,0.04798170383076039,0.07553104095763419,0.6942737927134283,0,1,0,0,0,0
82769404.0,459.2764,457.46,460.2,460.745,457.21,1702011600000,525608,2023-12-08,453.204,437.7568,441.2884,,1,1,1,0,71.05145413870237,5.999938427866198,6.20493717820417,-0.204998750337972,463.8243685137761,442.5836314862239,458.23,3.535000000000025,3.3357785714285666,284945498.0,0.0,0.0,,0.0042899361328545,0.002395992158571,0.0054563083817774,68949903.4,1.200428135770238,3795773595620.4185,8622672582.0,440.2084805520937,94.6699266503666,79.51742048979624,4,12,0.0,0.0,458.23,454.76,456.6,456.69,459.1,455.42160474562803,449.42166631776183,5.999938427866198,1,466.8715571428571,453.52844285714286,0.2589111472979198,31.752921243112578,4.989411337899559,77.794230144365,105.72162840763498,68984.96072792512,0.052134506719571,-1.1027689527508489,0.01076213485613886,0.06075972708832755,0.07392887146457583,0.43912249816157245,0,1,1,0,0,0
64895247.0,460.922,459.69,461.99,462.17,459.47,1702270800000,461245,2023-12-11,454.273,438.44700000000006,441.3865,,1,1,1,0,68.69859700048377,6.079473094526861,6.179844361468708,-0.1003712669418472,463.80403319080335,444.7419668091966,460.2,2.6999999999999886,3.199707142857136,349840745.0,0.0,0.0,,0.0038820682245714,0.0116052464472617,0.00449923516657,67716763.05,0.9583335658274648,3825754550781.948,8687567829.0,440.3711862842882,98.23703979392948,93.06680091257756,0,12,0.0,0.0,460.2,458.23,454.76,456.6,456.69,456.4321270924545,450.35265399792763,6.079473094526861,1,468.3894142857143,455.59058571428574,0.24499050941346057,28.01350122935076,5.201592108831206,76.33807379714536,141.56183824025536,321402.37083222356,-0.36985510528217014,-0.8617606770962283,0.016524379510649556,0.048523637684119825,0.08072892299054923,2.5793763214972705,0,1,0,0,0,0
68327617.0,462.9171,461.63,464.1,464.2,460.6,1702357200000,438135,2023-12-12,455.4684999999999,439.1828,441.5057,,1,1,1,0,74.85084901330886,6.2408239234544,6.192040273865847,0.0487836495885529,463.4308780499616,447.50612195003833,461.99,3.599999999999966,3.2925571428571345,418168362.0,0.0,0.0,,0.0045568004212932,0.0164257555847568,0.0043369690997826,68523515.5,0.9971411493037016,3857465397831.648,8755895446.0,440.5563567566209,99.0791896869248,97.32871871040696,1,12,0.0,0.0,461.99,460.2,458.23,454.76,456.6,457.6117998474615,451.3709759240071,6.2408239234544,1,470.6851142857143,457.51488571428575,0.2809484445151072,31.627393378219555,5.054907387429197,75.26349019277298,188.23013861533198,633468.1555245377,-0.6151292383214276,-0.8549089240096645,0.020156947222649713,0.05431745382675679,0.08609674475205353,3.787372548228368,0,1,0,0,0,0
93221960.0,467.5616,464.49,470.5,470.7599,464.12,1702443600000,662495,2023-12-13,456.557,440.161,441.6687,,1,1,1,0,79.27382753403931,6.806659200552019,6.314964059203081,0.4916951413489379,466.3763087976262,446.7376912023737,464.1,6.659899999999993,3.5461214285714187,511390322.0,0.0,0.0,,0.0136959127783041,0.0346116632949247,0.0041243927997068,68328088.35,1.364328525078662,3901326330011.648,8849117406.0,440.8718012223928,98.5080281746737,98.60808588517598,2,12,0.0,0.0,464.1,461.99,460.2,458.23,454.76,459.59459987092896,452.78794067037694,6.806659200552019,1,477.5922428571428,463.4077571428572,0.3211746707051858,38.049216742225745,4.693457841325096,74.74706271557872,262.3460678368037,1919011.236757026,0.0376665469876942,0.4102755780515527,0.0349530366687929,0.04851469703385103,0.11601318816859996,8.391921200660907,0,1,0,0,0,0
118424368.0,471.7115,472.5,472.01,473.73,469.25,1702530000000,713136,2023-12-14,457.6735,441.108,441.8344,,1,1,1,0,80.19515720997464,7.292864512231859,6.510544149808837,0.7823203624230217,469.1402487706151,446.2067512293849,470.5,4.480000000000018,3.8111214285714214,629814690.0,0.0,0.0,,0.0032042127763694,0.0300722344674071,0.0043734637191433,70382928.1,1.68257233958415,3957223815951.3286,8967541774.0,441.2830088424775,91.56449239823432,96.38390341994428,3,12,0.0,0.0,470.5,464.1,461.99,460.2,458.23,461.50466142924756,454.2117969170157,7.2928645122318585,1,479.63224285714284,464.38775714285714,0.3487872631028471,40.97013064377951,4.367106044084074,74.66073901424065,249.7918573724975,2299076.689849474,0.08677460077270814,0.4237746450264745,0.03420245398773014,0.04965753424657526,0.11150096547826482,6.8760524010414805,0,1,0,0,0,0
141553673.0,469.3495,469.49,469.33,470.7,467.4263,1702616400000,669179,2023-12-15,458.6285,442.0046,441.9726,,1,1,1,0,75.14392143582789,7.376895858850162,6.6838144916171025,0.6930813672330594,470.6529300007146,446.60406999928534,472.01,4.583699999999965,4.037799999999992,488261017.0,0.0,0.0,1.906073,-0.0056940260498743,0.0198392003476748,0.0068723516363654,74127888.35,1.9095872842302544,4023659201300.4185,9109095447.0,441.71885394236097,78.42079450711121,89.49777169333974,4,12,0.0,0.0,472.01,470.5,464.1,461.99,460.2,462.70855967090176,455.3316638120516,7.376895858850162,1,477.4056,461.2544,0.31393407599649426,38.6701032318396,6.198035704344376,74.3224199824258,167.96298649565074,1495356.7609496634,0.3243124578627825,-0.17086929452372143,0.02228272707471124,0.042422761699575595,0.10560659599528854,2.8868097165746938,0,1,1,0,0,0
70375285.0,471.856,470.98,471.97,472.98,469.8929,1702875600000,459240,2023-12-18,459.6875,442.8532,442.1674,,1,1,1,0,76.86002522068091,7.569263485302144,6.860904290354111,0.7083591949480335,472.50945300831154,446.86554699168846,469.33,3.650000000000034,4.100657142857139,558636302.0,0.0,0.0,,0.0056092784916128,0.0216021991818005,0.0069126943411403,73486957.5,0.957656805971318,4056874224561.8687,9179470732.0,441.9507772293934,91.3683178028446,87.11786823606337,0,12,0.0,0.0,469.33,472.01,470.5,464.1,461.99,464.1333966446092,456.56413315930706,7.5692634853021445,1,480.1713142857143,463.76868571428577,0.31010333535923845,40.69034230738464,6.103028781780164,74.13930163385598,166.73232703071227,1891220.5506072692,0.04813755610326773,0.48078058720982547,0.03345814447437001,0.04698418332261145,0.09878009032918933,3.1249997274202914,0,1,0,0,0,0
55261805.0,473.9772,472.53,474.84,474.92,472.45,1702962000000,416102,2023-12-19,460.7165000000001,443.70420000000007,442.3466,,1,1,1,0,79.51561132185576,7.862665318159941,7.061256495915277,0.8014088222446638,474.9319508601689,446.5010491398313,471.97,2.9499999999999886,4.017085714285709,613898107.0,0.0,0.0,,0.006062480941791,0.0231415643180348,0.0069606992007017,72769316.1,0.7594108061158487,4083114740048.069,9234732537.0,442.147590489341,99.62928637627414,89.80613289540999,1,12,0.0,0.0,471.97,469.33,472.01,470.5,464.1,465.7805663915924,457.91790107343246,7.862665318159941,1,482.8741714285714,466.80582857142855,0.3188096480088635,41.341270849987126,6.2299961581548855,73.84614223753535,161.5707017295662,2227261.7827830417,-0.32469660487930696,0.8400545575316768,0.03994743758212871,0.04530445119535065,0.09842929514908971,3.324598636544381,0,1,0,0,0,0
102920959.0,471.6749,473.96,468.26,475.895,467.82,1703048400000,666863,2023-12-20,461.466,444.3786,442.45129999999995,,1,1,1,0,65.18177163338453,7.478035240562406,7.144612244844703,0.3334229957177026,475.6088388425484,447.3231611574517,474.84,8.074999999999989,4.349585714285707,510977148.0,0.0,0.0,,-0.0139542079759864,-0.0047608926673751,0.0086757076974702,75453132.1,1.3640382597185785,4131308508309.4087,9337653496.0,442.43540522028906,64.62821403752606,85.20860607221493,2,12,0.0,0.0,474.84,471.97,469.33,472.01,470.5,466.1620177159628,458.6839824754004,7.478035240562406,1,476.9591714285714,459.5608285714286,0.23995025240390028,38.18097617865412,11.944815760459207,71.70633576741906,104.829370301026,801055.2495929124,-1.278965017858437,2.2595921034869937,0.029685988213563164,0.033070796655415124,0.07759930040962848,-0.5487606712656585,0,1,0,0,0,0
86136465.0,471.2265,471.33,472.7,472.975,468.84,1703134800000,600896,2023-12-21,462.35,445.1062,442.6135,,1,1,1,0,66.66666666666661,7.445655148535138,7.20482082558279,0.2408343229523479,476.9975591643681,447.70244083563193,468.26,4.715000000000032,4.365657142857141,597113613.0,0.0,0.0,,0.0094372405898439,0.0014618334357323,0.0097978859422652,76787626.7,1.121749280473595,4172025215314.9087,9423789961.0,442.71203333061095,85.19805420430856,83.15185153936959,3,12,0.0,0.0,468.26,474.84,471.97,469.33,472.01,467.16786114427623,459.7222059957411,7.445655148535138,1,481.4313142857143,463.9686857142857,0.2879743589240044,33.31195433950196,11.90084294102334,69.18890761048502,99.01587649609637,1617793.6099055614,-1.2447703125358238,2.0338688055397296,0.03157802850097102,0.03885543492593735,0.08337917125045835,0.14919871004410104,0,1,0,0,0,0
67160419.0,473.7998,473.86,473.65,475.38,471.7,1703221200000,486178,2023-12-22,463.2675,445.90600000000006,442.8486999999999,,1,1,1,0,71.55566853075749,7.411218835425018,7.246100427551236,0.1651184078737815,478.3481154767594,448.1868845232407,472.7,3.680000000000007,4.287042857142852,664274032.0,0.0,0.0,,0.0020077145223528,0.0092046108282017,0.0092092307337442,78662278.9,0.8537817609553134,4203835747774.259,9490950380.0,442.9309583825112,89.59925874449846,79.80850899544436,4,12,0.0,0.0,472.7,468.26,474.84,471.97,469.33,468.16511327592605,460.753894440501,7.411218835425018,1,482.2240857142857,465.07591428571425,0.27460215424174583,37.92990838874462,10.752833286555656,67.71367795231397,105.69706012696108,1752768.0081496942,-1.1374876080315626,1.8293889057467172,0.029226423294219872,0.04030309685921374,0.0922150993866162,0.9994972543691323,0,1,1,0,0,0
55386952.0,475.1113,474.07,475.65,476.58,473.99,1703566800000,348986,2023-12-26,464.3259999999999,446.789,443.1168,,1,1,1,0,73.09090909090904,7.459324643268417,7.288745270694672,0.1705793725737443,479.7768816304401,448.87511836955974,473.65,2.930000000000007,4.3020428571428555,719660984.0,0.0,0.0,,0.0042136373309225,0.0077971057482466,0.0090864724021619,78910977.25,0.701891598991698,4230180551493.0586,9546337332.0,443.1207911869187,95.82397844634032,90.20709713171578,1,12,0.0,0.0,473.65,472.7,468.26,474.84,471.97,469.31663431039897,461.85730966713055,7.459324643268417,1,484.2540857142857,467.0459142857143,0.2974455615718271,39.79006650664474,10.715341214852144,67.2326835469806,108.60194414642221,1986640.9185265526,-1.1507231031195717,1.842845725414308,0.029567739561462192,0.046580707621897366,0.10231749710312865,0.8580994716273787,0,1,0,0,0,0
67999311.0,475.7704,475.44,476.51,476.66,474.89,1703653200000,425536,2023-12-27,465.405,447.5984,443.4138,,1,1,1,0,77.00521480009934,7.480611818721002,7.327118580299939,0.1534932384210625,481.10512738801754,449.7048726119825,475.65,1.7700000000000389,4.104900000000002,787660295.0,0.0,0.0,,0.0018064195804468,0.0035169741386573,0.0087516439889316,79206752.25,0.8585039667498802,4262582903177.669,9614336643.0,443.3569430170897,99.263622974963,94.89562005526729,2,12,0.0,0.0,475.65,473.65,472.7,468.26,474.84,470.423305954953,462.942694136232,7.480611818721002,1,484.7198,468.30019999999996,0.3307112237787195,39.66513886893633,11.2299586189275,66.64107653686501,102.28166308741616,2109587.218242726,-1.0261266984831225,1.6494165555704023,0.026739926739926645,0.04743586925461063,0.09281258600128428,0.40186393830301004,0,1,0,0,0,0
77158116.0,476.7747,476.88,476.69,477.55,476.26,1703739600000,374240,2023-12-28,466.509,448.4118,443.6735999999999,,1,1,1,0,74.95943753380206,7.426399642010381,7.346974792642028,0.0794248493683529,482.1179675979439,450.9000324020561,476.51,1.2900000000000205,3.901328571428576,864818411.0,0.0,0.0,,0.0003776752038177,0.0180028189467389,0.003556004073105,79907608.45,0.96559160631468,4299363405493.709,9691494759.0,443.6223216755194,95.77187807276296,96.95315983135544,3,12,0.0,0.0,476.51,475.65,473.65,472.7,468.26,471.38741273111407,463.9610130891037,7.426399642010381,1,484.4926571428571,468.88734285714287,0.34336277454733827,43.25449571331849,11.815938158096998,65.63399194239027,99.8283899137196,2138733.4289833126,-1.4574869066761376,2.411613829777038,0.013156216790648267,0.04856910318734742,0.09327553781936615,5.06263996053857,0,1,0,0,0,0
122133149.0,475.3637,476.49,475.31,477.03,473.3,1703826000000,604831,2023-12-29,467.4545,449.31380000000007,443.9392,,1,1,1,0,70.76119813135479,7.189208909350953,7.315421615983813,-0.1262127066328604,482.77339576204497,452.135604237955,476.69,3.729999999999962,3.915257142857143,742685262.0,0.0,0.0,,-0.0028991616945184,0.005521472392638,0.0026235830068927,82026630.9,1.4889450860037698,4357414512544.8984,9813627908.0,444.01668306506355,87.61061946902649,94.21537350558415,4,12,0.0,0.0,476.69,476.51,475.65,473.65,472.7,471.99088769555806,464.8016787862071,7.189208909350953,1,483.1405142857143,467.4794857142857,0.30190128884146594,39.73466438261044,17.17402250223037,63.2627424591952,78.53057888697342,1785162.4591286916,-1.100433603192028,1.3892646280281196,0.006991377301328372,0.041432953549517926,0.10483252365124018,2.104546085514024,0,1,1,0,0,0
122985393.0,472.5097,472.16,472.65,473.67,470.49,1704171600000,657584,2024-01-02,468.13199999999995,450.2382,444.2082,,1,1,1,0,64.30488459473963,6.709253675394393,7.19418802786593,-0.4849343524715364,483.0894211118015,453.1745788881984,475.31,4.819999999999993,4.066685714285716,619699869.0,0.0,0.0,,-0.005612065870819,-0.0021112635912593,0.0038783881665763,83726730.55,1.4688904271325331,4415543558546.349,9936613301.0,444.37107742755546,71.09144542772839,84.82464765650595,1,1,0.0,0.0,475.31,476.69,476.51,475.65,473.65,472.09228958854914,465.38303591315474,6.709253675394393,1,480.7833714285714,464.51662857142856,0.28197957444615906,35.75217445660348,21.47009849693843,60.139856663106336,45.76890429192329,1096893.4444224976,-1.1047061455855258,1.4179122364305528,0.007073913877229332,0.02951426704421678,0.10838824660553903,-0.5443648384155054,0,1,0,0,0,0
103577866.0,469.8983,470.43,468.79,471.19,468.17,1704258000000,656569,2024-01-03,468.737,451.19019999999995,444.4369999999999,,1,1,1,0,56.01127915918996,5.948841413173227,6.945118704927389,-0.9962772917541622,482.69094092607526,454.7830590739247,472.65,4.479999999999961,4.129542857142858,516122003.0,0.0,0.0,,-0.008200249894121,-0.0144223693892566,0.0041334410899789,85284079.45,1.214504121613052,4464099826348.488,10040191167.0,444.62299094673085,34.772896500372404,64.49165379904242,2,1,0.0,0.0,472.65,475.31,476.69,476.51,475.65,471.58424503646467,465.63540362329144,5.948841413173227,1,477.04908571428575,460.5309142857143,0.24175468901682934,31.696694197957527,25.15619161838101,55.78733727904334,10.579885389699527,251002.0601846982,-0.555165263280965,-0.10873852975906015,-0.0067377163802784246,0.026494996606012844,0.11301312946651154,-3.489183511623509,0,1,0,0,0,0
84202339.0,468.5539,468.3,467.28,470.96,467.05,1704344400000,536469,2024-01-04,469.271,452.12659999999994,444.6533,,0,1,1,0,45.281359906213325,5.164827915271474,6.5890605469962065,-1.424232631724733,482.0360607024339,456.50593929756616,468.79,3.909999999999968,3.933121428571427,431919664.0,0.0,0.0,,-0.0032262572452182,-0.0193700027281694,0.0032084540292748,86004522.95,0.9790454747240708,4503445895316.408,10124393506.0,444.8114242742086,2.1904761904758225,36.018272706192214,3,1,0.0,0.0,468.79,472.65,475.31,476.69,476.51,470.92205349239316,465.7572255771217,5.164827915271474,1,475.14624285714285,459.4137571428571,0.18549746026680222,21.366344793145732,28.446508311565157,51.228407858115865,-8.780823572191641,-20218.597017895372,-0.281837257459422,0.25621900865281333,-0.01592115238817282,0.023390275952693607,0.11135423108024534,-6.037157515693747,0,1,0,0,0,0
86118913.0,468.0779,467.49,467.92,470.44,466.43,1704430800000,562579,2024-01-05,469.929,453.01240000000007,444.8514,,0,1,1,0,43.849624060150425,4.542768019020571,6.1798020414010795,-1.6370340223805089,480.7538639714307,459.10413602856926,467.28,4.009999999999991,3.899549999999997,518038577.0,0.0,0.0,,0.0013686914027165,-0.0183977008118483,0.0035519254754846,86854234.35,0.9915338456955728,4543742657087.368,10210512419.0,445.006329812816,13.399280575539644,16.78755108879596,4,1,0.0,0.0,467.28,468.79,472.65,475.31,476.69,470.4601991089481,465.9174310899275,4.542768019020571,1,475.7191,460.1209,0.20283604983996914,16.10991744173601,29.82706795292728,47.594535268813175,-22.61170730331844,97732.31960598381,0.20656672513602384,0.20172230374193795,-0.000726092341861273,0.028938341102999532,0.10454878077567686,-5.179626977693972,0,1,1,0,0,0
74667074.0,471.969,468.43,474.6,474.75,468.3,1704690000000,523805,2024-01-08,470.74749999999995,454.1534,445.1685,,1,1,1,0,57.07382550335575,4.536507211199819,5.851143075360827,-1.3146358641610083,480.2415066967468,461.2534933032531,467.92,6.829999999999984,4.059999999999998,592705651.0,0.0,0.0,,0.0141750028668928,-0.0014937619658748,0.0088247550591966,87263815.75,0.8556475941174965,4579179650407.769,10285179493.0,445.2211702794605,73.47122302158284,29.686993262532777,0,1,0.0,0.0,467.92,467.28,468.79,472.65,475.31,471.0970915537253,466.5605843425255,4.536507211199819,1,482.72,466.48,0.22414289921174776,23.055946512481402,25.43983110038002,42.77620923090357,39.01116104744856,1163675.331915779,1.0223334062679514,2.1300531282710176,0.004019462661307482,0.03572441786875591,0.1366303436714167,-0.16926931831664999,0,1,0,0,0,0
65613439.0,473.5367,471.87,473.88,474.93,471.35,1704776400000,448471,2024-01-09,471.4315,455.38,445.5109,,1,1,1,0,52.703085196716614,4.422468034574479,5.565408067203558,-1.1429400326290793,479.6053022460709,463.2576977539291,474.6,3.579999999999984,4.054999999999994,527092212.0,0.0,0.0,,-0.0015182189151048,0.0026023484608062,0.0083876533978244,86406017.5,0.7593619159684104,4610272546881.089,10350792932.0,445.4028379437674,66.99640287769772,51.28896882494007,1,1,0.0,0.0,474.6,467.92,467.28,468.79,472.65,471.52523131469064,467.10276328011616,4.422468034574479,1,481.99,465.77,0.2089371494626926,19.385238678987996,25.471199572754763,38.46568467550139,49.24234963743373,1064135.3486035122,1.230549753014988,2.5392523172110546,0.00048559062598974023,0.029726205997392396,0.14866076839171005,0.3102590480062898,0,1,0,0,0,0
67300640.0,475.6819,474.16,476.56,477.4481,473.87,1704862800000,470044,2024-01-10,472.16,456.6976,445.9136,,1,1,1,0,52.44735344336941,4.496511778989657,5.351628809560778,-0.8551170305711215,479.3256754924526,464.99432450754733,473.88,3.5781000000000063,4.099864285714282,594392852.0,0.0,0.0,,0.0056395082338736,0.0165745856353591,0.0069511771535773,86526287.15,0.77780570756872,4642345339879.489,10418093572.0,445.6041124795043,91.0971223021582,77.18824940047959,2,1,0.0,0.0,473.88,474.6,467.92,467.28,468.79,472.2998111124305,467.80329933344086,4.496511778989657,1,484.7597285714286,468.3602714285714,0.19573127417594424,20.180284709741237,25.192471523414095,33.98275274682253,102.53236283455601,1444750.0932646098,1.1324746698593648,1.9483390047297513,0.0019131714495952412,0.03153747916621574,0.1604168695821564,2.3844251735948867,0,1,0,0,0,0
77910013.0,475.3154,477.59,476.35,478.12,472.26,1704949200000,576611,2024-01-11,472.7725,457.9128,446.3121,,1,1,1,0,64.05978449774071,4.486528823429012,5.178608812334425,-0.6920799889054132,479.0801757751322,466.4648242248678,476.56,5.860000000000014,3.941649999999998,516482839.0,0.0,0.0,,-0.0004407551676435,0.0194102037322376,0.0063873534752213,87005406.95,0.8954617388867923,4679457774572.039,10496003585.0,445.8323338665322,84.85885372112932,80.98412630032841,3,1,0.0,0.0,476.56,473.88,474.6,467.92,467.28,472.9229170951335,468.4363882717045,4.486528823429012,1,484.23330000000004,468.4667,0.17529444485657325,20.99030318684702,20.730984663650474,30.288531993069633,86.93511477341895,1410418.4189109106,1.2772705341941233,2.316245860830527,-0.00033577469517942493,0.02639517345399689,0.1462017854135087,3.0388444007509854,0,1,0,0,0,0
58026420.0,476.5875,477.84,476.68,478.6,475.23,1705035600000,470855,2024-01-12,473.08150000000006,459.0824,446.6855000000001,,1,1,1,0,58.06974858069749,4.4539036722242145,5.033667784312383,-0.5797641120881689,479.52447830771325,466.6385216922869,476.35,3.3700000000000045,3.8455785714285673,574509259.0,0.0,0.0,,0.0006925280698169,0.0187211489143444,0.0064596335928461,85245629.95,0.6806967117731998,4707117808457.639,10554030005.0,446.00193539601736,84.22350041084623,86.72649214471126,4,1,0.0,0.0,476.35,476.56,473.88,474.6,467.92,473.5009298497284,469.04702617750416,4.4539036722242145,1,484.37115714285716,468.98884285714286,0.12376848047021122,22.406251330859387,21.24889250897621,27.095305703784227,110.24103443525352,1450617.2613586832,1.2567721593658543,2.2633455454631908,-2.097799408418144e-05,0.013134962805525952,0.1398373983739838,2.8981705639422,0,1,1,0,0,0
84814870.0,474.9136,475.26,474.93,476.6098,473.06,1705381200000,592231,2024-01-16,473.2275000000001,460.1278,447.0533,,1,1,1,0,52.51374705420271,4.237984779716442,4.874531183393195,-0.6365464036767534,479.7005107694203,466.7544892305798,476.68,3.620000000000005,3.841292857142853,489694389.0,0.0,0.0,,-0.0036779814688094,0.0006953223767383,0.0034718086883463,83565155.05,1.0149549767394346,4747398934666.738,10638844875.0,446.2325553615837,69.84387838948224,79.64207750715259,1,1,0.0,0.0,476.68,476.35,476.56,473.88,474.6,473.720786795924,469.4828020162076,4.237984779716442,1,482.61258571428573,467.2474142857143,0.11252745967629138,17.959169249572113,25.307699597920454,24.320972251889735,49.91330082876839,1139242.7071504134,1.2626511152509603,2.1903983173543438,-0.0007994782352569452,0.00618630961208444,0.1236691430464203,0.2002761201419469,0,1,0,0,0,0
68843871.0,471.7731,471.82,472.29,472.79,469.87,1705467600000,520417,2024-01-17,473.3755,460.9584,447.3459,,0,1,1,0,43.5632183908047,3.809923142797686,4.661609575274094,-0.8516864324764075,479.6040369575493,467.1469630424507,474.93,5.060000000000002,3.9934357142857095,420850518.0,0.0,0.0,,-0.0055742210591485,-0.0033552798176753,0.004324876962003,79929664.95,0.8613056371882114,4779913206501.328,10707688746.0,446.4000887480903,48.151191454396105,67.4061900849082,2,1,0.0,0.0,474.93,476.68,476.35,476.56,473.88,473.5006657503973,469.6907426075996,3.809923142797686,1,480.27687142857144,464.3031285714286,0.1315266922863241,15.128577072887849,30.049313063751228,22.568049690141034,-46.01505425585924,756559.3234096534,1.2645009056741097,2.1973328179852394,-0.0007616629641382655,0.006306862974879257,0.09641099452131119,-0.7758075175498593,0,1,0,0,0,0
91856248.0,474.7458,474.01,476.49,477.06,472.42,1705554000000,558707,2024-01-18,473.60149999999993,461.7944,447.7419,,1,1,1,0,49.96603260869568,3.766172023926288,4.482522065004533,-0.7163500410782451,479.9423094286537,467.2606905713462,472.29,4.769999999999982,4.2077214285714195,512706766.0,0.0,0.0,,0.0088535328205259,-0.0001468860164511,0.005559992716189,81003713.1,1.1339757707971043,4823681790110.848,10799544994.0,446.6560204888987,82.66228430566959,66.88578471651597,3,1,0.0,0.0,472.29,474.93,476.68,476.35,476.56,473.96056332725925,470.19439130333296,3.7661720239262877,1,484.9054428571429,468.07455714285715,0.1575357348306326,21.470901281577465,28.518998231394573,19.584397306213624,57.560160143870746,1573422.3558685128,1.0193370190835132,0.4165437369200323,0.01642526504404951,0.00957687988643352,0.0961604821827049,-0.026418335376602167,0,1,0,0,0,0
110834483.0,479.9667,477.65,482.43,482.72,476.5374,1705640400000,608468,2024-01-19,473.98099999999994,462.7292,448.1665,,1,1,1,0,58.15340909090909,4.1628208963327324,4.418581831270173,-0.2557609349374408,481.44326972667574,466.51873027332414,476.49,6.230000000000018,4.560578571428563,623541249.0,0.0,0.0,,0.0123890960188695,0.012763724152409,0.0078227610284053,83782347.0,1.322885869979269,4877151669744.538,10910379477.0,447.0194350275336,98.2197667280539,76.34441416270653,4,1,0.0,0.0,476.49,472.29,474.93,476.68,476.35,475.263553584604,471.10073268827125,4.1628208963327324,1,491.5511571428571,473.3088428571429,0.18140719549192083,27.280529878370725,26.31245095369917,15.63571501317357,179.31899479655476,2955102.619924413,0.5055705889095641,-1.0497522903197256,0.03242167437082699,0.015984331564316445,0.1072781105832128,1.6316116253515003,0,1,1,0,0,0
75742531.0,483.6785,484.01,483.45,485.22,482.78,1705899600000,548088,2024-01-22,474.74050000000005,463.6596,448.5734,,1,1,1,0,61.68197474167621,4.5075136493994705,4.4363681948960325,0.071145454503438,482.8177754004501,466.66322459955006,482.43,2.7900000000000205,4.4934357142857095,699283780.0,0.0,0.0,,0.0021120643955134,0.0142023999328688,0.007764647430066,82423425.6,0.9189442254872746,4913769396356.488,10986122008.0,447.2706012893652,90.58009579563578,90.48738227645308,0,1,0.0,0.0,482.43,476.49,472.29,474.93,476.68,476.5230068792803,472.0154932298808,4.5075136493994705,1,492.4368714285714,474.46312857142857,0.2193144675501059,31.66221837384031,22.000346533753223,14.090092309196555,222.27666201059105,3115244.7786210044,0.47052992407742716,-1.0491914933784134,0.03318943409129771,0.03243924315551183,0.10647014395898657,1.8291083748105652,0,1,0,0,0,0
49699297.0,484.0582,484.01,484.86,485.105,482.89,1705986000000,388976,2024-01-23,475.34849999999994,464.6118,448.9304,,1,1,1,0,68.17505209883898,4.838683029729282,4.516831161862682,0.3218518678665996,484.5337130021417,466.16328699785817,483.45,2.215000000000032,4.307364285714284,748983077.0,0.0,0.0,,0.0029122925438548,0.0209083443875939,0.0068965724368825,80601567.2,0.6166045987254699,4937866597499.908,11035821305.0,447.43988336080696,98.08408728046828,95.62798326805266,1,1,0.0,0.0,483.45,482.43,476.49,472.29,474.93,477.80562120554487,472.9669381758156,4.838683029729282,1,493.47472857142856,476.24527142857147,0.20195543192217066,33.02997689454945,18.290933630561184,14.35869420491913,201.28288681220047,3260194.6364553273,0.5636004121801209,-0.20464627204419372,0.021618204804045416,0.02572456103236731,0.10888507718696405,3.0316964350019737,0,1,0,0,0,0
81725039.0,486.6439,487.81,485.39,488.77,484.8819,1706072400000,621289,2024-01-24,475.9355000000001,465.6428,449.2742,,1,1,1,0,77.42894910773288,5.085283734777079,4.630521676445562,0.454762058331517,486.1108478668056,465.76015213319454,484.86,3.909999999999968,4.2666499999999985,830708116.0,0.0,0.0,,0.0010925020411555,0.0277371953672531,0.0049066855767654,81329798.2,1.004859729259724,4977535114180.118,11117546344.0,447.7188545174297,84.87018800358102,91.17812369322836,2,1,0.0,0.0,484.86,483.45,482.43,476.49,472.29,478.9724487123841,473.88716497760703,5.085283734777079,1,493.9233,476.8567,0.16056735308419545,39.480790375942206,14.581530170946905,16.82671778228833,201.08474265565775,3349528.198040109,0.4663643312085228,-0.0038222252279958013,0.02428884949776311,0.024786234561384957,0.1188226074128711,5.652927705276156,0,1,0,0,0,0
72504989.0,486.9425,487.575,488.03,488.305,485.39,1706158800000,546402,2024-01-25,476.5545,466.5912,449.65100000000007,,1,1,1,0,83.051927365403,5.431135754574882,4.790644492071426,0.6404912625034562,488.07415181308505,465.034848186915,485.39,2.9150000000000205,4.195578571428574,903213105.0,0.0,0.0,,0.0054241878588808,0.0242187663959367,0.0045419431753224,82185700.05,0.8822093010814477,5012919723961.788,11190051333.0,447.98004716729463,96.68755595344668,93.213943745832,3,1,0.0,0.0,485.39,484.86,483.45,482.43,476.49,480.3659181412481,474.9347823866732,5.431135754574882,1,496.4211571428571,479.63884285714283,0.18518551067576544,40.14957922708605,12.921766278970296,19.476049346983164,173.63489261232843,3743877.4243529695,0.47932062623194693,0.04579539913469637,0.024068322981366297,0.02602754125932938,0.1076235219354984,5.332236036144865,0,1,0,0,0,0
76522309.0,487.6902,487.59,487.41,489.12,486.54,1706245200000,480274,2024-01-26,477.0995,467.5356,450.0132,,1,1,1,0,81.06471150781013,5.590750462341532,4.950665686125447,0.6400847762160851,489.5999058460422,464.59909415395776,488.03,2.579999999999984,4.093435714285716,826690796.0,0.0,0.0,,-0.0012712213636788,0.0103227411230644,0.0024535575805984,82611849.95,0.9262873189053916,5050217462591.479,11266573642.0,448.247854499887,91.78674351585023,91.11482915762598,4,1,0.0,0.0,488.03,485.39,484.86,483.45,482.43,481.4496230425945,475.858872580253,5.590750462341532,1,495.59687142857143,479.2231285714286,0.13497081388728255,42.5735628920565,12.162329581304895,21.311702892283883,147.7761162847159,3646662.4343318744,0.49994312962232895,-0.0523141600365058,0.023218221895664914,0.022874651109105804,0.10727185987868881,4.207237332564849,0,1,1,0,0,0
61322751.0,489.2436,487.73,491.27,491.415,487.17,1706504400000,447982,2024-01-29,477.8285,468.3864,450.4335,,1,1,1,0,79.19439579684773,5.960012692502403,5.152535087400839,0.807477605101564,491.8378371495013,463.8191628504987,487.41,4.2450000000000045,3.90879285714286,888013547.0,0.0,0.0,,0.0078882168131655,0.016175405936498,0.0035861577431625,81820081.7,0.749482886424446,5080343490475.248,11327896393.0,448.4807517850016,99.32699002088634,95.93376316339442,0,1,0.0,0.0,487.41,488.03,485.39,484.86,483.45,482.9604502668107,477.0004375743083,5.960012692502403,1,499.0875857142857,483.45241428571427,0.18690802098376572,40.902470795531954,12.73685152837894,24.71124725529793,144.51287536457966,4132302.48861881,0.09910929971975775,-0.7797892224506592,0.03060753545355377,0.030585915374771844,0.09480088249058438,4.510498976892126,0,1,0,0,0,0
57658386.0,490.8666,490.56,490.89,491.62,490.11,1706590800000,447675,2024-01-30,478.6075,469.2106,450.88020000000006,,1,1,1,0,80.14888337469002,6.151086944708254,5.352245458862322,0.7988414858459318,493.7166842059191,463.4983157940808,491.27,1.509999999999991,3.760935714285718,830355161.0,0.0,0.0,,-0.0007738047140204,0.0124365796312337,0.0040156190916223,78596343.55,0.7336013788392068,5108647415578.788,11385554779.0,448.6955194314637,96.64367816091944,95.91913723255202,1,1,0.0,0.0,491.27,487.41,488.03,485.39,484.86,484.1803809949937,478.02929405028544,6.151086944708254,1,498.41187142857143,483.36812857142854,0.18974814144919283,42.55798803060821,13.237587148100038,27.49567914855079,130.00977053562045,4087703.4154411256,0.13260979664241193,-0.42177592204609227,0.03360495230876115,0.03277860764553653,0.09164294609500079,3.097043912043522,0,1,0,0,0,0
126011061.0,485.8938,488.62,482.88,489.0813,482.86,1706677200000,780577,2024-01-31,479.119,469.8636,451.2605,,1,1,1,0,59.42158616577226,5.591716778263105,5.400139722742479,0.1915770555206259,494.07081861848167,464.1671813815184,490.89,8.029999999999973,4.078928571428572,704344100.0,0.0,0.0,,-0.0164518945294297,-0.0051710995282143,0.0094756206712556,78747626.95,1.6001886771776554,5169495636714.468,11511565840.0,449.069718973563,59.816091954022944,85.26225337860959,2,1,0.0,0.0,490.89,491.27,487.41,488.03,485.39,483.9803223803793,478.3886056021162,5.591716778263105,1,491.03785714285715,474.72214285714284,0.08189467689330197,34.83057525000775,24.90149723756216,27.893965098710417,61.38423430353218,2031542.974996227,-1.4146729509508367,3.262084107878342,0.02242266404116111,0.021643922564265283,0.07251849054927484,-0.545726158777048,0,1,0,1,0,0
91891637.0,486.5792,484.63,489.2,489.23,483.8,1706763600000,650358,2024-02-01,480.13949999999994,470.6318,451.6973,,1,1,1,0,66.20428751576296,5.59390007488571,5.438891793171126,0.1550082817145837,494.9079236054308,465.3710763945691,482.88,6.350000000000023,4.113928571428573,796235737.0,0.0,0.0,,0.0130032282335331,0.0023973936028522,0.0112142852048727,78163315.5,1.175636376376588,5214449025534.868,11603457477.0,449.3875240091827,88.87356321839073,81.77777777777771,3,2,0.0,0.0,482.88,490.89,491.27,487.41,488.03,484.7833497064748,479.18944963158907,5.59390007488571,1,497.42785714285714,480.97214285714284,0.17969151710775919,34.7924298923878,21.89426165085612,29.474813890889326,77.90585626331732,3234233.386361362,-1.1431085288281095,2.4992476810142583,0.02667422191441582,0.04353761812325341,0.08520597173850342,0.21378014035251305,0,1,0,0,0,0
99228192.0,493.0074,489.65,494.35,496.05,489.3,1706850000000,677113,2024-02-02,481.49299999999994,471.4336,452.1563,,1,1,1,0,69.86732628738484,5.94268869674238,5.539651173885377,0.4030375228570024,496.2609412384063,466.7250587615936,489.2,6.850000000000023,4.362500000000003,895463929.0,0.0,0.0,,0.0104723645301247,0.0142385260868673,0.0119610273641091,78914608.15,1.2574122120886435,5263502482250.068,11702685669.0,449.768765147038,93.50649350649356,80.73204955963575,4,2,0.0,0.0,489.2,482.88,490.89,491.27,487.41,486.25514205932484,480.31245336258246,5.94268869674238,1,503.07500000000005,485.625,0.25625702896917735,43.19066720537191,20.646745800958378,31.807917570099722,124.2994414187488,4278847.427244449,-1.268711534713293,2.846093134772331,0.024708247828700625,0.05793100496490333,0.08825342314973805,1.1904089631549977,0,1,1,0,0,0
75677102.0,492.9606,493.695,492.55,494.3778,490.23,1707109200000,537116,2024-02-05,482.7245,472.2192,452.6219,,1,1,1,0,69.7888589398024,6.004643443818168,5.632649627871936,0.3719938159462321,496.81919101246314,468.6298089875368,494.35,4.147799999999961,4.4002,819786827.0,0.0,0.0,,-0.0036477900414538,0.0026054918883711,0.0118529548464907,78392517.6,0.9653612910628092,5300777238840.168,11778362771.0,450.0436386533647,86.63101604278076,89.67035758922168,0,2,0.0,0.0,494.35,489.2,482.88,490.89,491.27,487.22358174250564,481.2189382986875,6.004643443818168,1,501.35040000000004,483.7496,0.27780012712567786,42.82061853636185,16.947281614318292,33.68688112596568,106.49434681894274,4003296.130389994,-0.963698897958212,1.6894425517816114,0.018823042713827842,0.052637202940673644,0.08665916561872611,0.2198177352346157,0,1,0,0,0,0
55918602.0,493.0319,493.52,493.98,494.32,492.05,1707195600000,456773,2024-02-06,483.6935,472.99839999999995,453.0966,,1,1,1,0,75.04040637266226,6.098828576782751,5.725885417654099,0.3729431591286518,498.0977103128498,469.28928968715024,492.55,2.269999999999982,4.200914285714284,875705429.0,0.0,0.0,,0.0028990522367016,0.0062946892379147,0.0118664974543039,77455094.0,0.7219486687344282,5328399909856.128,11834281373.0,450.2512439845238,91.23994921709694,90.45915292212376,1,2,0.0,0.0,492.55,494.35,489.2,482.88,490.89,488.2630307051971,482.16420212841433,6.098828576782751,1,502.38182857142857,485.57817142857147,0.26048802897831647,44.851970991884066,12.327248488028587,35.39084076542029,108.98517095214935,4165642.2898864984,-0.963179447065654,1.6890092621870048,0.018809553273109847,0.04083438685208596,0.08562260999516513,0.5304584573139639,0,1,0,0,0,0
70413706.0,497.1981,496.29,498.1,498.53,495.36,1707282000000,501856,2024-02-07,484.9045,473.8544,453.574,,1,1,1,0,74.99421697894988,6.431778996321555,5.86706413338759,0.5647148629339647,499.8953610405409,469.9136389594591,493.98,4.5499999999999545,4.1851999999999965,946119135.0,0.0,0.0,,0.008305829540848,0.0315192180251822,0.0066491830759912,77695107.35,0.9062823696581198,5363472976814.728,11904695079.0,450.5342590652278,98.04479688622558,91.97192071536776,2,2,0.0,0.0,493.98,492.55,494.35,489.2,482.88,489.7764105967052,483.34463160038365,6.431778996321555,1,506.47040000000004,489.7296,0.27524791145855115,44.9179762624558,12.373533947451994,38.44126632579043,139.22033189854037,4752922.075950711,-1.143607069254338,1.6488283348398005,0.026185129483508263,0.05110998565037561,0.09400395343729406,4.7403072320145565,0,1,0,0,0,0
52312096.0,498.0636,498.1,498.32,498.71,497.26,1707368400000,406774,2024-02-08,485.9925,474.7312,454.1235,,1,1,1,0,71.1810183950947,6.636890817939502,6.0210294702979725,0.6158613476415296,501.58006707662815,470.40493292337186,498.1,1.4499999999999886,3.843771428571423,998431231.0,0.0,0.0,,0.0004415808666524,0.0186426819296812,0.0057516791109225,76945680.15,0.6798574773531324,5389541140493.447,11957007175.0,450.74332243958423,97.55178907721287,95.6121783935118,3,2,0.0,0.0,498.1,493.98,492.55,494.35,489.2,491.09080896644286,484.45391814850336,6.636890817939502,1,506.0075428571428,490.63245714285716,0.2716124541536568,38.72442986822382,13.47263104438488,41.767799429933916,133.40536022950428,4776027.197653183,-0.9480375941246916,1.3690709329582924,0.021084769378931556,0.045660567399697705,0.09646189051223364,3.241253407503999,0,1,0,0,0,0
63579375.0,500.3249,498.84,501.2,501.65,498.49,1707454800000,467170,2024-02-09,487.235,475.6566,454.6992,,1,1,1,0,72.54254508509024,6.951700469430023,6.207163670124383,0.7445367993056395,503.5318017527483,470.9381982472517,498.32,3.329999999999984,3.882342857142849,1062010606.0,0.0,0.0,,0.0057627820760231,0.0138565793466167,0.0046429194576696,76229148.25,0.8340559544425974,5421407123243.447,12020586550.0,451.0101982705201,97.60510910058548,97.73389835467464,4,2,0.0,0.0,498.32,498.1,493.98,492.55,494.35,492.6460691254517,485.69436865602165,6.951700469430023,1,508.9646857142857,493.4353142857143,0.28375924151623866,39.14922505571945,13.338779232470337,43.99416554977422,144.23974387825987,5143479.035829456,-1.2436088233725842,1.9813890011441384,0.028292402699985564,0.0521675238795003,0.10170795507001062,2.9844475288607244,0,1,1,0,0,0
56502283.0,501.5388,501.17,500.98,503.5,500.24,1707714000000,437189,2024-02-12,488.45,476.584,455.2819,,1,1,1,0,71.11052907281308,7.101574692456154,6.386045874590738,0.7155288178654162,505.0538980838507,471.8461019161492,501.2,3.259999999999991,3.956985714285703,1005508323.0,0.0,0.0,,-0.0004390428935598,0.0171150137041924,0.003653463008062,76152941.4,0.7419579856176113,5449713636980.787,12077088833.0,451.2439804276123,87.79069767441868,94.31586528407236,0,2,0.0,0.0,501.2,498.32,498.1,493.98,492.55,493.92821233692064,486.8266376444645,7.101574692456154,1,508.89397142857143,493.0660285714286,0.26910074903513426,41.75021389987513,13.087162303721996,45.67629529942476,139.14806079213957,5118677.554863774,-0.9762149296899417,1.6880364375214347,0.019765098621939092,0.05097759503230681,0.10199951606871815,4.684587423097216,0,1,0,0,0,0
113099199.0,494.284,494.53,494.08,497.09,490.715,1707800400000,779480,2024-02-13,489.4075,477.3375999999999,455.8363000000001,,1,1,1,0,59.7530864197531,6.587640540212192,6.426364807715029,0.1612757324971632,504.9000800576295,473.9149199423704,500.98,10.265000000000043,4.41091428571428,892409124.0,0.0,0.0,,-0.0138687327319967,0.0002024373456415,0.0085865849878781,77567157.85,1.4580809989030687,5505593689222.707,12190188032.0,451.64140821865766,54.36046511627896,79.91875729709439,1,2,0.0,0.0,500.98,501.2,498.32,498.1,493.98,493.9515642850867,487.3639237448745,6.587640540212192,1,502.90182857142855,485.2581714285714,0.26532487083190276,31.518732748714502,27.164760136032015,42.916497322769736,53.89889437026671,3560961.731677216,-0.6981606975570205,-0.36435620623572973,0.006498400863737208,0.04032173162360775,0.0825591586327783,0.02357597463572995,0,1,0,0,0,0
68360627.0,496.7196,496.79,498.57,499.07,494.4,1707886800000,536840,2024-02-14,490.7215,478.1269999999999,456.50810000000007,,1,1,1,0,61.357758620689694,6.4680893891354,6.434709723999103,0.0333796651362972,504.4596976524141,476.98330234758595,494.08,4.990000000000009,4.559128571428565,960769751.0,0.0,0.0,,0.0090465534111849,0.0009435856253763,0.0087692842197384,77542995.65,0.8815835192717371,5539676247026.097,12258548659.0,451.9031086897036,76.11434108527126,72.75516795865632,2,2,0.0,0.0,494.08,500.98,501.2,498.32,498.1,494.6620928566118,488.1940034674764,6.4680893891354,1,507.68825714285714,489.45174285714285,0.270859471886248,33.59617595568145,26.281651564634675,40.12446721535548,84.38668296013664,4182195.57079234,-1.0015728024577226,1.0721878083816259,0.03249254473161023,0.05564377818713062,0.08597255499891077,0.10760109100370092,0,1,0,0,0,0
61682960.0,500.7639,499.29,502.01,502.2,498.795,1707973200000,516093,2024-02-15,491.99750000000006,479.0334,457.22399999999993,,1,1,1,0,64.83136936204792,6.57512949140704,6.462793677480691,0.1123358139263492,504.8843515202595,479.11064847974063,498.57,3.629999999999995,4.634128571428566,1022452711.0,0.0,0.0,,0.0068760390045057,0.0074048803981376,0.0092733274976757,76034331.25,0.8112514305832078,5570641709775.696,12320231619.0,452.1539758379843,92.78100775193792,74.41860465116274,3,2,0.0,0.0,498.57,494.08,500.98,501.2,498.32,495.7925401094408,489.21741061803374,6.57512949140704,1,511.2782571428571,492.74174285714287,0.26670589302675723,36.620693051148464,25.85630215175981,37.38656859612996,118.6223268574709,4607791.540064456,-1.275993671310045,1.7349147618785616,0.026185609157808765,0.0535583118218641,0.09923580546979349,0.7985129841325826,0,1,0,0,0,0
75532928.0,500.9231,501.7,499.51,502.87,498.75,1708059600000,532752,2024-02-16,492.8515,479.8916,457.8968,,1,1,1,0,58.608441287087345,6.384632369353142,6.447161415855182,-0.06252904650204,505.32590541774493,480.3770945822551,502.01,4.1200000000000045,4.625199999999994,946919783.0,0.0,0.0,,-0.004992421903817,-0.0033719074221867,0.0092776233550377,74269253.5,1.0170147731456598,5608371162640.977,12395764547.0,452.44253723731015,80.66860465116274,83.18798449612399,4,2,0.0,0.0,502.01,498.57,494.08,500.98,501.2,496.36445701568067,489.97982464632753,6.384632369353142,1,508.7604,490.2596,0.1733373810265972,34.18184232431938,25.906215634550836,34.619655966788756,101.9387655163541,4231639.033142286,-0.9239983568901509,0.6562246829099324,0.010437948821685028,0.03540410007669492,0.09397722295225575,-0.3634447809209635,0,1,1,0,0,0
71736740.0,496.4411,497.72,496.76,498.41,494.45,1708405200000,595486,2024-02-20,493.517,480.7316,458.6056,,1,1,1,0,55.84312164045392,5.943249924788347,6.346379117641815,-0.4031291928534681,505.2793987886444,481.7546012113556,499.51,5.060000000000002,4.878771428571424,875183043.0,0.0,0.0,,-0.0055206058283984,-0.0084234899596791,0.0095203945423508,74068963.95,0.968512804478076,5644007105603.377,12467501287.0,452.6975354306516,67.34496124031001,80.2648578811369,1,2,0.0,0.0,499.51,502.01,498.57,494.08,500.98,496.425309782499,490.4820598577107,5.943249924788347,1,506.5175428571428,487.00245714285717,0.2049273325733785,32.1051259930626,30.85525043909553,31.007905227885676,46.158439768117525,3836699.922814168,-0.8325954332861767,0.19785988944157243,0.00854735559841635,0.027531285551763318,0.09235640777552989,-0.8847827760057717,0,1,0,0,0,0
59443671.0,495.8288,495.42,497.21,497.37,493.56,1708491600000,499404,2024-02-21,494.1345,481.5112,459.3172,,1,1,1,0,66.79165690180452,5.565605560245729,6.190224406162598,-0.6246188459168698,505.262937682941,483.006062317059,496.76,3.8100000000000023,4.577342857142854,934626714.0,0.0,0.0,,0.0009054599852001,0.0063350064766838,0.0066589292807246,74556182.65,0.797300356417859,5673563093261.287,12526944958.0,452.90875886207334,68.0710659898476,72.02821062710679,2,2,0.0,0.0,496.76,499.51,502.01,498.57,494.08,496.54603135442227,490.98042579417654,5.565605560245729,1,506.3646857142857,488.05531428571425,0.21414807559713883,34.2193224961739,22.96247978818621,31.226717128600363,33.40172171984775,3890548.163312599,-0.7449397053360962,0.14716572663230615,0.00653872626422114,0.02547127005733607,0.08506645134539426,0.9513536930756409,0,1,0,0,0,0
76402535.0,505.832,504.01,507.5,508.49,503.02,1708578000000,613961,2024-02-22,495.2399999999999,482.4572,460.107,,1,1,1,0,69.61835334476844,6.0271593423249215,6.157611393395063,-0.1304520510701419,507.0808552322676,483.3991447677323,497.21,11.28000000000003,4.929485714285712,1011029249.0,0.0,0.0,,0.0204842388509105,0.0179112261066651,0.0107246612232871,74290057.45,1.0284355352857515,5712337379773.787,12603347493.0,453.23969548141594,94.84106305367374,76.75236342794379,3,2,0.0,0.0,497.21,496.76,499.51,502.01,498.57,498.2312572998958,492.20409795757087,6.0271593423249215,1,517.3589714285714,497.6410285714286,0.2883516994635393,47.672315853338546,21.322131543522108,32.329453810139746,163.5502632654509,5471735.358159855,0.3946411521754818,0.9673915708304699,0.018871712507528615,0.04555100022662195,0.10278139939156894,1.6700955892963334,0,1,0,0,0,0
61321818.0,508.4383,509.27,507.85,510.13,507.1,1708664400000,489694,2024-02-23,496.2310000000001,483.3743999999999,460.9107,,1,1,1,0,66.13288718929253,6.348010204725142,6.19569115566108,0.1523190490640624,508.8247677151478,483.6372322848523,507.5,3.0299999999999727,4.656628571428565,1072351067.0,0.0,0.0,,0.0006894174695677,0.0116332343977212,0.0106012461500254,73730898.9,0.8316976859751807,5743479665045.087,12664669311.0,453.5041163732986,88.54271356783931,83.81828087045356,4,2,0.0,0.0,507.5,497.21,496.76,499.51,502.01,499.7110638691426,493.36305366441746,6.348010204725142,1,517.1632571428571,498.5367428571429,0.22964863217364706,42.52003288054518,22.571510960938785,31.996045277008506,170.27172498503603,5514026.267125374,0.3854521428591646,0.969571878777793,0.019124257505217512,0.04061225744318997,0.09926621788350398,1.0973449026314988,0,1,1,0,0,0
50386738.0,507.0794,508.3,505.99,508.75,505.86,1708923600000,434429,2024-02-26,497.16,484.2122,461.6975,,1,1,1,0,66.03818615751788,6.378671020511888,6.232287128631242,0.1463838918806459,509.755165321409,484.564834678591,507.85,2.8899999999999864,4.56678571428571,1021964329.0,0.0,0.0,,-0.003669222139182,0.0129727132589938,0.0103876456016267,72424120.35,0.6957176387714318,5768974850605.707,12715056049.0,453.71210542633975,78.67628122585639,87.3533526157898,0,2,0.0,0.0,507.85,507.5,497.21,496.76,499.51,500.6770540431207,494.2983830226088,6.378671020511888,1,515.1235714285714,496.8564285714286,0.21933615842678258,43.35653397304199,24.955032450933842,30.828039583873593,135.30173720965422,5329484.90121024,0.7183724900752421,1.229534790362082,0.009557063048683201,0.03811985802507123,0.09026071967248428,1.2488586218590345,0,1,0,0,0,0
48826828.0,506.231,506.7,506.93,507.16,504.75,1709010000000,400259,2024-02-27,497.943,484.9408,462.5509,,1,1,1,0,65.63631972953391,6.404987374527025,6.2668271778103986,0.1381601967166261,510.9371721349851,484.948827865015,505.99,2.410000000000025,4.576785714285713,1070791157.0,0.0,0.0,,0.0018560207515768,0.0204726628553024,0.009429551131641,71799324.2,0.6800457879518593,5793726634523.747,12763882877.0,453.9156846200625,83.51789853206292,83.57896444191954,1,2,0.0,0.0,505.99,507.85,507.5,497.21,496.76,501.63904572879443,495.2340583542674,6.404987374527025,1,516.0835714285714,497.7764285714286,0.208970145658876,43.261802568355606,26.632852122257937,28.46442387248261,113.90272993967919,5420192.658912957,0.6298848197653556,1.148979902850371,0.011876721625613706,0.03187656482178847,0.0774282678002125,2.1711151313931407,0,1,0,0,0,0
56506634.0,506.0354,505.33,506.26,506.855,504.96,1709096400000,420488,2024-02-28,498.71150000000006,485.6258,463.3669,,1,1,1,0,60.74815595363535,6.29916699804852,6.273295141858023,0.0258718561904967,511.7672207061821,485.655779293818,506.93,1.9700000000000273,4.3925000000000045,1014284523.0,0.0,0.0,,-0.001322555685826,0.0182015647312001,0.0096651866714802,71741736.6,0.7876396178566997,5822333683052.587,12820389511.0,454.1463953226208,80.0669585372135,80.75371276504427,2,2,0.0,0.0,506.93,505.99,507.85,507.5,497.21,502.34996177051835,496.0507947724698,6.29916699804852,1,515.045,497.47499999999997,0.22245861248251494,38.23075046130083,27.750223590901722,25.541507103774098,98.38879783008113,5345508.88643944,1.4118585978758833,2.1495445101247603,0.02465187823834203,0.03131047688891608,0.07256202199105943,1.8832068658166867,0,1,0,0,0,0
83271045.0,507.9429,508.07,508.08,509.74,505.35,1709182800000,547843,2024-02-29,499.9715,486.4008,464.2027000000001,,1,1,1,0,62.335692618806846,6.2896591019693915,6.2765679338802975,0.0130911680890939,511.3503969495908,488.5926030504092,506.26,4.389999999999986,4.6025000000000045,1097555568.0,0.0,0.0,,0.0035885441826403,0.0011428571428571,0.0028173204120764,69604735.8,1.1963416575456638,5864642035596.187,12903660556.0,454.49444443648355,89.4411537471027,84.34200360545971,3,2,0.0,0.0,506.26,506.93,505.99,507.85,507.5,503.23150611351554,496.94184701154614,6.2896591019693915,1,517.285,498.875,0.3338051210095554,40.68441064007383,26.484053693414502,23.596049060768056,110.0092570708784,5644867.520145436,1.7796552692292082,3.950027591189639,0.01907455322221563,0.05218687872763428,0.08256450685019079,0.40565250634369265,0,1,0,1,0,0
76692344.0,511.2406,508.98,512.85,513.29,508.56,1709269200000,544942,2024-03-01,501.1540000000001,487.2184,465.0358,,1,1,1,0,64.05307599517492,6.591045689349357,6.33946348497411,0.2515822043752473,512.7333925847391,489.574607415261,508.08,5.2099999999999795,4.736785714285718,1174247912.0,0.0,0.0,,0.0093444892587007,0.0098454267992518,0.0049914166749018,68844771.15,1.1139893810221488,5903973704216.587,12980352900.0,454.8392289254776,98.0509413067555,89.1863511970239,4,3,0.0,0.0,508.08,506.26,506.93,505.99,507.85,504.7112744037439,498.12022871439456,6.591045689349357,1,522.3235714285714,503.37642857142856,0.3168258670766152,40.450878377372966,25.733242852185356,21.672007776161326,147.18041338371145,6364877.126664109,1.6014560682738443,2.8816103534726705,0.02159319535467419,0.04834423548650868,0.08661567472508835,1.9724674808421374,0,1,1,0,0,0
49799257.0,512.7191,512.03,512.3,514.2,512.0,1709528400000,466601,2024-03-04,502.0515,487.96759999999995,465.8359,,1,1,1,0,63.54715174724735,6.708188506363854,6.413208489252059,0.2949800171117944,514.1799342287879,489.9230657712121,512.85,2.2000000000000455,4.661071428571437,1124448655.0,0.0,0.0,,-0.0010730138082634,0.0124706021858138,0.00435381331323,66373324.4,0.7502902325621646,5929485863577.687,13030152157.0,455.0588352410202,91.90972961464728,93.13394155616852,0,3,0.0,0.0,512.85,508.08,506.26,506.93,505.99,505.8787706493218,499.1705821429579,6.708188506363854,1,521.6221428571429,502.9778571428571,0.2642415938966227,39.66745842622521,26.15125277355743,19.405316190452854,141.9129023731518,6311470.494412957,1.7166691558429203,3.3626951975527013,0.02560509299113134,0.03631030646303213,0.078889731277904,2.8642876131236825,0,1,0,0,0,0
72820623.0,507.9576,510.24,507.18,510.7,504.91,1709614800000,593891,2024-03-05,502.783,488.746,466.5623000000001,,1,1,1,0,66.37499999999997,6.315087425604702,6.3935842765225885,-0.0784968509178867,514.2449831112261,491.3210168887739,512.3,7.3899999999999295,4.4557142857142855,1051628032.0,0.0,0.0,,-0.0100444207762652,0.0004931647367487,0.0071403678380134,66230500.45,1.099502834875529,5966419027150.826,13102972780.0,455.34850200236974,65.98837209302314,85.31634767147533,1,3,0.0,0.0,512.3,512.85,508.08,506.26,506.93,506.07895978019536,499.76387235459066,6.315087425604702,1,516.0914285714285,498.2685714285714,0.24616332795498308,41.49567168299211,23.453029813489408,20.859631788075973,66.52397177601438,5583690.697887487,1.1725627827709728,2.5919152418277105,0.020975923987438527,0.029702568267180984,0.08311621748601206,0.0690670364981566,0,1,0,0,0,0
68214867.0,509.9143,510.55,509.75,512.069,508.42,1709701200000,603736,2024-03-06,503.5715,489.487,467.2966,,1,1,1,0,64.67962184873946,6.140149685117024,6.342897358241476,-0.2027476731244526,514.646865314157,492.496134685843,507.18,4.888999999999953,4.448499999999996,1119842899.0,0.0,0.0,,0.0050544392856732,0.0068936909888199,0.0073882803800486,66845313.7,1.020488396630862,6001191555604.076,13171187647.0,455.6302526728458,78.43992248061998,78.77934139609681,2,3,0.0,0.0,507.18,512.3,512.85,508.08,506.26,506.64373519862687,500.50358551350985,6.140149685117024,1,518.6469999999999,500.853,0.20077268480696656,40.5818975833617,23.4910643999597,21.89236534892115,89.29041557069787,5929351.42620879,0.9728296825915649,2.123913151094538,0.025220731682789932,0.031924369407668296,0.07837952189549391,0.9330563140067802,0,1,0,0,0,0
58639485.0,514.2582,513.14,514.81,515.89,509.8053,1709787600000,526278,2024-03-07,504.407,490.3101999999999,468.1081,,1,1,1,0,66.12090680100748,6.3367637096908425,6.34167062853135,-0.0049069188405077,516.2396757217786,492.57432427822147,509.75,6.139999999999986,4.627785714285709,1178482384.0,0.0,0.0,,0.0098774910981687,0.0132459455203903,0.0083342911546951,66256602.65,0.885036096851549,6031379748876.926,13229827132.0,455.8925591921276,95.16345723242256,79.86391726868858,3,3,0.0,0.0,509.75,507.18,512.3,512.85,508.08,507.90008362960737,501.5633199199165,6.3367637096908425,1,524.0655714285714,505.5544285714285,0.19237815230357128,40.07624750496603,22.580993683714695,22.65613611541881,120.72945829132779,6511432.43474238,-0.3369368327671782,0.2604292261173618,0.014403940886699385,0.03354748042561728,0.08689960941623553,1.5893288800739152,0,1,0,0,0,0
86532535.0,514.0293,515.46,511.72,518.2201,511.13,1709874000000,737848,2024-03-08,505.07699999999994,491.0316,468.9103,,1,1,1,0,65.1526433358154,6.172096478690946,6.30775579856327,-0.1356593198723237,516.9757696842961,493.17823031570384,514.81,7.090100000000007,4.839935714285709,1091949849.0,0.0,0.0,,-0.0060203001038989,-0.0022033733060349,0.0080688418169111,67967624.6,1.2731434342344223,6075660177687.126,13316359667.0,456.25533776648825,73.6412261101943,82.41486860774563,4,3,0.0,0.0,514.81,509.75,507.18,512.3,512.85,508.48776307120625,502.3156665925153,6.172096478690946,1,521.3998714285715,502.0401285714286,0.116690608473879,40.76957928296436,21.591195865707913,23.86909487571964,112.66407750226368,5992045.606300833,-0.09334931105565188,-0.6960153879532227,0.007620360342620813,0.026890351581313254,0.07583307053505739,-0.2730714798128974,0,1,1,0,0,0
62557183.0,510.6619,510.48,511.28,511.88,508.5,1710129600000,573251,2024-03-11,505.581,491.727,469.6627,,1,1,1,0,69.11532385466032,5.937646693962336,6.233733977643084,-0.2960872836807482,517.641149078241,493.52085092175906,511.72,3.3799999999999955,4.719935714285709,1029392666.0,0.0,0.0,,-0.0008602151068079,-0.0019910208861994,0.00806523627555,67916515.0,0.921089413966544,6107644414211.366,13378916850.0,456.5126222614476,71.8569673277885,80.22055022346846,0,3,0.0,0.0,511.72,514.81,509.75,507.18,512.3,508.91733798332837,502.97969128936603,5.937646693962336,1,520.7198714285714,501.8401285714286,0.11300629640265256,41.806108127712776,19.61285792033897,26.308310519131616,67.13576267059422,5938256.111029975,-0.2218825971515014,-0.3375508491771925,0.01045475207019897,0.020111731843575287,0.07296803844620259,-0.2468642392527096,0,1,0,0,0,0
72869439.0,515.0759,513.45,516.78,517.38,510.86,1710216000000,602905,2024-03-12,506.371,492.5288,470.4703,,1,1,1,0,72.73994887287937,6.125041914542919,6.211995565023051,-0.0869536504801322,519.2071379664858,493.5348620335142,511.28,6.519999999999982,4.913507142857136,1102262105.0,0.0,0.0,,0.0106998666871109,0.0189281911747307,0.0071459989347084,68734872.8,1.0601523801757875,6145301882897.786,13451786289.0,456.83909563170926,90.52572022552464,78.67463788783583,1,3,0.0,0.0,511.28,511.72,514.81,509.75,507.18,510.1269782935855,504.0019363790426,6.125041914542919,1,526.6070142857143,506.9529857142857,0.1773544433633294,48.154576808221975,17.54638452639353,28.229815670098965,115.95851599267475,6722135.618344948,-0.27330073247326503,-0.9094417757311207,0.019430690627897373,0.03153818515709195,0.08410077828358054,2.64877798889893,0,1,0,0,0,0
55104088.0,516.3159,517.11,515.97,517.29,514.49,1710302400000,471659,2024-03-13,507.4655,493.342,471.3279,,1,1,1,0,62.62295081967219,6.137445099732361,6.197085471964914,-0.0596403722325531,519.6029071192684,495.3280928807316,516.78,2.7999999999999545,4.307792857142845,1047158017.0,0.0,0.0,,-0.0015686277726263,0.0122020598332517,0.0074511380862248,65835117.25,0.8370014408989299,6173733939183.146,13506890377.0,457.0803321019022,83.29559542987822,81.89276099439714,2,3,0.0,0.0,516.78,511.28,511.72,514.81,509.75,511.025904709957,504.88845961022463,6.137445099732361,1,524.5855857142857,507.3544142857143,0.1827743643063724,36.48719678514747,20.01356345559571,27.584439565383565,121.76156134738567,6635765.574457809,-0.26199495795760314,-0.9374957187852674,0.019179868051989235,0.044304566062176365,0.08554417117249802,1.6376080158452464,0,1,0,0,0,0
110149920.0,514.5295,516.97,514.95,517.125,511.82,1710388800000,729544,2024-03-14,508.2845,494.1880000000001,472.2131,,1,1,1,0,60.37405026300415,5.99585277929981,6.156838933431893,-0.1609861541320834,520.1008730743192,496.4681269256809,515.97,5.305000000000007,4.470292857142847,937008097.0,0.0,0.0,,-0.0019788156846999,0.0002719449894137,0.0062815732165961,67924581.9,1.6216503203827597,6230455640487.146,13617040297.0,457.54844698959965,75.72326857261672,83.18152807600654,3,3,0.0,0.0,515.97,516.78,511.28,511.72,514.81,511.62961167765593,505.6337588983561,5.99585277929981,1,523.8905857142857,506.00941428571434,0.15220271743960856,32.54037366798603,23.55230801057267,26.539919995856245,96.11771133030395,6418014.700569795,0.016420407842687886,-1.1187109811988962,0.01352149267831848,0.03285396233227034,0.08949539828625852,0.04329242804508496,0,1,0,0,0,0
107646297.0,509.9877,510.21,509.83,511.7,508.122,1710475200000,694373,2024-03-15,508.6755,495.0087999999999,473.0995,,1,1,1,0,55.12273212379934,5.408156770079984,6.007102500761512,-0.5989457306815282,520.1296492826569,497.22135071734306,514.95,6.828000000000031,4.751578571428565,829361800.0,0.0,0.0,1.594937,-0.0099924717546771,-0.0036934260923943,0.0073945000394583,70222748.75,1.532926279818974,6285336952086.656,13724686594.0,457.9585048473462,37.71315728910686,65.57734043053394,4,3,0.0,0.0,514.95,515.97,516.78,511.28,511.72,511.35274834263197,505.944591572552,5.408156770079984,1,519.3331571428571,500.3268428571429,0.10473325809167233,30.61403653363118,25.853062361853727,25.218048954315467,21.723648782911816,5347718.476392675,0.33101005685401846,-0.8042677419450658,-0.0058886614019694195,0.015577378936674657,0.0875445295334798,-0.49948219323330173,0,1,1,0,0,0
88493331.0,513.3036,514.0,512.86,515.48,512.44,1710734400000,568826,2024-03-18,509.343,495.9204,474.0235,,1,1,1,0,57.493050290624225,5.127789164337003,5.8312398334766105,-0.7034506691396079,520.0818210663299,498.60417893367,509.83,5.650000000000034,4.983007142857137,917855131.0,0.0,0.0,,0.0059255666249999,0.0030902832107653,0.0079674525246645,70870768.9,1.2486576958811575,6330721641823.316,13813179925.0,458.3102280717824,59.72907791827261,57.72183459333207,0,3,0.0,0.0,509.83,514.95,515.97,516.78,511.28,511.58463321299627,506.45684404865926,5.127789164337003,1,522.8260142857143,502.89398571428575,0.09222302219654199,34.61062668202224,23.06123238505415,24.949091823926064,72.95369546221481,5873648.2822691435,0.03670115579892925,-1.2992447492426717,0.001093109506148826,0.02672619166783452,0.09754322889916112,0.3878629113345504,0,1,0,0,0,0
60755263.0,513.9894,512.15,515.71,515.995,511.12,1710820800000,489558,2024-03-19,510.2904999999999,496.8761999999999,474.9443,,1,1,1,0,61.31736526946114,5.077042018363613,5.680400270454011,-0.6033582520903975,519.6041288930688,500.976871106931,512.86,4.875,5.190507142857135,978610394.0,0.0,0.0,,0.0055416885456417,-0.0020705135647662,0.0065419657635508,70321695.05,0.8639618677678618,6362053738505.047,13873935188.0,458.5615870548239,81.14138887010638,59.52787469249529,1,3,0.0,0.0,512.86,509.83,514.95,515.97,516.78,512.2193050263814,507.14226300801784,5.077042018363613,1,526.0910142857143,505.32898571428575,0.12258932120582562,33.22700368760747,23.955820443645695,24.972596513574764,80.17975481526196,6211269.659545593,-0.29492814519135985,-0.8933915506657429,0.016818486533380694,0.03814719381592724,0.10213284322106353,-0.3164966731155212,0,1,0,0,0,0
69594574.0,517.9114,515.77,520.48,520.62,515.08,1710907200000,566876,2024-03-20,511.454,497.7938,475.9736,,1,1,1,0,63.870246085011225,5.35993765022647,5.616307746408503,-0.2563700961820325,519.6320744098193,503.27592559018063,515.71,5.539999999999964,5.272649999999991,1048204968.0,0.0,0.0,,0.0092068707372656,0.0087408182646278,0.0077331501397732,70829240.2,0.9825684110613966,6398276322380.566,13943529762.0,458.8706325867106,99.10884786760036,79.99310488532646,2,3,0.0,0.0,515.71,512.86,509.83,514.95,515.97,513.4901811761689,508.13024352594243,5.35993765022647,1,531.0253,509.9347,0.12991803153318188,35.06653606886951,23.582611613896763,24.86111891352959,157.29183426539797,6854976.622722563,-0.3247525475641696,-1.1782674898268293,0.021049534085336052,0.046801150419339965,0.09667088074167718,1.130303537834683,0,1,0,0,0,0
60256112.0,522.8197,523.39,522.2,524.11,521.91,1710993600000,506364,2024-03-21,512.1890000000001,498.76019999999994,477.0701,,1,1,1,0,61.2244897959184,5.657705593706112,5.624587315868025,0.0331182778380867,521.4424167800427,502.9355832199575,520.48,3.629999999999995,5.159792857142849,1108461080.0,0.0,0.0,,0.0032991935399872,0.0140790367996892,0.0074536982410588,70021919.05,0.8605321421849834,6429742064066.967,14003785874.0,459.14312900232846,90.0520833333335,90.1007733570134,3,3,0.0,0.0,520.48,515.71,512.86,509.83,514.95,514.8301533029121,509.172447709206,5.657705593706112,1,532.5195857142858,511.8804142857143,0.06492447503273158,35.75046616825029,24.098420337458457,24.66338311083221,204.77293230238257,7054101.493303575,-0.25562346288505877,-0.7737623743171389,0.014354810512616556,0.028965517241379413,0.1019667426352664,1.8888634146068042,0,1,0,0,0,0
78920842.0,521.7698,522.11,521.21,522.605,520.97,1711080000000,467268,2024-03-22,512.857,499.6532,478.1754,,1,1,1,0,60.58446186742706,5.747549930122375,5.649179838718895,0.0983700914034795,522.7015733916237,503.0124266083762,522.2,1.634999999999991,5.119435714285702,1029540238.0,0.0,0.0,,-0.0018976247056877,0.0223211658788224,0.0041111895603535,70901870.25,1.1130995800495125,6470876396125.787,14082706716.0,459.4909577129752,84.89583333333344,91.3522548447558,4,3,0.0,0.0,522.2,520.48,515.71,512.86,509.83,515.8116681793872,510.0641182492648,5.747549930122375,1,531.4488714285715,510.9711285714286,0.04663895912050152,34.76262031742317,25.599919630428033,24.280807549031255,159.74229342176702,6904481.360059601,-0.3418148679049275,-0.11002441108123355,0.01854529820995854,0.0263069804076006,0.09369229477925134,5.429355970475712,0,1,1,0,0,0
48512108.0,520.3191,519.8,519.77,520.95,519.61,1711339200000,413060,2024-03-25,513.546,500.5216,479.2172,,1,1,1,0,66.3889612080187,5.63756985261233,5.6468578414975825,-0.0092879888852523,523.2953716936508,503.7966283063493,521.21,1.6000000000000227,4.70586428571428,981028130.0,0.0,0.0,,-0.0027666255230762,0.0134734625433841,0.0050446265147942,70808138.75,0.6851205081280293,6496091534500.947,14131218824.0,459.6978941029628,72.85464098073535,82.6008525491341,0,3,0.0,0.0,521.21,522.2,520.48,515.71,512.86,516.4206423056353,510.78307245302295,5.63756985261233,1,529.1817285714285,510.3582714285714,0.053004031717896215,37.81770768724481,19.15239495718074,24.63677275769345,121.40258521318584,6770452.01388435,-0.2526237176988022,-0.4230237452490166,0.016605382569238047,0.027233739797229095,0.09115146425947307,2.6708490302266625,0,1,0,0,0,0
65463744.0,519.9065,521.23,518.81,521.58,518.4,1711425600000,427328,2024-03-26,514.14,501.3642,480.2233,,1,1,1,0,62.30978260869555,5.4105761183510594,5.599601496868278,-0.1890253785172184,523.6364835597133,504.64351644028665,519.77,3.1800000000000637,4.58379285714286,915564386.0,0.0,0.0,,-0.0018486785291629,0.0060111302864009,0.0050779036208157,71639984.55,0.9137878017590948,6530054779525.587,14196682568.0,459.9704718512649,66.85013760320197,74.86687063909027,1,3,0.0,0.0,519.77,521.21,522.2,520.48,515.71,516.788235797076,511.37765967872497,5.4105761183510594,1,527.9775857142856,509.6424142857142,-0.009092690237084358,36.69154208902315,21.5479694729493,24.588788032637645,101.8265894972781,6649542.391859218,-0.14341914052904,0.04903869131512906,0.003928170594837299,0.023435188290296338,0.08838214315683457,1.1837795471273282,0,1,0,0,0,0
82999777.0,521.0339,521.71,523.17,523.21,519.485,1711512000000,518970,2024-03-27,514.9855,502.329,481.2284,,1,1,1,0,61.57894736842102,5.518879305259134,5.58345705854645,-0.0645777532873159,524.5388878807418,505.43211211925825,518.81,4.400000000000091,4.459507142857153,998564163.0,0.0,0.0,,0.0083687315423768,0.0051683061789116,0.0047507461738772,72964641.7,1.13753422296323,6573477772858.677,14279682345.0,460.3378152288077,94.12059044283178,77.9417896755897,2,3,0.0,0.0,518.81,519.77,521.21,522.2,520.48,517.770045674449,512.2511663691898,5.518879305259134,1,532.0890142857143,514.2509857142857,0.03232179972137263,34.204772783314496,22.148507759161646,24.122496640237852,127.8621371739116,7347059.840867534,-0.41193565369644836,-0.4173533531616143,0.013954299668585302,0.0334018093469759,0.10157286336933846,1.087891272410562,0,1,0,0,0,0
96294886.0,523.428,523.21,523.07,524.61,522.78,1711598400000,495562,2024-03-28,515.7349999999999,503.3446,482.15149999999994,,1,1,1,0,67.13983690727873,5.532861810041709,5.573338008845502,-0.0404761988037929,525.3590652314314,506.1109347685684,523.17,1.830000000000041,4.083785714285726,902269277.0,0.0,0.0,,-0.000191160728522,0.0016660283416316,0.0045877775673628,73615833.75,1.308073020364318,6623846738878.696,14375977231.0,460.7580154339141,90.659873847647,83.87686729789358,3,3,0.0,0.0,523.17,518.81,519.77,521.21,522.2,518.5854232629953,513.0525614529536,5.532861810041709,1,531.2375714285715,514.9024285714286,-0.02642390526266308,35.724905106304476,24.186241753242555,23.301475645039265,133.35854626527316,7328653.799619003,-0.5196135767741469,-0.12463362969537377,0.015768521215651976,0.029503227838135748,0.10751868555336763,0.3631441772682783,0,1,0,0,0,0
62477540.0,522.5635,523.83,522.16,524.38,520.97,1711944000000,449575,2024-04-01,516.2004999999999,504.258,483.0262,,1,1,1,0,66.20011911852285,5.408171615098809,5.540304730096164,-0.1321331149973552,526.132702755625,506.2682972443748,523.07,3.409999999999968,4.085928571428582,839791737.0,0.0,0.0,,-0.0017412439939945,0.0018226818364956,0.0045692653951212,72905093.55,0.8569708501526229,6656470011165.097,14438454771.0,461.0237117987712,85.14070839398323,89.97372422815401,0,4,0.0,0.0,523.07,523.17,518.81,519.77,521.21,519.1353581456113,513.7271865305125,5.408171615098809,1,530.3318571428572,513.9881428571427,-0.08243585353834168,35.706169250615076,22.740066076474907,22.305080703063204,101.89918693066656,7219959.817169227,0.31978859965230494,-1.7552171059212098,0.024184532098934897,0.018153456176269733,0.095846712417889,0.39889953633386843,0,1,0,0,0,0
74230308.0,518.5339,518.24,518.84,518.98,516.48,1712030400000,570884,2024-04-02,516.5274999999999,504.98620000000005,483.8577,,1,1,1,0,53.28025477707015,4.984004976723554,5.429044779421642,-0.4450398026980879,526.3490185341009,506.705981465899,522.16,5.67999999999995,4.0259285714285795,765561429.0,0.0,0.0,,-0.0063785038544895,-0.0017892529387997,0.00539827823697,74126646.1,1.0013984431436458,6694983664167.816,14512685079.0,461.31943384174474,65.00485201358575,80.268478085072,1,4,0.0,0.0,522.16,523.07,523.17,518.81,519.77,519.0899184309019,514.1059134541783,4.984004976723554,1,526.8918571428571,510.7881428571429,-0.012185710721902871,26.48013767427562,31.04518921437013,19.544266033412846,27.730877131791427,6747988.347581369,0.41841765618271465,-1.0033543993196734,0.011660102172132758,0.01276595744680864,0.0754720892150158,-0.3314482036261161,0,1,0,0,0,0
59155759.0,519.6382,517.72,519.41,520.95,517.665,1712116800000,486600,2024-04-03,517.1389999999999,505.7054,484.6825,,1,1,1,0,55.51989730423608,4.640352995355784,5.271306422608471,-0.6309534272526873,525.9844565203005,508.2935434796993,518.84,3.285000000000082,4.060571428571445,824717188.0,0.0,0.0,,0.0010980015550518,0.0011564927430081,0.0053555549075552,73443402.9,0.805460486090848,6725709756950.007,14571840838.0,461.5552579610194,68.46191169335246,72.86915736697382,2,4,0.0,0.0,518.84,522.16,523.07,523.17,518.81,519.1391617492246,514.4988087538688,4.640352995355784,1,527.5311428571429,511.28885714285707,0.0009170976708328264,29.719603147037727,30.780326479246206,17.586893384723947,41.15331972976128,6812977.135319392,0.7215040854757175,-0.15321097960531713,0.007174574857962579,0.024113726881974662,0.0743820457131037,0.21594225127896652,0,1,0,0,0,0
96583574.0,517.8667,523.52,513.07,523.8674,512.755,1712203200000,772266,2024-04-04,517.3050000000001,506.2696,485.4407,,0,1,1,0,47.42324561403509,3.8124734886391702,4.979539835814611,-1.1670663471754406,525.6786214890573,508.9313785109428,519.41,11.11239999999998,4.475385714285729,728133614.0,0.0,0.0,,-0.0122812639237995,-0.0193053883059042,0.0054723005971197,74861838.25,1.2901576591996122,6775263891262.187,14668424412.0,461.8944544391184,30.009704027171495,54.49215591136991,3,4,0.0,0.0,519.41,518.84,522.16,523.07,523.17,518.2054445570362,514.3929710683971,3.8124734886391707,1,522.0207714285715,504.1192285714286,-0.04760258081757866,26.96495433323143,31.50247224796207,16.996690845080856,-13.693660277951146,5634062.868824735,-0.2807540544448063,1.4998349496843986,-0.014236858284660259,0.0065129965669445955,0.058181743183599366,-3.5278312448247022,0,1,0,0,0,0
74546483.0,517.6386,514.46,518.43,520.44,514.01,1712289600000,669740,2024-04-05,517.486,506.9304,486.2866,,1,1,1,0,61.71023965141613,3.5479812997456293,4.693228128600815,-1.1452468288551856,525.7887412087119,509.1832587912881,513.07,7.3700000000000045,4.514100000000013,802680097.0,0.0,0.0,,0.0103927256302852,-0.0088707056416924,0.0084835488563393,75657188.15,0.9853192383016152,6813911024443.877,14742970895.0,462.18032125090735,54.18828762045916,50.88663444699438,4,4,0.0,0.0,513.07,519.41,518.84,522.16,523.07,518.2399915482614,514.6920102485158,3.5479812997456293,1,527.4582,509.4017999999999,-0.05363338558490075,26.73369473637621,25.380790977891238,16.579877254128636,2.6364174305745403,6412843.8322020415,0.1975825733271752,0.5959653930480785,-0.007219456147070313,0.007031720440550782,0.0680689754630297,-1.0456349501322557,0,1,1,0,0,0
48331202.0,518.8999,519.15,518.72,520.18,517.89,1712548800000,443839,2024-04-08,517.836,507.5442,487.06770000000006,,1,1,1,0,58.6227192466157,3.323459142638285,4.419274331408309,-1.0958151887700245,525.6935432078387,509.9784567921613,518.43,2.2899999999999636,4.274100000000009,851011299.0,0.0,0.0,,0.0005592248133013,-0.0065880189980082,0.0085484488050854,73747121.5,0.6553639113900873,6838981385545.317,14791302097.0,462.3650670303335,56.338028169014216,46.84533993888164,0,4,0.0,0.0,518.43,513.07,519.41,518.84,522.16,518.3138390023751,514.9903798597368,3.323459142638285,1,527.2682000000001,510.1718,-0.015133058012851051,21.917730379007462,26.805977527966345,15.866058415534253,24.625918475563793,6439879.398392274,0.05838629097120251,0.5740671420831822,-0.004777345024078561,0.013679355897756595,0.06288547835174074,-0.7706674557627917,0,1,0,0,0,0
68124385.0,517.7023,520.5,519.32,520.75,514.35,1712635200000,532493,2024-04-09,518.238,508.1824,487.859,,1,1,1,0,55.68862275449106,3.157540539290494,4.166927572984746,-1.009387033694252,525.4819988956305,510.99400110436966,518.72,6.399999999999977,4.383028571428578,919135684.0,0.0,0.0,,0.0011560249447415,0.0009251406984811,0.0080858194426765,74025481.6,0.9202829016110042,6874359741163.518,14859426482.0,462.62618207309606,55.37747785744449,55.30126454897263,1,4,0.0,0.0,518.72,518.43,513.07,519.41,518.84,518.4686330020097,515.3110924627192,3.157540539290494,1,528.0860571428572,510.5539428571429,-0.016877040578718708,21.373023215947693,29.757636593458024,15.879285243556454,0.09274248214311531,6518678.4248420065,-0.15939011005476766,0.6959535490166024,-0.0008657675510320706,0.01572523861680497,0.06546849674811761,0.11441506465598512,0,1,0,0,0,0
82652806.0,514.1656,513.48,514.12,516.16,512.09,1712721600000,753675,2024-04-10,518.105,508.6394,488.5129,,0,1,1,0,40.111940298507434,2.5767491487554253,3.848891888138882,-1.2721427393834568,525.5564159728132,510.6535840271869,519.32,7.230000000000018,4.503742857142868,836482878.0,0.0,0.0,,-0.0100635622501216,-0.0101846325638704,0.0092304384784507,74514649.95,1.1092155174245706,6916853201784.237,14942079288.0,462.9110225200832,16.214057507987025,42.64318784481525,2,4,0.0,0.0,519.32,518.72,518.43,513.07,519.41,517.7996125401621,515.2228633914067,2.5767491487554253,1,523.1274857142857,505.11251428571427,-0.056799290576069646,13.464991021203776,32.54435992403998,17.442695296475616,-94.08484092036984,5691068.1051932275,-0.052083818836234606,-0.44051629013379107,-0.00903991827451267,-0.005147258020821166,0.046512101288497254,-1.1033735346280658,0,1,0,0,0,0
69873607.0,516.4476,515.68,518.0,519.48,512.08,1712808000000,582631,2024-04-11,518.2065,509.18160000000006,489.1961,,0,1,1,0,43.8811188811188,2.4018641658716433,3.5594863436854345,-1.1576221778137912,525.5904634913777,510.82253650862225,514.12,7.399999999999977,4.773028571428581,906356485.0,0.0,0.0,,0.0075185410175518,0.0096088253064883,0.007892585093756,75253125.9,0.9285143462724914,6953047730210.237,15011952895.0,463.167435898768,47.24660814046266,39.61271450196474,3,4,0.0,0.0,514.12,519.32,518.72,518.43,513.07,517.8304413801371,515.4285772142655,2.4018641658716433,1,527.5460571428572,508.45394285714286,-0.03047861824584804,12.450914661483191,30.70826548721537,19.073641536230184,-38.44691708791555,6218395.567964559,-0.08747792361441796,-0.38766945552107096,-0.009882065103121285,0.003934337267670562,0.05522622176047598,1.2174481513805322,0,1,0,0,0,0
92561094.0,512.3197,514.37,510.85,515.815,509.08,1712894400000,769300,2024-04-12,518.0015,509.741,489.80230000000006,,0,1,1,0,37.203557312252926,1.6671039751123544,3.1810098699708185,-1.513905894858464,525.9706068640356,510.0323931359643,518.0,8.920000000000016,5.2933857142857255,813795391.0,0.0,0.0,,-0.0138992372220503,-0.0146210674536579,0.0087927942967156,74373684.6,1.2445409219378651,7000332565080.138,15104513989.0,463.4596366475739,11.397295556986704,24.952653735145475,4,4,0.0,0.0,518.0,514.12,519.32,518.72,518.43,516.7565273216545,515.0894233465422,1.6671039751123544,1,521.4367714285714,500.26322857142856,-0.07368944876815722,11.226948994131947,30.46929186147808,21.28574287682927,-137.72269721300296,4940766.567771511,0.030551967552726118,-1.0281536643876084,-0.023362073909801828,-0.007961938052238104,0.05792329357190207,-1.662844635256962,0,1,1,0,0,0
92043047.0,508.3139,515.13,504.45,515.3,503.58,1713153600000,841316,2024-04-15,517.7325,510.046,490.3389,,0,0,1,0,33.14260563380279,0.5618975125504448,2.657187398486744,-2.095289885936299,527.1029931623237,508.3620068376761,510.85,11.71999999999997,6.016242857142864,721752344.0,0.0,0.0,,-0.0126072781830444,-0.0275100246761259,0.0094292163232827,73593522.1,1.250694957566109,7046763680139.288,15196557036.0,463.70790853782233,4.136947218259645,20.92695030523635,0,4,0.0,0.0,510.85,518.0,514.12,519.32,518.72,514.8632154260154,514.3013179134649,0.5618975125504448,1,516.4824857142858,492.4175142857143,-0.12440986385233281,9.878020690431187,31.723643371192246,22.696319160139858,-219.7526845647117,3787638.446405153,0.2706849742398317,-1.4202642215840566,-0.03391680710893208,-0.010552537120216532,0.031173344235486455,-2.917527242738674,0,1,0,0,0,0
73484020.0,504.161,504.94,503.53,506.5,502.21,1713240000000,689033,2024-04-16,517.2660000000001,510.2296,490.8316,,0,0,1,0,33.17180616740086,-0.383798690454455,2.0489901806985045,-2.4327888711529595,528.4175538685919,506.1144461314082,504.45,4.2900000000000205,6.095528571428575,648268324.0,0.0,0.0,,-0.0018254335511998,-0.0304051451898638,0.0089804057922683,72843056.55,1.0087992388067906,7083765088729.888,15270041056.0,463.89954439228507,5.892857142857103,7.142366639367828,1,4,0.0,0.0,504.45,510.85,518.0,514.12,519.32,513.119643822013,513.5034425124675,-0.383798690454455,0,515.7210571428571,491.3389428571428,-0.10113322155157212,9.74953537256243,31.498498895970663,24.60525067636072,-242.83278394621442,3653620.6083637225,0.08571551185611455,-1.4143888864369671,-0.0295081335286409,-0.018192099208361068,0.018569839182765113,-3.385716863582324,0,1,0,0,0,0
75849825.0,502.1344,506.05,500.55,506.22,499.12,1713326400000,704740,2024-04-17,516.508,510.3896000000001,491.3044,,0,0,1,0,24.307133121308453,-1.358075787504447,1.3675769870579142,-2.725652774562361,529.9338879545569,503.0821120454431,503.53,7.100000000000023,6.288385714285714,572418499.0,0.0,0.0,,-0.0059357994376956,-0.0263946160429471,0.0087195559108959,73597784.65,1.0305992953552847,7121731718633.638,15345890881.0,464.08069585918736,5.6100431541781335,5.213282505098303,2,4,0.0,0.0,503.53,504.45,510.85,518.0,514.12,511.1858524647802,512.5439282522847,-1.358075787504447,0,513.1267714285715,487.9732285714286,-0.1673181230484182,7.599043133077705,34.04235017912351,27.61299186017504,-221.69210394773535,3204724.8553797943,0.3739534650727701,-1.1945879468248226,-0.03631042914075577,-0.029396366174788247,0.016242005887727062,-3.027056198974836,0,1,0,0,0,0
74548085.0,500.7119,501.98,499.52,504.13,498.56,1713412800000,627452,2024-04-18,515.46,510.5004,491.7494,465.95515,0,0,1,1,23.80422691879855,-2.188086894452397,0.656444210755852,-2.8445311052082487,530.7264613484972,500.1935386515028,500.55,5.569999999999993,6.555528571428567,497870414.0,0.0,0.0,,-0.0020598565384254,-0.0356756756756757,0.0057228099323595,73845460.2,1.009514800207041,7158969978052.838,15420438966.0,464.25202251618174,3.718048024786909,5.073649440607391,3,4,0.0,0.0,500.55,503.53,504.45,510.85,518.0,509.3911059317371,511.5791928261895,-2.188086894452397,0,512.6310571428571,486.40894285714285,-0.24457366812528383,5.763946243218577,33.265270095550115,31.27040624185637,-184.5306633212979,3051324.540626021,0.14423853452512964,-0.8450064896788935,-0.02640965170444587,-0.040270519520442694,0.011215028948540429,-6.233932938191668,0,1,0,0,0,0
102211087.0,496.8369,499.44,495.16,500.455,493.86,1713499200000,756685,2024-04-19,514.108,510.44159999999994,492.148,466.2153,0,0,1,1,22.10743801652887,-3.161251301383629,-0.1070948916720442,-3.054156409711585,531.5022659638441,496.71373403615576,499.52,6.59499999999997,6.783028571428567,395659327.0,0.0,0.0,,-0.0087666946634576,-0.0307135166878731,0.0045820559462677,75943208.95,1.3458884397062338,7209580819891.758,15522650053.0,464.4555404699336,4.3322647080387275,4.5534519623345995,4,4,0.0,0.0,499.52,500.55,503.53,504.45,510.85,507.2017050191622,510.36295632054583,-3.161251301383629,0,508.72605714285714,481.5939428571429,-0.24936941922822894,5.570625847117404,35.19287633471847,34.87639861600949,-185.61902929473942,2159187.4103409573,0.25261679188730124,-0.7131993359855971,-0.04488551974229871,-0.05178092684795099,-0.005902429231078088,-6.70298442843029,0,1,1,0,0,0
67938248.0,498.8216,497.83,499.72,502.38,495.43,1713758400000,601781,2024-04-22,513.0335,510.4696,492.6004,466.51560000000006,0,0,1,1,30.741337630942738,-3.523915707937931,-0.7904590549252217,-2.733456653012709,531.2176310516934,494.8493689483066,495.16,7.21999999999997,6.893028571428569,463597575.0,0.0,0.0,,0.0091669989000188,-0.0093765487164237,0.0068181283470908,75394079.25,0.9011085310124004,7243530921182.317,15590588301.0,464.6092104630656,19.52851629931291,9.192943010712858,0,4,0.0,0.0,495.16,499.52,500.55,503.53,504.45,506.05067347775264,509.57458918569057,-3.523915707937931,0,513.5060571428571,485.9339428571429,-0.20364539375463955,7.476497993057626,29.97852902829578,38.60080869517538,-132.1174996703957,2784840.5545367664,0.42232029692606365,-0.9546326406267072,-0.0366286243059839,-0.04123098175399553,0.0028094397174507346,-1.3752359132496241,0,1,0,0,0,0
64633620.0,504.4183,501.78,505.65,506.09,499.5328,1713844800000,527370,2024-04-23,512.3275,510.5586,493.10759999999993,466.8511,0,0,1,1,37.490909090909064,-3.294847471387186,-1.2913367382176146,-2.0035107331695716,530.5068079307767,494.1481920692232,499.72,6.557199999999966,7.126757142857132,528231195.0,0.0,0.0,,0.0117967887845507,0.0042102754552857,0.0091651423755633,76200154.85,0.8482085125316514,7276212911135.317,15655221921.0,464.7786500793685,39.29030839059691,21.05036313264953,1,4,0.0,0.0,499.72,495.16,499.52,500.55,503.53,505.9890314042522,509.2838788756394,-3.294847471387186,0,519.9035142857142,491.3964857142857,-0.14054200975905226,8.97523016790098,28.995355528461612,42.24167221538791,-78.72086559749124,3551824.7989136074,0.4592261236179116,-1.3207441375299414,-0.02632288377108538,-0.027165861823498894,0.008878691141261053,0.45937866417926654,0,1,0,0,0,0
55928076.0,505.3062,506.56,505.41,507.37,503.13,1713931200000,495174,2024-04-24,511.6575000000001,510.6472,493.6156,467.17985,0,0,1,1,42.16768916155415,-3.0969752350994213,-1.652464437593976,-1.4445107975054452,529.8185652075693,493.4964347924308,505.65,4.240000000000009,6.63587142857142,472303119.0,0.0,0.0,,-0.0004747492819569,0.0097093197482769,0.0084535302365536,75723371.45,0.7385840715891685,7304479520026.478,15711149997.0,464.9232883284322,42.95277054667169,33.92386507886051,2,4,0.0,0.0,505.65,499.72,495.16,499.52,500.55,505.8999496497519,508.9969248848513,-3.0969752350994213,0,518.6817428571428,492.1382571428572,-0.10656043982768597,11.01696192221324,25.8551465922384,44.56178208897182,-57.98934288121095,3525279.286721385,0.19382600351064808,-1.1730557817720495,-0.01694157006146424,-0.025828337927179312,0.008842668369994922,1.1485507227248102,0,1,0,0,0,0
69122368.0,501.6202,499.18,503.49,504.27,497.49,1714017600000,625039,2024-04-25,510.6735000000001,510.8354,494.0865,467.485,0,0,1,1,33.567971843378885,-3.059816357835757,-1.9339348216423324,-1.125881536193425,528.3338668973006,493.0131331026995,505.41,7.920000000000016,6.6751571428571355,403180751.0,0.0,0.0,,-0.0038061300780249,0.0079476297245355,0.0086924069607959,75029501.0,0.921269195166312,7339281941090.798,15780272365.0,465.0922221956717,35.81256972852361,39.35188288859741,3,4,0.0,0.0,505.41,505.65,499.72,495.16,499.52,505.5291881651747,508.58900452301043,-3.059816357835757,0,516.8403142857143,490.13968571428575,-0.12620465145859688,10.95212311631494,31.738150623341333,47.85423134538432,-79.146426736128,3262690.6031575412,0.5611394974239224,-0.22325037301920453,-0.02801158301158302,-0.037616835827742334,0.01904549870466332,0.9143175897314291,0,1,0,0,0,0
64306118.0,508.0108,506.35,508.26,509.88,505.7,1714104000000,491759,2024-04-26,509.933,511.02920000000006,494.5780999999999,467.7962,0,0,1,1,39.52743291950336,-2.6153207547621946,-2.070212008266305,-0.5451087464958895,526.6199354507273,493.24606454927266,503.49,6.389999999999986,6.96801428571428,467486869.0,0.0,0.0,,0.0094292766833169,0.026456094999596,0.0069002196542021,73430062.6,0.8757464684498308,7371966168625.478,15844578483.0,465.2674210636164,53.55150613611002,44.10561547043512,4,4,0.0,0.0,503.49,505.41,505.65,499.72,495.16,505.9493130628401,508.56463381760227,-2.6153207547621946,0,522.1960285714285,494.32397142857144,-0.07431905734923284,16.24258601894764,30.404234857809023,49.306139681733555,-20.174488155016476,3871918.557754451,0.30760652814034833,-1.0062901625869876,-0.0050699814035432,-0.028313610033074088,0.019435585775317454,3.8340890557874077,0,1,1,0,0,0
46415449.0,509.5696,510.09,510.06,510.75,507.25,1714363200000,440177,2024-04-29,509.3280000000001,511.19019999999995,495.1118,468.0987,1,0,1,1,40.94642158779814,-2.0936752451772804,-2.0749046556485005,-0.0187705895287799,524.9946035683655,493.6613964316346,508.26,3.5,6.760871428571424,513902318.0,0.0,0.0,,0.0035352381858079,0.0206915872888817,0.0065459119041937,72626958.05,0.639093943161509,7395640832542.418,15890993932.0,465.39825414253505,63.231850117095966,50.865308660576545,0,4,0.0,0.0,508.26,503.49,505.41,505.65,499.72,506.5817264377878,508.67540168296506,-2.0936752451772804,0,523.5817428571429,496.53825714285716,-0.04279336956116375,17.65938879205572,27.5957663923717,49.703135234231965,-1.2789301221767047,4036298.615598862,0.33589550893244086,-1.2531709650317424,0.011121022896223742,-0.0231729738011337,0.01603553714069439,3.1609890236584492,0,1,0,0,0,0
77319566.0,505.7429,508.56,501.98,509.56,501.98,1714449600000,575796,2024-04-30,508.485,511.23960000000005,495.5656000000001,468.3621999999999,0,0,1,1,38.76342095520177,-2.3056774784634513,-2.12105922021149,-0.1846182582519606,523.80718000155,493.16281999844995,510.06,8.079999999999984,6.821585714285708,436582752.0,0.0,0.0,,-0.0159680875967027,-0.0072579847720755,0.009493265427466,72781420.95,1.0623530702034198,7434453708283.098,15968313498.0,465.5753852286435,31.693989071038263,49.49244844141476,1,4,0.0,0.0,510.06,508.26,503.49,505.41,505.65,505.87376852428196,508.1794460027454,-2.3056774784634513,0,515.6231714285715,488.3368285714286,-0.14110409081174757,17.502214606836162,30.50191513593387,48.67541526216831,-45.209569664427455,2811458.2178417337,-0.21167525812762375,-0.6480580509463049,-0.0030782674319305148,-0.03249556703415313,0.004944845949029997,-0.7645395762011346,0,1,0,1,0,0
80242839.0,502.559,501.38,500.35,508.19,499.865,1714536000000,733935,2024-05-01,507.532,511.3114,496.0215,468.60975,0,0,1,1,32.95344794282401,-2.57552905749435,-2.2119531876680627,-0.3635758698262874,522.355964382037,492.70803561796305,501.98,8.324999999999989,6.887657142857137,356339913.0,0.0,0.0,,-0.0032524247241546,-0.010011673690667,0.0095026917235201,73835774.95,1.0867745216236806,7474603212776.748,16048556337.0,465.7492584266926,29.560464586654508,41.49543459159626,2,5,0.0,0.0,501.98,510.06,508.26,503.49,505.41,505.0239579820847,507.59948703957906,-2.57552905749435,0,514.1253142857142,486.57468571428575,-0.18959640853212278,13.891308674949517,32.402683057021015,48.51000106964051,-58.054164895333095,2550898.3796609323,-0.30617912681054343,-0.37519350669803686,-0.0003995604834681199,-0.036695481411601505,0.007226829857476469,-1.053560764291606,0,1,0,0,0,0
62531429.0,503.3414,504.15,505.03,505.89,499.55,1714622400000,532684,2024-05-02,507.12999999999994,511.4678,496.4895,468.86395,0,0,1,1,44.09736308316423,-2.3842671429744655,-2.246415978729343,-0.1378511642451223,521.7563684020155,492.50363159798434,500.35,6.339999999999975,6.70337142857142,418871342.0,0.0,0.0,,0.0093099799150257,0.0030586506186816,0.0106275305236466,72133167.7,0.8668887142190485,7506183460364.618,16111087766.0,465.9017174622608,52.09888059701488,37.784444751569225,3,5,0.0,0.0,500.35,501.98,510.06,508.26,503.49,505.0248875233024,507.4091546662769,-2.3842671429744655,0,518.4367428571428,491.62325714285714,-0.09933361622337343,14.273201543117683,30.432447635045843,47.795501302832186,-45.220226223156814,3135783.1357716545,-0.5833393099205415,-0.5703044145787567,0.011030589365791155,-0.01567037636190005,0.015727760905854593,0.2878041830916579,0,1,0,0,0,0
72674709.0,510.5629,511.16,511.29,512.55,508.56,1714708800000,579111,2024-05-03,506.773,511.5436,497.0004,469.1444,1,0,1,1,56.95687550854358,-1.7078737097411931,-2.1387075249317133,0.4308338151905202,520.5626774512832,492.9833225487168,505.03,7.519999999999982,6.40337142857142,491546051.0,0.0,0.0,,0.0123191104537641,0.0059615157596506,0.0112852383140409,72039579.0,1.0088164035494989,7543341312329.229,16183762475.0,466.1055378180363,93.25842696629246,58.30592404998729,4,5,0.0,0.0,505.03,500.35,501.98,510.06,508.26,505.9887509812559,507.6966246909971,-1.7078737097411931,0,524.0967428571429,498.48325714285716,-0.10027162592957387,22.37102775966559,25.723056601240945,44.54252391696456,48.34582268772756,4036608.1923821615,-1.0497184783490692,0.6891077811299989,0.032575329186525614,-0.013772351137086858,0.007467980295566612,0.5282573846632502,0,1,1,0,0,0
47264703.0,514.6368,513.75,516.57,516.61,513.3,1714968000000,444751,2024-05-06,506.6654999999999,511.718,497.5462,469.46635,1,1,1,1,62.182361733931344,-0.7372763052451887,-1.8584212809944085,1.1211449757492198,520.0917625202645,493.23923747973544,511.29,5.319999999999993,6.476942857142847,538810754.0,0.0,0.0,,0.0102738630609492,0.0127632043289025,0.0120143424307322,71986254.05,0.6565795598583449,7567756839957.938,16231027178.0,466.2524901822291,99.82417582417598,81.72716112916112,0,5,0.0,0.0,511.29,505.03,500.35,501.98,510.06,507.61663544567807,508.35391175092326,-0.7372763052451887,0,529.5238857142857,503.61611428571433,-0.05907503099709172,26.594336831464435,23.92001517206969,41.15444599856017,113.9769373103915,4524702.291308407,-1.0398125859425253,0.6159309423790346,0.033718882574241604,-0.004144818013571805,0.017170424337895174,1.0623297761979054,0,1,0,0,0,0
52561299.0,517.4889,517.56,517.14,518.57,516.45,1715054400000,432297,2024-05-07,506.5565,511.941,498.0766,469.79115,1,1,1,1,66.22970064566624,0.0770353513285613,-1.4713299545298146,1.548365305858376,519.5795375226247,493.53346247737534,516.57,2.1200000000000045,6.12122857142856,591372053.0,0.0,0.0,,0.0011028239211585,0.0302004063906928,0.0066845074475698,71208099.75,0.7381365207684818,7594938390122.799,16283588477.0,466.41674842436504,94.21286928369057,95.765157358053,1,5,0.0,0.0,516.57,511.29,505.03,500.35,501.98,509.0817684540353,509.0047331027067,0.07703535132856132,1,529.3824571428571,504.89754285714287,-0.09906174526119291,30.42689842486973,21.70432639319554,37.81369585670792,140.45766109167712,4582700.1239932235,-0.8930093829459186,0.7609130574268771,0.022723227528923085,-0.004197797119310009,0.02203600861677102,4.517963581899596,0,1,0,0,0,0
42047214.0,516.9213,515.26,517.19,517.74,515.14,1715140800000,369156,2024-05-08,506.7099999999999,512.1462,498.5435,470.1061,1,1,1,1,67.62417713943759,0.7181395227031544,-1.033436059083221,1.7515755817863754,520.1733318782186,493.2466681217812,517.14,2.6000000000000227,5.9090857142857045,633419267.0,0.0,0.0,,9.668094329465809e-05,0.0336564404916559,0.0056138108573296,69177820.15,0.6078135146326954,7616684788731.459,16325635691.0,466.5475166109695,94.4152165115338,96.15075387313344,2,5,0.0,0.0,517.14,516.57,511.29,505.03,500.35,510.329188691876,509.6110491691729,0.7181395227031544,1,529.0081714285715,505.37182857142864,-0.08428921747039006,31.519258474659143,23.390130450034622,33.83806691156069,126.0146213700023,4586765.48482395,-0.9211944556821207,0.8400826343206924,0.023307809501197152,0.005971368552089018,0.02023948079616522,5.995282241276524,0,1,0,0,0,0
43643668.0,519.1099,517.38,520.17,520.2074,516.705,1715227200000,399521,2024-05-09,506.8185,512.4244,499.0251,470.42975,1,1,1,1,75.65128205128207,1.4499659871965491,-0.536755649827267,1.986721637023816,520.6936064860743,492.9433935139257,517.19,3.502399999999966,5.688185714285704,677062935.0,0.0,0.0,,0.0057453693940335,0.0299784171237351,0.0054094983970882,67866323.2,0.6430828420066818,7639386915515.019,16369279359.0,466.6904845334443,99.84905599457552,96.15904726326664,3,5,0.0,0.0,517.19,517.14,516.57,511.29,505.03,511.84315966235664,510.3931936751601,1.4499659871965491,1,531.5463714285713,508.79362857142854,-0.08533795972753763,35.84170699220688,18.39652613080295,30.944883392271226,150.47387448269734,4838236.183484011,-1.361745893147063,2.1806469334561944,0.03312876124649944,0.004189189189189202,0.02747600047406462,5.5418006449295305,0,1,0,0,0,0
52233171.0,520.8834,521.81,520.84,522.635,519.59,1715313600000,428544,2024-05-10,507.318,512.6795999999999,499.5402,470.7564,1,1,1,1,73.53990191707541,2.0602577643671793,-0.0173529669883777,2.077610731355557,522.4651568984139,492.1708431015863,520.17,3.044999999999959,5.389971428571418,729296106.0,0.0,0.0,,0.0012872116358365,0.0186782452228677,0.0042705381371471,65849927.05,0.7932153206538747,7666592040298.658,16421512530.0,466.8627220722072,92.86140385762592,95.70855878791176,4,5,0.0,0.0,520.17,517.19,517.14,516.57,511.29,513.227288945071,511.1670311807038,2.0602577643671793,1,531.6199428571429,510.0600571428572,-0.06170882820884578,38.49079506934976,19.414362119675467,29.00679818138145,155.15175662834716,4905514.620475771,-1.1897295133221748,2.1651531938794557,0.024751111635777034,0.019555642556523534,0.02511415525114158,4.37373485159812,0,1,1,0,0,0
36716361.0,521.0737,522.56,520.91,522.67,519.74,1715572800000,360851,2024-05-13,508.141,512.8408000000001,500.0296,471.0985,1,1,1,1,69.56410256410261,2.5205119172574086,0.4902200098607795,2.030291907396629,524.3812565445093,491.9007434554906,520.84,2.92999999999995,5.130885714285703,766012467.0,0.0,0.0,,0.0001343892490622,0.0084015719070018,0.002340418246836,63083592.75,0.5820271071989634,7685717959907.168,16458228891.0,466.9832951533453,93.010325655282,95.24026183582782,0,5,0.0,0.0,520.84,520.17,517.19,517.14,516.57,514.4092444919831,511.88873257472574,2.5205119172574086,1,531.1717714285713,510.64822857142855,-0.008152579936339515,35.31832431669872,20.394696540781876,27.154030585926357,131.4806048377618,4910449.236231087,-1.028177552250441,1.8125147606204624,0.021272007214837352,0.03262959659034581,0.015716096324461137,3.5897583779207056,0,1,0,0,0,0
57535867.0,522.2998,521.11,523.3,523.83,520.56,1715659200000,417237,2024-05-14,509.1295,513.0608,500.5142000000001,471.4304,1,1,1,1,71.73754556500603,3.043041388413485,1.0007842855713207,2.0422571028421643,526.5517150685449,491.70728493145504,520.91,3.2700000000000955,5.061599999999994,823548334.0,0.0,0.0,,0.0045776312685722,0.0119116680202653,0.0026270280151732,62286185.1,0.9237340014904846,7715826479108.268,16515764758.0,467.17948530786816,97.9878511769169,94.6198602299416,1,5,0.0,0.0,520.91,520.84,520.17,517.19,517.14,515.7770530316781,512.7340116432646,3.043041388413485,1,533.4232,513.1768,0.04564599720649585,35.63243694319823,20.67386935516249,26.17718170394017,125.25387024000719,5174430.964610272,0.3268259078782098,-1.1518580616168776,0.04247181162596103,0.03926280459952736,0.02147179387077891,4.534257955715181,0,1,0,0,0,0
59504897.0,528.0624,525.83,529.78,530.08,525.18,1715745600000,510553,2024-05-15,510.591,513.5128000000001,501.1294,471.7903500000001,1,1,1,1,78.75738350470357,3.934675117798861,1.5875624520168288,2.3471126657820323,529.7957153201033,491.3862846798967,523.3,6.780000000000086,4.9801714285714285,883053231.0,0.0,0.0,,0.0123069126528792,0.0243430847464178,0.0047802715338657,61468938.7,0.9680482249809852,7747350983440.928,16575269655.0,467.4042199430467,99.01735997379603,96.67184560199831,2,5,0.0,0.0,523.3,520.91,520.84,520.17,517.19,517.931352565266,513.9966774474672,3.934675117798861,1,539.7403428571429,519.8196571428571,0.1255732736640819,45.179167664168475,12.922676211243132,26.66481343182468,151.65342496282958,5911277.386471537,0.19678430285113838,-1.8416989825435393,0.05881882682122508,0.05839576465887508,0.04456011672384541,5.0923956202077765,0,1,0,0,0,0
50244827.0,529.8399,529.88,528.69,531.5218,528.54,1715832000000,436763,2024-05-16,512.0495,513.8916,501.6893,472.1514,1,1,1,1,74.3040685224841,4.501457383068896,2.1703414382272426,2.3311159448416534,532.124949762279,491.9740502377209,529.78,2.981800000000021,4.736728571428573,832808404.0,0.0,0.0,,-0.0020595772866535,0.0163792606263339,0.0056022640224196,60253775.8,0.8338867785942139,7773914921027.558,16625514482.0,467.5894348679656,91.14281960978134,96.04934358683144,3,5,0.0,0.0,529.78,523.3,520.91,520.84,520.17,519.5865290936866,515.0850717106177,4.501457383068896,1,538.1634571428572,519.2165428571429,0.1311440800009911,41.21560690753786,13.586833587137237,28.097379372098366,139.65680335255442,5807900.77461379,0.5035928939257901,-1.413445878580689,0.046848702057303626,0.0583960602178093,0.03715546836684669,2.92368073407087,0,1,0,0,0,0
59162235.0,528.8499,528.81,529.45,529.52,527.32,1715918400000,372346,2024-05-17,513.764,514.1844,502.24730000000005,472.548,1,1,1,1,73.6521102707979,4.954845683402141,2.7272422872622224,2.2276033961399184,533.6218870980749,493.90611290192504,528.69,2.199999999999932,4.643871428571425,891970639.0,0.0,0.0,,0.0014364831320756,0.0165309884033484,0.0055895774108606,58101333.2,1.0182595087164024,7805238366348.308,16684676717.0,467.80878639353904,93.51991442458686,94.56003133605476,4,5,0.0,0.0,528.69,529.78,523.3,520.91,520.84,521.1039861561964,516.1491404727942,4.954845683402141,1,538.7377428571428,520.1622571428572,0.2369579634848304,40.701569804642524,15.73502403848154,29.688942089953343,119.38546654337567,5892947.396641815,0.9791929387094404,-0.08497258470132353,0.035518003481390226,0.06925034332337021,0.02843767603581915,2.957461291548746,0,1,1,0,0,0
37764206.0,530.2808,529.57,530.06,531.5601,529.17,1716177600000,331754,2024-05-20,515.2810000000001,514.5512,502.7914,472.9541,1,1,1,1,91.8854415274465,5.302259928011949,3.242245815412168,2.0600141125997813,535.2567451873357,495.3052548126644,529.45,2.390100000000075,4.2374500000000035,929734845.0,0.0,0.0,,0.0011514758093828,0.0175654143710044,0.0054636080244603,56592631.1,0.667298997519131,7825255661380.668,16722440923.0,467.9493680027198,95.31366662397154,93.32546688611326,0,5,0.0,0.0,529.45,528.69,529.78,523.3,520.91,522.4818344398584,517.1795745118465,5.302259928011949,1,538.5349,521.5850999999999,0.2206806863122334,48.044224702517596,8.360823472276778,32.779939500761564,119.3498200019915,5936457.011638503,1.6849125454228642,3.2742774115607225,0.026114563369920685,0.060713999839910215,0.035839912452122036,3.2149784798946524,0,1,0,0,0,0
33437001.0,530.4523,529.28,531.36,531.52,529.07,1716264000000,306615,2024-05-21,516.5665000000001,514.9528,503.3399,473.37685,1,1,1,1,96.71587827658956,5.61772966463775,3.717342585257285,1.9003870793804651,537.2298275712234,495.9031724287769,530.06,2.449999999999932,3.8178071428571423,963171846.0,0.0,0.0,,0.0024495499425899,0.0154022549206958,0.0054398147979468,55032800.15,0.607583130585079,7843022746232.028,16755877924.0,468.0759063658614,99.37488480198432,96.06948861684758,1,5,0.0,0.0,530.06,529.45,528.69,529.78,523.3,523.8477060644956,518.2299763998578,5.61772966463775,1,538.9956142857143,523.7243857142857,0.20250484988976014,53.325113695909174,5.50989442228222,35.72875769729597,111.38218522606111,6018463.013411888,1.6070683919419106,3.165050049843155,0.027497389488339685,0.05084544645505784,0.039273979033015216,2.831388048841059,0,1,0,0,0,0
48389968.0,529.7843,530.65,529.83,531.38,527.6,1716350400000,340286,2024-05-22,517.7875000000001,515.2138,503.8713,473.7724500000001,1,1,1,1,91.27829560585916,5.678821570374339,4.1096383822806954,1.5691831880936435,538.5607539325754,497.0142460674249,531.36,3.7799999999999727,3.634949999999999,914781878.0,0.0,0.0,,-0.0028835572520469,9.437879874685252e-05,0.0023422561224006,54655894.75,0.8853567985912444,7868661202977.469,16804267892.0,468.2537349171575,92.47785879191832,95.7221367392914,2,5,0.0,0.0,531.36,530.06,529.45,528.69,529.78,524.7680589776501,519.0892374072757,5.678821570374339,1,537.0999,522.5601,0.20800342437749567,56.00764796214397,8.056703470462827,38.49320206132629,94.08413628394597,5879128.755959318,1.2784034774616075,2.295939747463638,0.024439761016260997,0.048317207811479745,0.025252525252525304,0.04029379831960479,0,1,0,0,0,0
57211197.0,528.0016,532.96,525.96,533.07,524.72,1716436800000,440800,2024-05-23,518.911,515.4136,504.3778,474.15850000000006,1,1,1,1,76.52802893309244,5.353251735035428,4.3583610528316425,0.9948906822037856,538.8418519373168,498.98014806268304,529.83,8.350000000000023,3.6942357142857167,857570681.0,0.0,0.0,,-0.0073310361576712,-0.0051637065198888,0.0040647333240725,54060336.2,1.058284151033452,7898752004151.589,16861479089.0,468.44953295375694,64.03641881638858,85.29638747009709,3,5,0.0,0.0,529.83,531.36,530.06,529.45,528.69,524.95143451955,519.5981827845146,5.353251735035428,1,533.3484714285714,518.5715285714286,0.12387550612666563,42.23162338967648,13.495928983281496,41.67855039967365,74.19707942459176,5461245.034029645,0.7705261774357858,2.3373674115268526,0.011130976411557914,0.04462849311803607,0.01936159079016231,-1.2703647212624585,0,1,0,0,0,0
41264276.0,528.914,527.85,529.44,530.27,526.881,1716523200000,328932,2024-05-24,519.97,515.7034,504.9457,474.57695,1,1,1,1,74.89361702127681,5.314776773045878,4.54964419687449,0.7651325761713883,539.7683040209292,500.1716959790708,525.96,4.309999999999945,3.622092857142856,898834957.0,0.0,0.0,,0.0065946799545839,-1.888752478984568e-05,0.005312130396227,52908244.1,0.7799214791934477,7920598962437.029,16902743365.0,468.5984275687445,79.75460122699396,78.7562929451003,4,5,0.0,0.0,525.96,529.83,531.36,530.06,529.45,525.6419830550038,520.327206281958,5.314776773045878,1,536.6841857142857,522.1958142857144,0.13280166088388018,35.06634876934494,13.764733487986293,44.416327843644936,74.92360934128058,5734268.991136652,0.43022367910185744,0.8841837219113101,0.016511788649105297,0.04167158540904281,0.02813865423827555,-0.003555539458870615,0,1,1,0,0,0
36266602.0,529.3202,530.27,529.81,530.51,527.11,1716868800000,343541,2024-05-28,520.9575,516.1030000000001,505.55590000000007,474.99645,1,1,1,1,74.69785575048749,5.253580984899713,4.6904315544795345,0.5631494304201787,540.6444466505329,501.27055334946704,529.44,3.3999999999999773,3.7135214285714255,935101559.0,0.0,0.0,,0.0006986075337232,-0.0004716447194657,0.0052913286124803,52400801.75,0.6921001356625235,7939813370842.649,16939009967.0,468.729482201777,81.8181818181813,75.20306728718795,1,5,0.0,0.0,529.44,525.96,529.83,531.36,530.06,526.283216431157,521.0296354462573,5.253580984899713,1,537.2370428571428,522.3829571428571,0.12761717770431702,30.89462638833488,13.425839545170499,46.03652537255713,71.34946894873384,5759613.964580285,0.3968235109545218,0.9118548126683917,0.01708548501660556,0.03872093479198524,0.03918953376615719,-0.08913523665887976,0,1,0,0,0,0
45190323.0,526.6046,525.68,526.1,527.31,525.37,1716955200000,359207,2024-05-29,522.1635,516.3678,506.1441,475.3987,1,1,1,1,65.19959058341878,4.849811282108249,4.722307500005278,0.1275037821029707,539.8043405039014,504.5226594960987,529.81,4.439999999999941,3.844949999999991,889911236.0,0.0,0.0,,-0.0070271429702637,-0.0098991267690454,0.0058228700186196,50794339.6,0.8896724193260306,7963587999772.949,16984200290.0,468.8821294966576,57.40910479682234,72.99396261399922,2,5,0.0,0.0,529.81,529.44,525.96,529.83,531.36,526.2550292879021,521.4052180057938,4.849811282108249,1,533.7899,518.4101,0.19675745890611973,29.838582327870167,13.765737244629408,47.61195742156321,40.6313169330871,5443168.260780819,0.5872016044218266,0.5401739257860143,0.005350659277661096,0.048049723096537766,0.025816012167063196,-1.7000396259911492,0,1,0,0,0,0
45600910.0,523.6857,524.52,522.61,525.2,521.33,1717041600000,385206,2024-05-30,523.2765,516.5058,506.691,475.7712,0,1,1,1,54.09121395036901,4.19979443482589,4.617804886969401,-0.4180104521435108,537.6240041291758,508.92899587082434,526.1,4.769999999999982,3.9354928571428496,844310326.0,0.0,0.0,,-0.006655820739561,-0.0136270124379518,0.006199819467893,49062243.15,0.9294501651826736,7987419491348.049,17029801200.0,469.025997282226,22.403560830860368,53.87694914862134,3,5,0.0,0.0,526.1,529.81,529.44,525.96,529.83,525.6942555513017,521.4944611164758,4.19979443482589,1,530.4809857142857,514.7390142857143,0.26022104097744336,24.673801969861618,20.781568469227278,45.92615502734293,0.5122186825823439,5140664.600069928,0.08181372064231252,-0.8776754452273953,-0.013533919740269518,0.04448885779954037,0.013379612572957722,-2.197965687366384,0,1,0,0,0,0
90754444.0,523.8666,523.59,527.37,527.5,518.36,1717128000000,530030,2024-05-31,524.3935,516.6436,507.2187,476.1936,1,1,1,1,59.62842819227373,4.022376170603934,4.498719143696308,-0.4763429730923736,535.970790429288,512.8162095707121,522.61,9.139999999999986,4.370849999999995,935064770.0,0.0,0.0,,0.0090669014827088,0.0026808122290666,0.00738975202068,50473393.9,1.7980650197568744,8035280662480.329,17120555644.0,469.3352733149371,61.25084976206641,47.02117179658305,4,5,0.0,0.0,522.61,526.1,529.81,529.44,525.96,525.952062389563,521.9296862189591,4.022376170603934,1,536.1117,518.6283,0.29515183927693783,18.248983931166006,23.56521042432633,44.4811303868296,4.909924792421335,5967267.905479315,0.15892058339951243,-0.960241233067269,-0.0024967372184078185,0.04423499594083524,0.013237780510298114,0.36277382432132965,0,1,1,1,0,0
46835702.0,526.6344,529.02,527.8,529.31,522.6,1717387200000,468403,2024-06-03,525.219,516.7556000000001,507.7579,476.6344,1,1,1,1,60.05252407353379,3.871836206662465,4.373342556289539,-0.501506349627074,535.091165869111,515.3468341308891,527.37,6.709999999999923,4.640849999999992,981900472.0,0.0,0.0,,0.0008150345893141,-0.0030976125717741,0.0066165837542186,49181443.55,0.9523043371507546,8060000545995.929,17167391346.0,469.49477550495214,64.17403127124349,49.27614728805677,0,6,0.0,0.0,527.37,522.61,526.1,529.81,529.44,526.2363604834765,522.364524276814,3.871836206662465,1,537.0817,518.5183,0.3018694987049789,19.91922661644208,22.194210108955488,42.953661132980066,27.033639380806775,6005456.182893646,0.1987565911021124,-0.9083769201374068,-0.003116441590329755,0.03229087210780568,0.010723860589812118,-0.46815819239304635,0,1,0,0,0,0
34557761.0,527.1549,526.46,528.39,529.15,524.96,1717473600000,357973,2024-06-04,525.8100000000001,516.8992,508.2762,477.0949,1,1,1,1,57.838004311672435,3.756833827999913,4.250040810631614,-0.4932069826317011,534.8850995354773,516.7349004645229,527.8,4.189999999999941,4.706564285714267,1016458233.0,0.0,0.0,,0.0011172233430903,-0.0026802061116248,0.0066400545709449,48546096.45,0.7118545779595837,8078260521330.719,17201949107.0,469.61309274211413,68.18490822569645,64.5365964196688,1,6,0.0,0.0,527.8,527.37,522.61,526.1,529.81,526.5676896398647,522.8108558118648,3.7568338279999125,1,537.8031285714285,518.9768714285715,0.2809973555763828,17.880649970955357,21.88432872297122,41.775228117534006,35.9915032750392,6044086.495493119,0.20096207563422025,-0.9053481376850782,-0.0031505867260309683,0.02288170044718041,0.013775637458989465,-0.40364157351009,0,1,0,0,0,0
47610365.0,532.578,530.77,534.67,534.69,528.7254,1717560000000,409460,2024-06-05,526.6865,517.1972000000001,508.8594000000001,477.58575,1,1,1,1,57.576696622249834,4.124887989127501,4.2250102463307915,-0.1001222572032904,535.620921372592,517.7520786274081,528.39,6.300000000000068,4.672278571428551,1064068598.0,0.0,0.0,,0.0118150867405673,0.0162896787682949,0.0073450400593855,48298549.75,0.9857514407044904,8103716355185.269,17249559472.0,469.7926557683669,99.87752602571896,77.41215517421963,2,6,0.0,0.0,528.39,527.8,527.37,522.61,526.1,527.8141989260394,523.6893109369119,4.124887989127501,1,544.014557142857,525.3254428571429,0.3503877896633392,16.926430815046547,22.04491842890272,38.74785809173765,121.8029966098106,6609943.328892689,0.3664691858586282,-1.0817710742806323,0.0062292984040950294,0.03389797733689126,0.02866652557862137,2.2177764122219914,0,1,0,0,0,0
30808530.0,534.364,534.98,534.66,535.42,532.68,1717646400000,304874,2024-06-06,527.5600000000001,517.5142,509.4392,478.06235,1,1,1,1,59.57037512023079,4.365444520049323,4.253097101074498,0.1123474189748252,535.9867319006947,519.1332680993054,534.67,2.740000000000009,4.655007142857122,1033260068.0,0.0,0.0,,-1.870330019780303e-05,0.0230573467786685,0.005472440990148,47736615.55,0.6453857200607512,8120188443835.068,17280368002.0,469.90830536104625,95.54513481828845,87.86918968990129,3,6,0.0,0.0,534.67,528.39,527.8,527.37,522.61,528.867399091264,524.5019545712147,4.365444520049323,1,543.9700142857142,525.3499857142857,0.343472297526922,15.897014119067386,22.126711479324477,36.317035719288434,146.5724192168507,6609367.113096031,0.24341158881284755,-0.9780375490609126,0.009116131589377519,0.033778688683075764,0.030550683294462422,4.213349159303284,0,1,0,0,0,0
43224525.0,534.4537,533.66,534.01,536.89,532.535,1717732800000,336983,2024-06-07,528.2520000000001,517.731,510.03,478.54164999999995,1,1,1,1,57.335907335907315,4.45231422923257,4.292940526706112,0.1593737025264578,536.3916976537588,520.1123023462413,534.66,4.355000000000018,4.8089357142857,990035543.0,0.0,0.0,,-0.0012164654760686,0.0125907806663252,0.0052838899733326,47715658.4,0.9058771575076916,8143270772430.318,17323592527.0,470.0682470878067,84.45763626551538,93.29343236984091,4,6,0.0,0.0,534.66,534.67,528.39,527.8,527.37,529.6585684618387,525.2062542326062,4.45231422923257,1,543.6278714285714,524.3921285714285,0.28425419857453027,17.57160404996486,19.606357804205768,33.548092029120525,145.61460788659014,6556817.939322046,0.27347260548907404,-0.5096682756581059,0.015305346414175913,0.026606686275640667,0.02071984249861436,2.38285749727849,0,1,1,0,0,0
35721252.0,534.6711,533.18,535.66,535.99,532.57,1717992000000,344626,2024-06-10,528.993,517.9828,510.6636999999999,479.00479999999993,1,1,1,1,58.7173100871732,4.60125985062416,4.354604391489722,0.2466554591344385,536.9886411809564,520.9973588190437,534.01,3.419999999999959,4.882499999999977,1025756795.0,9.0,0.1475909892576559,,0.0030850660646259,0.0148920045471769,0.0051995072463317,46890062.45,0.7618085823214765,8162405218276.639,17359313779.0,470.20321898616214,93.36211548839708,91.12162885740032,0,6,0.0,0.0295181978515311,534.01,534.66,534.67,528.39,527.8,530.5818656215558,525.9806057709317,4.60125985062416,1,545.425,525.895,0.3299675664691938,14.322288052911684,19.31095018370112,29.582248643072685,141.98488399563826,6667190.527475824,0.4436500800234736,0.1167191063083831,0.011748262314898561,0.028454035788341825,0.024069436213126183,2.8641129246534045,0,1,0,0,0,0
35483411.0,535.1995,534.07,536.95,537.01,532.05,1718078400000,360290,2024-06-11,529.795,518.2786,511.2683,479.5051,1,1,1,1,58.704453441295655,4.768425111251531,4.437368535442084,0.3310565758094475,537.5922154273767,521.9977845726232,535.66,4.960000000000036,5.061785714285699,1061240206.0,7.0,0.054788961038961,,0.0024053488629847,0.0162001551884025,0.00511685031732,46828414.95,0.7577324801167543,8181458035813.089,17394797190.0,470.33937483999426,99.67828418230592,92.4993453120728,1,6,0.1475909892576559,0.0404759900593234,535.66,534.01,534.66,534.67,528.39,531.561578602855,526.7931534916034,4.768425111251531,1,547.0735714285714,526.8264285714287,0.37526610140821004,15.254356873597041,18.485853380584885,24.461360694212317,143.09739297306407,6752643.240372065,0.33483712808856264,0.01807431586147398,0.013476529321832631,0.030792267378242144,0.02832465144783214,3.1660342834778556,0,1,0,0,0,0
63251305.0,541.7072,541.63,541.36,544.12,540.3,1718164800000,488541,2024-06-12,530.698,518.729,511.8576000000001,480.01204999999993,1,1,1,1,66.4761360388683,5.19684888967754,4.589264606289175,0.6075842833883645,539.45242408457,521.94357591543,536.95,7.169999999999959,5.303928571428555,1124491511.0,14.0,0.1172348484848484,,0.0081795116197444,0.0125123908205062,0.0036319156108064,47114186.85,1.3425108068059546,8215699762287.889,17458048495.0,470.5966858002985,89.28571428571432,94.10870465213912,2,6,0.054788961038961,0.063922959756293,536.95,535.66,534.01,534.66,534.67,533.0690280485696,527.8721791588921,5.19684888967754,1,551.9678571428572,530.7521428571429,0.3018504298906687,24.133055009880426,15.662244964559704,20.635493861173988,239.42766171340293,7272129.701029476,0.11934545583868345,-0.14541276640642056,0.029005892415890466,0.034511752340913526,0.04340451777041099,3.445112086898735,0,1,0,0,0,0
44460949.0,541.9558,543.15,542.45,543.325,539.59,1718251200000,350321,2024-06-13,531.3315,519.1898,512.4476,480.5105,1,1,1,1,75.5976404843218,5.560236762920908,4.783459037615522,0.7767777253053865,541.5221051160589,521.1408948839411,541.36,3.7350000000000136,4.974285714285697,1168952460.0,6.0,0.0360690235690235,,0.0020114233444897,0.0145700071073207,0.0033869891499005,46361989.45,0.9589957102239924,8239817604072.938,17502509444.0,470.779212000232,93.51708074534176,94.16035973778736,3,6,0.1172348484848484,0.0711367644700978,541.36,536.95,535.66,534.01,534.66,534.5122545026359,528.952017739715,5.560236762920908,1,552.3985714285715,532.5014285714286,0.27591497916657265,25.732337733237777,13.58414703997924,19.159340802497915,186.34548892328843,7361649.492683832,0.903937330261429,-0.5351048940962438,0.03796329959243039,0.02391558760240109,0.04435802160143254,4.301745132634215,0,1,0,0,0,0
40089895.0,541.7797,540.88,542.78,542.81,539.85,1718337600000,342838,2024-06-14,532.036,519.784,513.0268,480.9786,1,1,1,1,72.95251204404688,5.807902626425971,4.988347755377612,0.8195548710483589,543.3445368777599,520.72746312224,542.45,2.9599999999999227,4.877857142857124,1209042355.0,4.0,0.12,,0.0006081660296365,0.0164229134285873,0.0028962808096085,45854242.85,0.874289760516676,8261577597281.038,17542599339.0,470.9437545503437,94.7981366459626,92.53364389233955,4,6,0.0360690235690235,0.0951367644700978,542.45,541.36,536.95,535.66,534.01,535.7842153483842,529.9763127219583,5.807902626425971,1,552.5357142857142,533.0242857142857,0.3710739337220022,26.241030893799863,13.852687067820606,18.250440799174257,152.69588501705263,7386038.220400667,1.5671638390018499,1.8821193868731914,0.0292204713957942,0.02665077833891294,0.05790632857115008,5.670326119913087,0,1,1,0,0,0
55839457.0,545.4434,542.08,547.1,548.53,541.6072,1718596800000,402255,2024-06-17,532.9185,520.3574,513.6439,481.45905,1,1,1,1,76.18903362617411,6.280371292973427,5.246752462896776,1.0336188300766516,545.9940284083574,519.8429715916426,542.78,6.922799999999938,5.129485714285693,1264881812.0,5.0,0.0322222222222222,,0.0079275197716839,0.0213568308255238,0.0035580663616175,45688103.95,1.2221881008918514,8292127364205.738,17598438796.0,471.1853966324831,95.26019224395112,94.52513654508516,0,6,0.12,0.072063011063011,542.78,542.45,541.36,536.95,535.66,537.5251052947866,531.2447340018132,6.280371292973427,1,557.3589714285714,536.8410285714286,0.3476611268586481,32.5847202681717,13.173139048585558,18.46527505972188,172.98312650407414,7830465.896881016,0.9542549434210524,-0.20469249319950325,0.03656688139446773,0.03333648125413169,0.055301583627490825,6.002353141126795,0,1,0,0,0,0
41376417.0,547.7341,547.16,548.49,548.62,546.73,1718683200000,324668,2024-06-18,533.8399999999999,520.9528,514.2485,481.94975,1,1,1,1,86.47768002606716,6.689851059721832,5.535372182261788,1.1544788774600443,548.5614287064047,519.1185712935951,547.1,1.8899999999999864,4.947342857142838,1306258229.0,3.0,0.0,,0.0025374469387429,0.0214917590092187,0.0035416165715207,45868714.5,0.9020618399933577,8314821915166.068,17639815213.0,471.3667243542495,99.57038995373432,96.54290628121602,1,6,0.0322222222222222,0.0611052188552188,547.1,542.78,542.45,541.36,536.95,539.2120121725118,532.52216111279,6.689851059721832,1,558.3846857142856,538.5953142857144,0.395698594285209,33.914308974815725,11.145954248002315,19.441561131623903,166.4674304168227,7935589.676135263,0.9011490627037055,-0.15828823773365386,0.0380400840288424,0.034769648719013,0.05739127082048112,6.068330066766635,0,1,0,0,0,0
70328226.0,547.5513,549.44,547.0,550.12,545.18,1718856000000,470269,2024-06-20,534.622,521.5064,514.8444000000001,482.4288,1,1,1,1,92.50609968630192,6.815570523017868,5.791411850413004,1.0241586726048642,550.411582975056,518.8324170249439,548.49,4.940000000000055,4.959485714285701,1235930003.0,5.0,0.1,,-0.002720245586542,0.0104182059997044,0.0038605649236544,47713275.75,1.4739760558150317,8353291454788.068,17710143439.0,471.6670694147543,90.176322418136,95.00230153860714,3,6,0.0,0.0576582491582491,548.49,547.1,542.78,542.45,541.36,540.4101641459715,533.5945936229537,6.815570523017868,1,556.9189714285714,537.0810285714286,0.33054382129162485,33.831272822955356,7.532463042318308,23.3713203375452,137.6016664163118,7744539.599123831,0.6304219741172891,-0.11689313211692312,0.02306095348532744,0.029433905450165554,0.053300469845182,2.698615155962983,0,1,0,0,0,0
63428859.0,544.5431,544.4,544.51,545.65,543.02,1718942400000,392330,2024-06-21,535.356,522.1142,515.3768,482.90515,1,1,1,1,82.43754731264195,6.637765880038728,5.960682656338149,0.6770832237005786,551.5668545831383,519.1451454168617,547.0,3.980000000000018,4.590914285714275,1172501144.0,11.0,0.1886363636363636,1.759024,-0.0045624947446983,0.0037975850308782,0.0048733138632995,48465220.3,1.3087500398713756,8387829102802.158,17773572298.0,471.92702525794505,79.61482558139528,89.7871793177552,4,6,0.1,0.0881717171717171,547.0,548.49,547.1,542.78,542.45,541.0409081235143,534.4031422434756,6.637765880038728,1,553.6918285714286,535.3281714285714,0.3251430584699102,36.54734194923098,6.8769370547296464,27.34366582022746,94.09086285164587,7455804.9393249275,0.20301530775857962,-0.37543335486655344,0.01842292297908954,0.027707000358605516,0.05911071345211227,0.7792597285555802,0,1,1,0,0,0
45528654.0,544.299,544.33,542.74,546.95,542.62,1719201600000,392113,2024-06-24,536.1949999999999,522.609,515.8953,483.38775,1,1,1,1,76.9092219020174,6.281619611265455,6.024870047323611,0.2567495639418444,552.0921781673375,520.2978218326624,544.51,4.330000000000041,4.420914285714283,1126972490.0,4.0,0.0125,,-0.0032559237777015,-7.369468292850456e-05,0.0051985636099977,47881093.15,0.9508691428027684,8412539324474.118,17819100952.0,472.10795579054746,70.66772655007948,80.1529581832036,0,6,0.1886363636363636,0.0666717171717171,544.51,547.0,548.49,547.1,542.78,541.3023068737429,535.0206872624774,6.281619611265455,1,551.5818285714286,533.8981714285715,0.3262003660316007,37.128712865288485,7.141379933184188,31.796179329093274,80.57335255650524,7307808.176033164,0.1746572452931951,-0.7115275450558057,0.0163480084642611,0.03190356681116424,0.047760617760617796,-0.014175942952270166,0,1,0,0,0,0
38273346.0,543.9443,543.99,544.83,545.2,542.44,1719288000000,314940,2024-06-25,536.9644999999999,523.2886,516.5148,483.88765,1,1,1,1,78.09295967190714,6.097725872354658,6.0394412123298205,0.0582846600248379,552.9744435877855,520.9545564122144,542.74,2.759999999999991,4.31877142857143,1165245836.0,11.0,0.1200591958546503,,0.0038434354989358,-0.0041491500639736,0.0037606627643588,47731546.65,0.8018459213284261,8433391791575.298,17857374298.0,472.2638194641989,75.27413459471094,75.18556224206192,1,6,0.0125,0.0842391118982028,542.74,544.51,547.0,548.49,547.1,541.8450288931671,535.7473030208124,6.097725872354658,1,553.4675428571429,536.1924571428572,0.33451256908611926,38.00684056345297,7.607983750734517,35.8371893810597,72.11723324382982,7455192.362089108,0.11838415343341593,-0.8311986603934578,0.01711906806556418,0.029068449682683628,0.06651658999706367,-1.1032999476307894,0,1,0,0,0,0
38546637.0,544.7848,543.69,545.51,546.24,543.03,1719374400000,336263,2024-06-26,537.7495,524.1098000000001,517.0779,484.3876,1,1,1,1,72.90786136939994,5.938404841899114,6.01923393824368,-0.0808290963445657,553.8218764004505,521.6771235995495,544.83,3.2100000000000364,4.098057142857142,1203792473.0,7.0,0.0561904761904761,,0.0012473175122658,-0.0054330981421721,0.0035074557851031,47845548.4,0.8056473023935493,8454419367525.168,17895920935.0,472.42158692098445,74.48810182623131,73.47665432367391,2,6,0.1200591958546503,0.095477207136298,544.83,542.74,544.51,547.0,548.49,542.4088706019106,536.4704657600115,5.938404841899114,1,553.7061142857143,537.3138857142857,0.3333823971403828,32.210385403499544,8.017736626412058,39.194665972365684,71.29613479025423,7503302.255376917,0.217814914202582,-0.7854536922934793,0.015941894031101578,0.029633264755289712,0.0813955793438399,-1.5490095912688704,0,1,0,0,0,0
35015362.0,545.8005,545.37,546.37,546.96,544.61,1719460800000,318145,2024-06-27,538.763,524.9666000000001,517.5980999999999,484.8772,1,1,1,1,73.88820889432893,5.814510532090253,5.978289257012995,-0.163778724922742,554.2894434535297,523.2365565464704,545.51,2.3500000000000227,4.0702,1238807835.0,11.0,0.023526936026936,,0.0015752650068467,-0.0011517367458866,0.0035341565404562,47336800.35,0.7397069878213685,8473550710861.108,17930936297.0,472.5659926793007,79.24737133370233,76.33653591821486,3,6,0.0561904761904761,0.0801825943416852,545.51,544.83,542.74,544.51,547.0,543.0182751246936,537.2037645926033,5.814510532090253,1,554.5104,538.2296,0.3671895447797303,32.41328961854948,8.072611383071116,42.31878444455702,74.00082350513976,7558504.197266158,0.24408938341804537,0.20119894666185598,0.009254470223141631,0.038528796806690746,0.08507933986058425,-0.3258863816128854,0,1,0,0,0,0
76144535.0,545.8725,547.16,544.22,550.28,542.95,1719547200000,493015,2024-06-28,539.8435,525.84,518.1148000000001,485.36835,1,1,1,1,69.62706651287974,5.479670140848725,5.878565433780142,-0.3988952929314164,553.5363291259895,526.1506708740104,546.37,7.329999999999927,4.282699999999993,1162663300.0,9.0,0.2093434343434343,,-0.0039428250493784,-0.0005325889331692,0.0033503509460171,48863981.6,1.5582957529600905,8514990089698.809,18007080832.0,472.8689879909352,66.75809105869479,73.49785473954283,4,6,0.023526936026936,0.0843240084830994,546.37,545.51,544.83,542.74,544.51,543.2031558747407,537.723485733892,5.479670140848725,1,552.7854,535.6546000000001,0.3205926703645674,33.89050298144867,7.672062682808091,46.43370240521405,67.42970909570597,7258870.706682858,0.5056270457706792,-0.22857402238493002,0.003262973545948844,0.04135014638066625,0.08724403156527827,-0.15896464343710198,0,1,1,0,0,0
40295310.0,544.8006,545.63,545.34,545.88,542.52,1719806400000,370684,2024-07-01,540.742,526.7564000000001,518.6283999999999,485.8625,1,1,1,1,68.99529042386197,5.244229148954673,5.751698176815048,-0.5074690278603748,553.2998385669487,528.1841614330513,544.22,3.3600000000000136,4.278414285714283,1202958610.0,9.0,0.1088257575757575,,0.0020558764904829,0.0047905074252865,0.0029160698631774,46341024.9,0.8695386018534088,8536964734054.209,18047376142.0,473.0307977671566,72.90181020296251,72.96909086511988,0,7,0.2093434343434343,0.1035891599982509,544.22,546.37,545.51,544.83,542.74,543.5319011247806,538.2876719758259,5.244229148954673,1,553.8968285714286,536.7831714285714,0.272414265539683,33.924451309743624,8.397637307480762,49.68249140228795,50.31176619243848,7341798.102221429,0.36706568394888195,-0.47218870060246637,0.004716459707432286,0.034074748279196765,0.0917280589365792,1.642790201248706,0,1,0,0,0,0
40434792.0,546.8588,543.7,549.01,549.01,543.65,1719892800000,326760,2024-07-02,541.8025,527.8334,519.1375,486.35574999999994,1,1,1,1,71.64393395549172,5.2927670709868835,5.659911955649416,-0.3671448846625322,553.295683105415,530.309316894585,545.34,5.360000000000014,4.30698571428571,1243393402.0,6.0,0.0527777777777777,,0.0067072029211542,0.0076721179083383,0.0037786815901455,46020979.4,0.8786165033245685,8559163839210.129,18087810934.0,473.20064713421493,88.11973807296549,75.92654644487426,1,7,0.1088257575757575,0.0901328763828763,545.34,544.22,546.37,545.51,544.83,544.374685567122,539.0819184961351,5.2927670709868835,1,557.6239714285714,540.3960285714286,0.29025650325739355,37.19870376080092,8.341929554918728,53.52444224366976,79.94184522165139,7613914.005401093,0.11610118130031777,-1.0860090150550386,0.0034911350758544124,0.04018567639257298,0.10875272639146938,2.0303636127241815,0,1,0,0,0,0
32788711.0,550.2991,548.69,551.46,551.83,548.65,1719979200000,253837,2024-07-03,542.9559999999999,528.8682,519.6689,486.8962,1,1,1,1,69.49806949806955,5.465920519063616,5.6211136683322565,-0.1551931492686407,553.3604917425557,532.5515082574441,549.01,3.1800000000000637,4.021985714285718,1276182113.0,0.0,0.0,,0.0044526503181848,0.0109072244321828,0.003985287509222,45932526.9,0.713845137921206,8577245501778.188,18120599645.0,473.3422552131104,96.9771241830065,85.9995574863115,2,7,0.0527777777777777,0.0788947811447811,549.01,545.34,544.22,546.37,545.51,545.4647339414109,539.9988134223473,5.465920519063616,1,559.5039714285715,543.4160285714286,0.2942306127921612,32.21578537392423,8.933043022648132,56.04557301353389,126.42923831859503,7760236.18887681,0.052847383454229846,-1.4154896165572306,0.005414866269211949,0.04366093226594003,0.10353798126951097,2.736865794070185,0,1,0,0,0,0
41488389.0,553.594,551.77,554.64,555.05,551.12,1720152000000,339620,2024-07-05,543.9545,529.848,520.2033,487.45125,1,1,1,1,71.77563415505536,5.792967573607257,5.655484449387257,0.13748312422,554.8329857208532,533.0760142791469,551.46,3.92999999999995,4.035914285714284,1317670502.0,0.0,0.0,,0.0057499480361618,0.0151362629719786,0.0042576356427393,45626428.1,0.909306091396622,8600256621853.148,18162088034.0,473.5279669250142,97.30263157894755,94.13316461163986,4,7,0.0,0.0741893939393939,551.46,549.01,545.34,544.22,546.37,546.87631333504,541.0833457614327,5.792967573607257,1,562.7118285714286,546.5681714285714,0.2803592360675644,37.803436283192475,7.645638798848,58.57819259543197,165.675041823179,7999479.428676613,-0.38186969002855753,-1.2880470427853352,0.013967093235831785,0.03735014120859592,0.09688519727083955,3.5550781446057997,0,1,1,0,0,0
35610451.0,555.1703,555.44,555.28,556.2501,554.19,1720411200000,315485,2024-07-08,544.9855,530.8454,520.7463,488.0141,1,1,1,1,72.08480565371029,6.034238427467926,5.731235245003391,0.3030031824645354,556.0617134418935,533.9092865581065,554.64,2.0600999999999203,3.971635714285713,1353280953.0,0.0,0.0,,0.0011532363970932,0.0203226636286795,0.0023704962144866,45866524.15,0.7763930592067767,8620030393084.429,18197698485.0,473.6879446700223,93.37494621966955,95.88490066054122,0,7,0.0,0.032320707070707,554.64,551.46,549.01,545.34,544.22,548.1691882065722,542.1349497791043,6.034238427467926,1,563.2232714285714,547.3367285714286,0.2661970950997304,40.57360316807699,7.769378933874157,61.218106623706824,183.76115205915136,8040570.386126489,-0.5344333624821179,-0.3679982989425013,0.019779251069769188,0.038566565667901065,0.0986723650105854,8.573132398676687,0,1,0,0,0,0
27306805.0,556.1017,556.26,555.82,557.18,555.52,1720497600000,298711,2024-07-09,546.076,531.892,521.3637,488.6,1,1,1,1,67.78140293637853,6.197578971917551,5.824503990386223,0.3730749815313281,556.8939468817655,535.2580531182346,555.28,1.8999999999999773,3.612864285714287,1380587758.0,0.0,0.0,,0.000972009796627,0.0192173689808192,0.002630718490325,45070638.15,0.6058668374989494,8635208061439.528,18225005290.0,473.8110043884398,90.77340569877944,93.8169944991322,1,7,0.0,0.0105555555555555,555.28,554.64,551.46,549.01,545.34,549.3462361747919,543.1486572028743,6.197578971917551,1,563.0457285714286,548.5942714285715,0.26702398748867057,35.13239395826963,8.54090837927556,62.537026713341916,179.29398560453515,8067125.772057912,-0.6483813541861648,1.2052492273624773,0.0240999373549029,0.04084193179903006,0.10393453693221333,7.3049609838091225,0,1,0,0,0,0
38701220.0,559.4299,557.07,561.32,561.67,556.77,1720584000000,339735,2024-07-10,547.359,532.9532,521.9911999999999,489.24965,1,1,1,1,72.40656653859595,6.6936710911082855,5.9983374105306355,0.69533368057765,559.0285517435158,535.6894482564843,555.82,5.849999999999909,3.895721428571424,1419288978.0,0.0,0.0,,0.0098466520549797,0.0224221781024025,0.0036666623542072,45219636.55,0.8558498686120024,8656931830249.929,18263706510.0,473.99643799082975,98.17992719708836,94.1094263718458,2,7,0.0,0.0,555.82,555.28,554.64,551.46,549.01,551.1883536863623,544.4946825952541,6.6936710911082855,1,569.111442857143,553.5285571428572,0.27094824978477744,40.64899036843549,7.920777554877929,63.740972552695595,202.7609499215243,8450085.561198283,0.11020301888925726,0.5478243996264496,0.03026632160490439,0.04790352089011707,0.10439538818714844,6.115129997005303,0,1,0,0,0,0
52754184.0,558.1228,561.44,556.48,562.33,555.83,1720670400000,458804,2024-07-11,548.3355,533.8816,522.5359000000001,489.87995,1,1,1,1,64.82176360225142,6.619969234735208,6.12266377537155,0.4973054593636581,559.5990592673131,537.0719407326869,561.32,6.5,4.007149999999991,1366534794.0,0.0,0.0,,-0.0086599217170167,0.009103108113009,0.0069076726383224,46083175.2,1.1447601813687525,8686288478562.249,18316460694.0,474.23400315584183,70.58823529411751,86.51385606332845,3,7,0.0,0.0,561.32,555.82,555.28,554.64,551.46,552.0024531192297,545.3824838844945,6.619969234735208,1,564.4943,548.4657000000001,0.1825127481704989,39.51864612727631,6.613178941461089,64.29453144982432,149.0820384605844,7995210.889780909,-0.7021951417945238,0.7425615599712023,0.020109622188410947,0.03637210168544547,0.09100890091361813,1.317823731870198,0,1,0,0,0,0
53084405.0,560.3967,557.63,559.99,563.67,557.15,1720756800000,418470,2024-07-12,549.267,535.0418,523.1407,490.51875,1,1,1,1,73.45454545454548,6.766784370229402,6.251487894343121,0.5152964758862808,561.1651451008953,537.3688548991048,556.48,7.189999999999941,4.2364357142857,1419619199.0,0.0,0.0,,0.0062876952609787,0.0096458964373287,0.0069880242210975,45574830.2,1.1647746084197148,8716015214518.199,18369545099.0,474.4818212723559,82.66603862458801,83.8114003719313,4,7,0.0,0.0,556.48,561.32,555.82,555.28,554.64,553.231306485502,546.4645221152726,6.766784370229402,1,568.4628714285714,551.5171285714287,0.20792697369075,39.639117108276736,2.613382880383984,65.6733117456458,147.11863154579777,8330041.00326207,-0.8968644741773,0.6367351278518102,0.024928162234383322,0.034413329392640746,0.1155623730029085,1.3803447625094445,0,1,1,0,0,0
40584293.0,561.8968,562.03,561.53,564.8371,559.63,1721016000000,398072,2024-07-15,550.221,536.2654,523.7883999999999,491.19700000000006,1,1,1,1,78.66951480012202,6.927545124588278,6.386699340392153,0.540845784196125,562.8546658012946,537.5873341987054,559.99,5.2070999999999685,4.299085714285695,1460203492.0,0.0,0.0,,0.0027462746413669,0.0112555827690534,0.0069806408801055,45380997.4,0.8943014769437395,8738804512566.489,18410129392.0,474.6737150236369,85.2342490768894,79.49617433186499,0,7,0.0,0.0,559.99,556.48,561.32,555.82,555.28,554.5080285646555,547.5804834400673,6.927545124588278,1,570.1281714285714,552.9318285714286,0.17069762761342203,38.840650497308154,2.575298401890155,67.08949100068405,142.75650430705406,8441649.80202633,-1.3945343311181175,3.219154675107706,0.03180698982029306,0.03517374873260204,0.12227440791445976,1.612397319730061,0,1,0,0,0,0
36439260.0,563.6385,562.865,564.86,565.16,562.1,1721102400000,354165,2024-07-16,551.325,537.462,524.4649,491.89105,1,1,1,1,79.44722140546895,7.240191925016688,6.55739785731706,0.6827940676996285,565.0340112507627,537.6159887492374,561.53,3.629999999999995,4.361228571428553,1496642752.0,0.0,0.0,,0.0059127117631351,0.0162642582130905,0.007105116127777,45198465.65,0.8062056858781886,8759387592970.089,18446568652.0,474.8518685625787,98.67491166077758,88.85839978741835,1,7,0.0,0.0,561.53,559.99,556.48,561.32,555.82,556.1006395547086,548.8604476296919,7.240191925016688,1,573.5824571428572,556.1375428571429,0.16034351485092724,38.81606099873285,2.2437976189141176,68.69149869676706,142.375818370097,8657742.861702573,-1.6105927477899913,3.6113048264576304,0.03579418344519003,0.04067946497660202,0.11846820980931838,2.2890878952178633,0,1,0,0,0,0
57073131.0,558.5547,558.8,556.94,560.51,556.61,1721188800000,472515,2024-07-17,551.817,538.375,524.9593,492.53315,1,1,1,1,63.85454545454553,6.7708389404517675,6.600086073944002,0.1707528665077653,565.5936929038966,538.0403070961034,564.86,8.25,4.72122857142855,1439569621.0,0.0,0.0,,-0.0141203986345099,-0.0078030357015606,0.0092755595414009,45260149.35,1.2610018265439065,8791173902549.229,18503641783.0,475.10506340573534,63.69257950530071,82.53391341432258,2,7,0.0,0.0,564.86,561.53,559.99,556.48,561.32,556.2297719309072,549.4589329904554,6.7708389404517675,1,566.3824571428571,547.497542857143,0.07154238621990246,34.28284404872169,10.378654464882294,68.21895491484376,67.7297977525077,7857510.596150053,-1.3505678513727617,1.2524689136180334,0.014444181344602125,0.017985743008590793,0.08928396800250349,-0.8412459921444455,0,1,0,0,0,0
56226892.0,554.2508,558.51,552.66,559.52,550.43,1721275200000,510018,2024-07-18,552.0255,539.0968,525.4074,493.15905,1,1,1,1,57.040519364226505,5.984527183992668,6.4769742959537355,-0.4924471119610674,565.7161367926889,538.3348632073111,556.94,9.090000000000032,5.202657142857122,1383342729.0,0.0,0.0,,-0.0077145299686901,-0.0068645773433008,0.0091028475977981,46002673.1,1.222252712962456,8822248256681.95,18559868675.0,475.3400151244308,44.78798586572435,69.05182567726756,3,7,0.0,0.0,556.94,564.86,561.53,559.99,556.48,555.6805762492291,549.6960490652365,5.984527183992668,1,563.0653142857142,542.2546857142858,0.0004746882402116641,30.121970637239926,17.90293970417566,65.74193638727697,23.483864933331745,7425415.401407343,-0.7775193006330832,-0.5438151088759763,0.0021760417800020804,0.007602691024448882,0.06986468436029947,-0.7541123509348625,0,1,0,0,0,0
65501881.0,550.3143,552.42,548.99,554.08,547.91,1721361600000,446109,2024-07-19,552.125,539.7338000000001,525.8374,493.76745000000005,0,1,1,1,55.16345529335351,5.007507691792625,6.183080975121514,-1.1755732833288883,565.6902023865966,538.5597976134034,552.66,6.170000000000073,5.11979999999999,1317840848.0,0.0,0.0,,-0.0066627578208101,-0.019643207914427,0.0081712813120247,45761355.85,1.431379813454544,8858208134332.139,18625370556.0,475.599028094426,28.5777385159012,45.686101295642096,4,7,0.0,0.0,552.66,556.94,564.86,561.53,559.99,554.6512568262708,549.6437491344782,5.007507691792625,1,559.2296,538.7504,-0.025815174904178128,25.97757724548695,21.708437268516693,61.875560809915534,-20.805204389662045,6990442.898837957,-0.317485645815775,-1.101758961126533,-0.010186787826337751,0.0036380255941499406,0.0615887380593263,-2.403929460392688,0,1,1,0,0,0
43346720.0,553.5478,553.0,554.65,555.27,551.02,1721620800000,419641,2024-07-22,552.6320000000001,540.483,526.3146,494.43275,1,1,1,1,59.17602996254675,4.6364809364587245,5.873760967388956,-1.237280030930232,565.7494156633105,539.5145843366896,548.99,6.279999999999973,5.328371428571415,1361187568.0,0.0,0.0,,0.0102570577772795,-0.0122522394173062,0.0101619862688927,44757248.9,0.9684849061399752,8882250392580.139,18668717276.0,475.7825758065832,51.13900511390053,41.501576498508705,0,7,0.0,0.0,548.99,552.66,556.94,564.86,561.53,554.651063468383,550.0145825319242,4.6364809364587245,1,565.3067428571428,543.9932571428571,-0.0015284384725803696,26.555956520277284,20.282262602311892,58.52404713426285,11.784689321253099,7437340.7206561975,-0.3255612904575796,-1.3868199293272643,-0.0011345627431206262,0.018622247525297952,0.07242986136622886,-1.2056921782988672,0,1,0,0,0,0
34332061.0,554.7749,554.54,553.78,556.735,553.275,1721707200000,308679,2024-07-23,553.184,541.1552,526.7898,495.07835,1,1,1,1,54.97600667640306,4.2235513596421015,5.543719045839586,-1.3201676861974845,565.4502436235153,540.9177563764846,554.65,3.4600000000000364,5.192657142857131,1326855507.0,1.0,0.0,,-0.0015697882205588,-0.0196154799419325,0.0091169199572382,44197419.25,0.7767888166909203,8901262801320.719,18703049337.0,475.9257509796259,34.028985507246404,37.91524304568272,1,7,0.0,0.0,554.65,548.99,552.66,556.94,564.86,554.5170537040163,550.2935023443742,4.2235513596421015,1,564.1653142857142,543.3946857142857,0.019601458294752377,24.95969583079395,20.8123559063056,54.64518728561742,18.25219706636466,7383488.934719119,-0.2152608683612134,-1.439711923127828,-0.003670252959591336,0.020341231528908876,0.06461349174308406,-2.1515444380878663,0,1,0,0,0,0
74515266.0,544.6543,548.86,541.23,549.17,540.29,1721793600000,537919,2024-07-24,553.004,541.563,527.1213,495.662,0,0,1,1,41.185593658452504,2.850759795359636,5.005127195743596,-2.1543674003839604,565.8770586068188,540.1309413931813,553.78,13.490000000000007,5.929085714285699,1252340241.0,1.0,0.6,,-0.0229231688312883,-0.028207706395662,0.0119719104385591,46009515.25,1.6195620752600737,8941592698737.898,18777564603.0,476.18489872266736,3.7796542018498367,29.64921494099893,2,7,0.0,0.12,553.78,554.65,548.99,552.66,556.94,552.4728915957062,549.6221318003466,2.850759795359636,1,553.0881714285714,529.3718285714286,-0.07544579147223561,18.46225387454779,33.87055580312675,52.70669606957791,-122.58709996787363,5694792.000376964,-0.4693202531104596,-0.3492766947092823,-0.03579063635715818,-0.006607565662683834,0.03914829890177396,-2.3561555174398556,0,1,0,0,0,0
61158288.0,541.5216,541.35,538.41,547.455,537.45,1721880000000,555720,2024-07-25,552.649,541.913,527.3769,496.20634999999993,0,0,1,1,35.9285590428299,1.5177662929119151,4.30765501517726,-2.789888722265345,566.7273789437585,538.5706210562415,541.23,10.004999999999995,6.363014285714273,1191181953.0,0.0,0.0,,-0.0052239754235266,-0.0257843882314623,0.0119200148241564,47140097.8,1.2973729553866136,8974520932579.979,18838722891.0,476.386907143661,3.464453265968695,13.757697658354989,3,7,0.6,0.12,541.23,553.78,554.65,548.99,552.66,550.3093698117514,548.7916035188395,1.5177662929119151,1,551.1360285714285,525.6839714285715,-0.1483458659267915,13.588573248798381,34.74880503234665,51.093909366290355,-145.19437871926803,5376135.658045598,-0.5977106552755346,-0.04308093705840932,-0.03247196664749863,-0.013015343440083593,0.033595054807932234,-2.1631153132507928,0,1,0,0,0,0
53763788.0,543.8477,542.28,544.44,547.19,541.49,1721966400000,458201,2024-07-26,552.5525,542.3358000000001,527.6983,496.7671,0,1,1,1,41.40501110053926,0.9371273232687828,3.6335494767955647,-2.696422153526782,566.8370457529553,538.2679542470447,538.41,8.780000000000086,6.843007142857142,1244945741.0,2.0,0.325,,0.0111373917545781,-0.0082879469571394,0.0138800379000125,48077519.1,1.1182729268574092,9003792089318.7,18892486679.0,476.5805710122263,25.225550342836623,10.823219270218392,4,7,0.0,0.185,538.41,541.23,553.78,554.65,548.99,549.4063898407127,548.4692625174439,0.9371273232687827,1,558.1260142857143,530.7539857142858,-0.1616218005811415,11.382735867858441,32.311400268646295,49.66825545935185,-102.3627829635785,5978270.91117983,-0.4371706348034721,-0.2659610281468489,-0.027768353006303648,-0.0035324047806430947,0.04039747754634071,-0.5971122734476972,0,1,1,0,0,0
38815824.0,545.1641,546.02,544.76,547.05,542.72,1722225600000,364439,2024-07-29,552.5795,542.6354,528.0740999999999,497.3182,0,1,1,1,41.19987269255247,0.4970583034826177,3.0062512421329757,-2.509192938650358,566.7996272849385,538.3593727150616,544.44,4.329999999999927,7.016578571428568,1283761565.0,0.0,0.0,,0.0005875872368837,-0.0178310646353555,0.0123982912065857,46211083.55,0.8399678392739182,9024937397600.94,18931302503.0,476.7203628049775,26.380368098159387,18.356790568988245,0,7,0.325,0.185,544.44,538.41,541.23,553.78,554.65,548.6915606344492,548.1945023309665,0.4970583034826177,1,558.7931571428571,530.7268428571429,-0.11673580309248499,10.154521789704651,31.51210245617139,48.98046735043913,-95.11722676789672,6001085.296015622,-0.38922203147874834,-0.17567774415215354,-0.029864833579684058,0.0009922457829554254,0.028275888104496216,-1.4381861142302332,0,1,0,0,0,0
46780632.0,542.4849,546.26,542.0,547.34,538.515,1722312000000,428532,2024-07-30,552.4125,542.9016,528.3965999999999,497.8466,0,0,1,1,33.92678868552409,-0.0735605388396152,2.3902888859384577,-2.463849424778073,567.0625567629531,537.7624432370469,544.76,8.825000000000045,7.229078571428578,1236980933.0,1.0,0.0,,-0.0050793292611103,-0.0212719852649065,0.0123539980849816,46535349.65,1.005270882282927,9050292500144.94,18978083135.0,476.8812759310815,16.420064958498617,22.675327799831553,1,7,0.0,0.185,544.76,544.44,538.41,541.23,553.78,547.6620897676108,547.7356503064505,-0.07356053883961522,0,556.4581571428572,527.5418428571428,-0.15586668575044313,5.419580246304792,34.74064566273105,49.38234534285885,-117.96910363642239,5764073.503079286,-0.13426497824453507,0.28284889133581814,-0.0404702050065503,-0.0061246195034291295,0.02517543361894492,-1.7218691390340128,0,1,0,0,0,0
65663388.0,549.7549,548.98,550.81,553.5,547.5799,1722398400000,499830,2024-07-31,552.5024999999999,543.3288,528.7566,498.43235,0,1,1,1,45.575152177306016,0.1830037361368113,1.9488318559781288,-1.7658281198413173,567.0865126959503,537.9184873040496,542.0,11.5,7.586221428571434,1302644321.0,1.0,0.0,,0.0161239206603582,0.0177004231103226,0.0096939091152036,47796779.45,1.3738036067616266,9086460550889.22,19043746523.0,477.1361843067532,48.21364128473453,30.338024780464185,2,7,0.0,0.065,542.0,544.76,544.44,538.41,541.23,548.1463836495169,547.9633799133801,0.1830037361368113,1,565.9824428571428,535.6375571428571,-0.1877850711755933,10.964427047629977,32.22006814683576,47.80315439961261,-27.48204969792801,6831406.433485184,-0.24157465913039985,0.3359048343662262,-0.011006571623514372,0.003278628804575412,0.04034375295117565,1.825930555017927,0,1,0,1,0,0
76428732.0,544.9688,552.57,543.01,554.8688,539.43,1722484800000,658124,2024-08-01,552.08,543.5878,529.0695,498.9899,0,0,1,1,37.58045640725567,-0.2402921023989392,1.5110070643027151,-1.7512991667016544,567.2682530785737,536.8917469214264,550.81,15.438800000000017,8.17542142857144,1226215589.0,1.0,0.0,,-0.0142621861293837,0.008543674894597,0.0122382800349498,49978780.5,1.5292236272151538,9127962116652.54,19120175255.0,477.39950052317334,20.06495849873678,28.23288824732332,3,8,0.0,0.065,550.81,542.0,544.76,544.44,538.41,547.3561707803605,547.5964628827594,-0.24029210239893928,0,559.3608428571429,526.6591571428571,-0.2457570007798441,9.003467710357954,37.018537267452466,45.891977008559174,-79.12989741654924,5749101.991663148,-0.1631157995090483,-0.3209885667611602,-0.017461006767271026,-0.01532296086751539,0.024431196468324368,0.6981101828930503,0,1,0,0,0,0
82789070.0,532.2754,535.75,532.9,536.99,528.6,1722571200000,746100,2024-08-02,550.9929999999999,543.6186,529.2857,499.47420000000005,0,0,1,1,31.3921747042766,-1.375691496096124,0.9336673522229474,-2.3093588483190715,568.3646757971087,533.6213242028912,543.01,14.409999999999968,8.832771428571439,1143426519.0,0.0,0.0,,-0.0187939466678842,-0.0211960913966645,0.0137017415328309,52043814.55,1.590757147911634,9172080412055.54,19202964325.0,477.63877788985786,11.761487964988952,26.680029249486765,4,8,0.0,0.0,543.01,550.81,542.0,544.76,544.44,545.1321445064589,546.507836002555,-1.375691496096124,0,550.5655428571429,515.2344571428571,-0.26555729175659026,7.389607532388292,43.02152373765372,44.68618413207475,-182.8293924653007,4207698.522666253,-0.07546941828952765,-1.048144796370946,-0.029308366272609798,-0.039196595990191874,0.002898223426678559,-1.5469621782205245,0,1,1,0,0,0
146176391.0,518.2045,511.64,517.38,523.58,510.27,1722830400000,1274894,2024-08-05,549.0980000000001,543.3696,529.2917,499.881,0,0,0,1,23.361759425493673,-3.4876347077267837,0.0494069402330011,-3.537041647959785,571.9156603810079,526.2803396189922,532.9,22.629999999999995,10.189914285714297,997250128.0,0.0,0.0,,-0.0295561751104484,-0.0502606652470812,0.0172055543192358,57572111.55,2.539013891700834,9247709153231.12,19349140716.0,477.9390097454868,14.152070063694293,15.326172175806684,0,8,0.0,0.0,532.9,543.01,550.81,542.0,544.76,540.8625838131575,544.3502185208843,-3.4876347077267837,0,537.7598285714286,497.0001714285714,-0.23317785240035976,6.17907903289669,50.140545129347686,43.8995054903774,-254.43486269928033,-49493.42389031686,0.05165801530096666,-0.743327294807799,-0.06719552871180023,-0.06825385391154004,-0.023498103165166317,-2.9211866762713408,1,1,0,0,0,0
84626312.0,523.6698,519.22,522.15,529.75,517.87,1722916800000,731362,2024-08-06,547.4145,543.2934,529.3534999999999,500.3407,0,0,0,1,29.76619751075951,-4.722033124728341,-0.9048810727592672,-3.8171520519690736,572.9504094733561,521.8785905266438,517.38,12.370000000000005,10.484200000000012,1081876440.0,3.0,0.1666666666666666,,0.0091772887332694,-0.0366236162361623,0.0193388837785022,60438086.9,1.4002149363202296,9291896782041.92,19433767028.0,478.131530992125,24.121827411167505,16.678461813283594,1,8,0.0,0.0333333333333333,517.38,532.9,543.01,550.81,542.0,537.9837247649793,542.7057578897077,-4.722033124728341,0,543.1184,501.18159999999995,-0.22726044339214801,10.209240025793207,44.992805497456466,44.57724372958394,-170.24210855047747,730721.3278202198,-0.0644059108173343,-1.2154046322889533,-0.05711654447614578,-0.06057716526933188,-0.00724389687428717,-1.8937803090306233,0,1,0,0,0,0
70669558.0,523.5822,528.47,518.66,531.59,518.0519,1723003200000,644155,2024-08-07,545.2814999999999,543.0778,529.3906000000001,500.80185,0,0,0,1,30.042263442122533,-5.913746606712721,-1.906654179549958,-4.007092427162762,572.963366589784,517.5996334102159,522.15,13.538099999999986,10.801921428571436,1011206882.0,1.0,0.5,,-0.0067063404083739,-0.0583685844483577,0.0144567533991618,62036503.8,1.1391608757939065,9328550254994.2,19504436586.0,478.2783759921625,18.056601743247565,18.77683307270313,2,8,0.1666666666666666,0.1333333333333333,522.15,517.38,532.9,543.01,550.81,535.0108440319055,540.9245906386183,-5.913746606712721,0,540.2638428571429,497.0561571428571,-0.29998235981374,11.125666134059054,39.582838764823975,46.7683881090727,-150.44398250908273,258372.85052442335,-0.27226390138548745,-0.4441231319034427,-0.04170130997912169,-0.07599942991520003,-0.020361136294953286,-4.037458650789145,0,1,0,0,0,0
63276589.0,527.8547,523.91,530.65,531.29,521.84,1723089600000,570742,2024-08-08,543.99,543.0946,529.5988000000001,501.34915,0,0,1,1,40.19251336898392,-5.823564900498582,-2.690036323739683,-3.1335285767588985,571.8814142609075,516.0985857390925,518.66,12.629999999999995,11.263350000000004,1074483471.0,0.0,0.0,,0.0228541076906477,-0.0227620117493232,0.0210490917639047,62562624.05,1.0114120045449084,9362127976947.049,19567713175.0,478.4477313837696,43.86097062304957,28.679799925821555,3,8,0.5,0.1333333333333333,518.66,522.15,517.38,532.9,543.01,534.3399449500739,540.1635098505725,-5.823564900498582,0,553.1767,508.1233,-0.22000995107762913,10.669878093191596,36.36313479202369,50.03092588360321,-104.7371771959413,1721154.445615615,-0.20506928276803177,-0.7932305952710256,-0.014412808083059336,-0.04641676250718807,0.0015854740378626886,-1.0813768684588632,0,1,0,0,0,0
45575558.0,531.7266,529.81,532.99,534.51,528.56,1723176000000,459821,2024-08-09,542.64,543.2324000000001,529.8001,501.9118,0,0,1,1,37.99068529607453,-5.499877638929092,-3.252004586777565,-2.2478730521515273,569.8766711004016,515.4033288995984,530.65,5.9500000000000455,11.23977857142858,1120059029.0,0.0,0.0,,0.004399992055931,0.0001688872208669,0.0196496156587022,62187181.7,0.7328770456243396,9386419293605.469,19613288733.0,478.57447169543326,48.89701926180999,36.93819720936905,4,8,0.0,0.1333333333333333,530.65,518.66,522.15,517.38,532.9,534.132261111601,539.6321387505301,-5.499877638929092,0,555.4695571428572,510.51044285714283,-0.19791780277359936,11.982315360052068,36.439393503784046,52.681933612832815,-70.39362608638635,1922128.3563288983,-0.12487647544763773,-0.5230517685046715,-0.02103078392476676,-0.04821514669904825,0.013096369511499617,0.008594933247092427,0,1,1,0,0,0
42541669.0,533.2281,534.21,533.27,535.73,530.95,1723435200000,437514,2024-08-12,541.227,543.4456,529.9757,502.46,0,0,1,1,38.55340997879227,-5.161263657483687,-3.6338564009187895,-1.5274072565648975,567.242200495902,515.2117995040979,532.99,4.779999999999973,11.33406428571429,1162600698.0,0.0,0.0,,0.0005252002446609,0.0307124357338899,0.0110468109567217,62285050.5,0.6830157262214952,9409105489433.1,19655830402.0,478.6928507724463,51.570894284151166,48.10962805633691,0,8,0.0,0.1333333333333333,532.99,530.65,518.66,522.15,517.38,533.9996055559701,539.1608692134538,-5.161263657483687,0,555.9381285714286,510.6018714285714,-0.18980318408268854,11.728235174009061,36.13626179764433,55.67715889981942,-54.43086776437368,1944477.119570229,-0.12349744060084512,-0.5222772419278938,-0.02109185696453486,-0.05032678574608662,0.02039761963988429,2.7802058034807007,0,1,0,0,0,0
52333073.0,539.2412,536.53,542.04,542.28,536.28,1723521600000,422228,2024-08-13,540.086,543.7389999999999,530.1913,503.0824500000001,1,0,1,1,50.47197296352404,-4.137548844015328,-3.734594889538098,-0.4029539544772302,563.6203434602527,516.5516565397473,533.27,9.009999999999993,11.014064285714287,1214933771.0,0.0,0.0,,0.0163119369460895,0.0380925021545532,0.0119736606206605,63079741.15,0.8296336041638941,9437472108322.02,19708163475.0,478.8610628429963,71.23510049597746,57.234338013979546,1,8,0.0,0.1,533.27,532.99,530.65,518.66,522.15,535.2365893165901,539.3741381606054,-4.137548844015328,0,564.0681285714286,520.0118714285713,-0.17246892111877798,16.316800142135335,28.765104873783716,55.54642543964335,-3.1615190422269777,2805131.2913968763,-0.400715519812102,-0.8810979450673041,7.380073800722364e-05,-0.04039939099953982,0.027817281984185538,3.1813554390601664,0,1,0,0,0,0
42428929.0,543.0548,542.85,543.75,544.96,540.12,1723608000000,389696,2024-08-14,539.4265,544.058,530.4068,503.73845,1,0,1,1,53.15230224321136,-3.1519312682892178,-3.618062165288322,0.466130896999104,561.6764156946927,517.1765843053074,542.04,4.840000000000032,10.645135714285718,1257362700.0,0.0,0.0,,0.0031497829483808,0.0483746577719508,0.0096385117019132,62347531.05,0.680523002041153,9460542838465.77,19750592404.0,479.0004595786083,75.06928437536443,65.95842638516437,2,8,0.0,0.0,542.04,533.27,532.99,530.65,518.66,536.5463448063455,539.6982760746347,-3.1519312682892178,0,565.0402714285715,522.4597285714285,-0.11945688134300698,18.68056436114145,27.85638510762753,53.82793643388038,22.51049209241818,2938983.9011489307,-0.30523263197932665,-0.49870859590560607,-0.01281748697372953,-0.02368298200883412,0.030219780219780334,5.018887674688606,0,1,0,0,0,0
60821612.0,551.1832,549.5,553.07,553.36,548.88,1723694400000,480230,2024-08-15,539.447,544.5516,530.7254,504.4504,1,1,1,1,54.90396635981362,-1.6003285378110377,-3.2145154397928652,1.6141869019818276,561.7489480857823,517.1450519142177,543.75,9.610000000000014,10.704421428571427,1318184312.0,0.0,0.0,,0.0169949933870614,0.0422500706680488,0.0077777497267696,62577267.05,0.9719442038177024,9494181447414.61,19811414016.0,479.22785520240825,95.9667076244206,80.75703083192083,3,8,0.0,0.0,543.75,542.04,533.27,532.99,530.65,539.0884456053692,540.6887741431802,-1.6003285378110377,0,574.4788428571429,531.6611571428572,-0.05382963341585774,24.182263802595443,27.702104402272898,50.89121515015288,89.5594177607214,3981480.312808708,-0.7556124756583502,0.012401547604632412,0.018526362313769695,0.0007418666087650738,0.04670792407123536,5.432164550240852,0,1,0,0,0,0
44402728.0,553.4599,551.42,554.31,555.02,551.26,1723780800000,328823,2024-08-16,539.713,544.9444,531.0708,505.144,1,1,1,1,55.37059948262287,-0.2675306317348713,-2.625118478181266,2.3575878464463953,562.6130805330664,516.8129194669335,553.07,3.759999999999991,10.663707142857149,1362587040.0,0.0,0.0,,0.0022395212452159,0.0400007504831234,0.0081002673008451,61522309.4,0.7217337650852229,9518794323572.29,19855816744.0,479.3957582454352,98.41340782122896,89.81646660700467,4,8,0.0,0.0,553.07,543.75,542.04,533.27,532.99,541.4302232045432,541.697753836278,-0.26753063173487135,0,575.6374142857143,532.9825857142856,0.0023034735793398434,25.386507906632115,27.807871691109305,47.555048779141785,100.2491902144573,4081032.598631475,-1.201961195064266,2.351186022996122,0.04017639331957201,0.009690522596039974,0.03673293807395206,4.938195199681637,0,1,1,0,0,0
38721793.0,557.2584,554.73,559.61,559.61,553.86,1724040000000,365311,2024-08-19,539.961,545.4434,531.4788,505.85105,1,1,1,1,59.628212137780224,1.2025250568631236,-1.8595897711723888,3.0621148280355124,563.6364884571383,516.2855115428617,554.31,5.75,10.444064285714289,1401308833.0,1.0,0.4,,0.0095160155035665,0.0493933654621487,0.0069913520805377,61291063.05,0.6317689900142791,9540463426153.02,19894538537.0,479.55188346840015,100.0,98.12670514854987,0,8,0.0,0.08,554.31,553.07,543.75,542.04,533.27,544.2271119423058,543.0245868854427,1.2025250568631236,1,580.4981285714285,538.7218714285715,0.008856443138998733,29.059568351602344,25.516817821639144,42.803702434642446,127.46893804249967,4451268.572905802,0.18886036369942052,-0.46838064340932156,0.08162279175847553,0.008942576399531221,0.04666517038865825,7.0649130874866515,0,1,0,0,0,0
33732264.0,558.9322,559.15,558.7,560.84,557.325,1724126400000,335460,2024-08-20,540.207,545.9372,531.8341,506.53125,1,1,1,1,54.72172351885104,2.267981507395916,-1.0340755154587278,3.302057022854644,564.579057425621,515.8349425743789,559.61,3.5149999999999864,9.873707142857144,1367576569.0,3.0,0.0,,-0.0016274560736346,0.0307357390598481,0.0073089051552703,61261073.2,0.5506312938703137,9559309642049.82,19928270801.0,479.68585621438535,95.76824204073564,98.0605499539882,1,8,0.4,0.08,559.61,554.31,553.07,543.75,542.04,546.453710105028,544.1857285976321,2.267981507395916,1,578.4474142857143,538.9525857142858,0.02271037990223973,27.171730980535525,26.990803133937167,39.311810120333185,132.6150730190607,4396415.442618638,0.45283253516445726,-0.7802315498925552,0.06999904242076038,0.00888439452490175,0.04623508923053876,4.205239547442992,0,1,0,0,0,0
41491400.0,560.1364,559.77,560.62,562.11,554.73,1724212800000,357430,2024-08-21,541.1765,546.4364,532.2096,507.18055,1,1,1,1,61.336423329470854,3.2300572847946114,-0.1812489554080599,3.4113062402026713,567.2061675070235,515.1468324929766,558.7,7.3799999999999955,9.29807857142857,1409067969.0,0.0,0.0,,0.0034306576905719,0.0310252873563219,0.007282028003164,59609879.9,0.6960490453865182,9582570550717.82,19969762201.0,479.8540139971204,97.12577160493824,97.6313378818913,2,8,0.0,0.08,558.7,559.61,554.31,553.07,543.75,548.6331393196391,545.4030820348445,3.2300572847946114,1,579.2161571428571,542.0238428571429,0.09335883299817244,28.853887628945362,24.394440938688987,35.56192479132987,120.39537934252851,4539002.677270505,0.8009920597241116,-0.7161454923048035,0.08090078278641122,0.035825804186759846,0.04659672180114249,4.260522582118029,0,1,0,0,0,0
55935456.0,558.0054,562.56,556.22,563.18,554.98,1724299200000,438321,2024-08-22,542.0669999999999,546.8218,532.5502,507.7882,1,1,1,1,66.20344635908843,3.5960134376306314,0.5742035231996785,3.021809914430953,568.9042310909946,515.2297689090052,560.62,8.199999999999932,8.85450714285714,1353132513.0,1.0,0.05,,-0.0078794147139089,0.0056954815846095,0.0064347157034857,59348738.3,0.9424877023881062,9613682970054.14,20025697657.0,480.0673182386567,86.84558684558698,93.246533497087,3,8,0.0,0.09,560.62,558.7,559.61,554.31,553.07,549.8003486550792,546.2043352174486,3.5960134376306314,1,573.9290142857143,538.5109857142858,0.1025342354746286,31.162499160543554,16.880023166823094,32.63665240055899,100.9871736083154,4099995.851969948,0.3601953466809689,-0.10735215677978564,0.048186186752096516,0.0330788804071247,0.03588788527795872,0.8851164520539313,0,1,0,0,0,0
50639393.0,560.7801,559.53,562.13,563.09,557.29,1724385600000,479176,2024-08-23,542.9515,547.2371999999999,532.9831,508.4204,1,1,1,1,85.88612670408986,4.313204002529233,1.3220036190655895,2.991200383463643,571.2445962566727,514.6584037433273,556.22,6.8700000000000045,7.728792857142854,1403771906.0,0.0,0.0,,0.0105692404283146,0.0141076293049016,0.0077381512611351,59192518.55,0.8555032669749445,9642148892041.23,20076337050.0,480.2743084073312,97.68263076583546,93.88466307212023,4,8,0.05,0.09,556.22,560.62,558.7,559.61,554.31,551.6972180927594,547.3840140902302,4.313204002529233,1,577.5875857142858,546.6724142857142,0.1298264653656686,35.70138008655009,2.398267701905215,33.304756009030186,106.04583372551917,4638054.196923381,0.09518112241441377,-0.60388079217592,0.054672695547758776,0.03249210197634245,0.03836633663366329,1.823124231819404,0,1,1,0,0,0
35764609.0,561.1748,563.18,560.79,563.91,559.05,1724644800000,374791,2024-08-26,543.7529999999999,547.604,533.3969000000001,509.0397,1,1,1,1,82.79022403258656,4.71905753340377,2.001414401933226,2.7176431314705445,573.1485421611379,514.3574578388619,562.13,4.860000000000014,7.192364285714283,1368007297.0,1.0,0.35,,-0.0023866359777309,0.002108611354336,0.0069465944769732,59039957.8,0.6057695556144181,9662205327122.34,20112101659.0,480.41748649368935,93.19640368877036,92.57487376673092,0,8,0.0,0.0799999999999999,562.13,556.22,560.62,558.7,559.61,553.0961076169502,548.3770500835465,4.71905753340377,1,575.1747285714285,546.4052714285714,0.12345945881559237,33.05092404215869,2.5771378572536894,34.913451041460846,96.75711205127745,4552798.871536011,0.13203174520994143,-0.8713654084706387,0.05160612822772692,0.02942580218811952,0.0338095677020922,0.30354561877327035,0,1,0,0,0,0
32676398.0,560.9924,559.49,561.56,562.06,558.32,1724731200000,306106,2024-08-27,544.731,547.9796,533.8818,509.66125,1,1,1,1,88.16725978647689,5.044680014477535,2.610067524442088,2.4346124900354473,575.1641937200135,514.2978062799865,560.79,3.7399999999998954,6.492499999999991,1400683695.0,1.0,1.0,,0.0013721212114003,0.0051190263110791,0.006854341624408,58334746.1,0.5601532565854435,9680555085183.22,20144778057.0,480.5491059664158,94.41407178511996,95.0977020799086,1,8,0.35,0.2799999999999999,560.79,562.13,556.22,560.62,558.7,554.3982449066502,549.3535648921727,5.044680014477535,1,574.545,548.5749999999999,0.15389921041364718,34.589361347203976,3.6580669999825406,36.68148208095694,83.60373177681855,4597665.624616484,0.4308317623162332,0.19762593309838092,0.03601210242786501,0.036088560885608745,0.03459965363499018,0.7468286705412814,0,1,0,0,0,0
41066024.0,558.4289,561.21,558.3,561.65,555.04,1724817600000,389475,2024-08-28,545.1055,548.2036,534.2805,510.2835500000001,1,1,1,1,79.12365704655575,4.982251131962926,3.0845042459462557,1.89774688601667,576.0339746845954,514.1770253154046,561.56,6.610000000000014,6.062499999999992,1359617671.0,0.0,0.0,,-0.0058221727874356,-0.0041382754807178,0.0072772105012509,57104877.9,0.7191333824741442,9703482246382.42,20185844081.0,480.7072821649236,84.13012729844411,90.58020092411148,2,8,1.0,0.2799999999999999,561.56,560.79,562.13,556.22,560.62,554.9985149210117,550.0162637890488,4.982251131962926,1,570.425,546.175,0.1514789242347516,37.04270986308774,7.782032399672253,37.442184051824036,67.75737857805879,4359266.810171012,0.5327190673197912,-0.34252883326890576,0.026758620689655066,0.013598155443800941,0.020471577408151864,-0.5686615487336767,0,1,0,0,0,0
38685176.0,560.1546,560.31,558.35,563.68,557.18,1724904000000,400442,2024-08-29,545.8725000000001,548.4007999999999,534.6768,510.87225,1,1,1,1,78.06551571491815,4.880550427634262,3.443713482283857,1.4368369453504046,577.3383376990846,514.4066623009155,558.3,6.5,6.101785714285703,1398302847.0,3.0,0.0,,8.955357548638842e-05,0.0038294200136637,0.0061292660124817,55217700.1,0.7005937576165002,9725082114402.02,20224529257.0,480.8557959902097,83.13106796116517,87.22508901490976,3,8,0.0,0.2699999999999999,558.3,561.56,560.79,562.13,556.22,555.5141280100869,550.6335775824526,4.880550427634262,1,570.5535714285714,546.1464285714286,0.1713479864458614,35.411179392986625,7.731928591427379,38.41706492459243,68.0926349995889,4362731.361129279,0.32149879876926457,-0.3909113386958489,0.009546711989440793,0.028249940148431962,0.017976626738864798,0.6247752598945524,0,1,0,0,0,0
62662610.0,561.5791,560.77,563.68,564.2,557.14,1724990400000,430113,2024-08-30,547.4115,548.7343999999999,535.1204,511.4897,1,1,1,1,80.27075452916586,5.170436765523391,3.789058138931764,1.3813786265916268,579.2149121141919,515.6080878858082,558.35,7.060000000000059,6.264642857142852,1460965457.0,1.0,0.2666666666666666,,0.0095007087011262,0.0027573692918008,0.0057059507269036,54211377.1,1.15589408260946,9760403774406.82,20287191867.0,481.1116214799301,98.13753581661858,88.46624369207596,4,8,0.0,0.3233333333333333,558.35,558.3,561.56,560.79,562.13,556.7704160085351,551.5999792430117,5.170436765523391,1,576.2092857142857,551.1507142857142,0.22189853038344376,33.69249187233422,7.530927540330576,39.307697615751955,71.12123976559701,4960907.614912739,0.1345276371512947,-1.2341337370502967,0.016903898540527873,0.057759429536498264,0.03049360146252278,0.48324365059153074,0,1,1,0,0,0
60600113.0,555.1769,560.47,552.08,560.81,549.51,1725336000000,592610,2024-09-03,549.1465000000001,548.8858,535.5,512.0064500000001,1,1,1,1,59.46098756125152,4.4132772095615564,3.913901953057723,0.4993752565038334,577.6684038819727,520.6245961180274,563.68,14.16999999999996,6.633214285714279,1400365344.0,2.0,0.002840909090909,,-0.020793751280581,-0.0155316606929508,0.0112852262276036,49932563.2,1.2136391387975052,9793859884791.86,20347791980.0,481.3229806171755,49.667774086378806,76.97879262138753,1,9,0.2666666666666666,0.2539015151515151,563.68,558.35,558.3,561.56,560.79,556.0488135456835,551.635536336122,4.4132772095615564,1,565.3464285714286,538.8135714285714,0.19782617937797498,24.767135085902453,15.32870295425312,39.01677183645541,29.009391529811946,3713814.741651321,-0.8686353517976633,1.557137326382149,-0.013455799574703775,0.06706869225714174,0.013902407669280636,-1.3762813980765842,0,1,0,0,0,0
47218939.0,551.5111,550.2,550.95,554.43,549.46,1725422400000,510878,2024-09-04,550.5865,549.05,535.8295,512.5128,1,1,1,1,56.85975609756104,3.6796248257219304,3.8670465275905648,-0.1874217018686343,576.1211610872742,525.0518389127258,552.08,4.969999999999914,6.642499999999984,1353146405.0,2.0,0.5,,-0.0020489023785603,-0.0188937958544054,0.011045128736846,48062194.55,0.9824549095625932,9819875159233.91,20395010919.0,481.4841824912048,13.511749347258768,53.77235308341873,2,9,0.002840909090909,0.1539015151515151,552.08,563.68,558.35,558.3,561.56,555.2643806925015,551.5847558667796,3.6796248257219304,1,564.235,537.6650000000001,0.21045914176905312,21.85063712867888,15.361040914526479,38.854085843387814,8.314264943837875,3617166.7901406726,-0.8505071604839632,1.5256889036753256,-0.013871487381421188,0.05515656420568815,0.015126948446770205,-1.7105983278758365,0,1,0,0,0,0
44254358.0,549.8454,550.89,549.61,553.7995,547.1,1725508800000,501681,2024-09-05,552.134,549.1456,536.2171,513.0097000000001,0,1,1,1,46.112359550561735,2.955998316152659,3.684836885302984,-0.7288385691503247,572.8112027019807,531.4567972980193,550.95,6.699499999999944,6.434607142857122,1308892047.0,1.0,0.0,,-0.0024351251402282,-0.0155651083646783,0.0109949963444774,46741434.55,0.9467907527027324,9844197796934.293,20439265277.0,481.63168604753224,14.678362573099342,25.952628668912315,3,9,0.5,0.1539015151515151,550.95,552.08,563.68,558.35,558.3,554.3944759705782,551.4384776544256,2.955998316152659,1,562.4792142857143,536.7407857142857,0.27334351155970876,13.232021045437113,18.47709650178702,39.55102955890669,-12.194849619238893,3509532.994478634,-0.6714289985765799,1.6086202981032776,-0.019638971139095962,0.0596730035090427,0.00877337885211893,-1.415652513242649,0,1,0,0,0,0
68487281.0,542.7722,549.94,540.36,551.6,539.44,1725595200000,673257,2024-09-06,552.6195,549.0426,536.5762,513.4575500000001,0,0,1,1,36.71681584460107,1.6174761412347607,3.271364736489339,-1.6538885952545783,571.5553890386499,533.6836109613502,549.61,12.159999999999968,7.03460714285712,1240404766.0,1.0,0.5,,-0.0169733516920772,-0.0322199337333214,0.0123120676139501,47001969.15,1.457115143015237,9881205584095.451,20507752558.0,481.8278139522816,3.715670436187235,10.635260785515124,4,9,0.0,0.2539015151515151,549.61,550.95,552.08,563.68,558.35,552.2353258212585,550.6178496800237,1.6174761412347607,1,554.4292142857142,526.2907857142858,0.15180160950590516,10.417883016066728,24.679010400146346,42.12829186604155,-78.19925165003413,2356884.117547716,-0.5793672891490477,0.09641032919333321,-0.02851389737873511,0.018298313389239595,-0.009440706861469028,-2.616937185062484,0,1,1,0,0,0
40440622.0,545.1612,544.65,546.41,547.71,542.68,1725854400000,458650,2024-09-09,553.2905000000001,549.0434,537.005,513.9183,0,0,1,1,37.60796094630107,1.03296473762407,2.8236847367162854,-1.7907199990922154,570.133010720444,536.4479892795562,540.36,7.350000000000023,7.148892857142836,1280845388.0,1.0,0.0,,0.011134025598169,-0.0306379506102753,0.0128541265555062,46745222.35,0.8651284552077866,9903302744362.47,20548193180.0,481.95491728204934,28.150242326332457,15.514758445206354,0,9,0.5,0.2005681818181818,540.36,549.61,550.95,552.08,563.68,551.3391218487571,550.3061571111331,1.03296473762407,1,560.7077857142856,532.1122142857143,0.1496907173795819,5.665212894537571,24.284479612299183,46.105228451080244,-76.52951834880538,2809667.008768385,-0.5416476117901496,0.09119312865420019,-0.027965061462650986,0.02517870879378603,7.321046177488633e-05,-2.3835090344634016,0,1,0,0,0,0
36393139.0,547.1814,548.36,548.79,549.15,543.38,1725940800000,410777,2024-09-10,554.0665,549.1347999999999,537.4874,514.3959,0,0,1,1,40.94646446190379,0.7531000796656144,2.4095678053061516,-1.6564677256405371,568.2444952186794,539.8885047813206,546.41,5.769999999999982,7.309964285714265,1317238527.0,3.0,-0.125,,0.0043462449716668,-0.0059592812635851,0.0104155377789803,46437795.85,0.7836965199113773,9923274935114.28,20584586319.0,482.0730803783457,37.76252019386072,23.20947765212681,1,9,0.0,0.175,546.41,540.36,549.61,550.95,552.08,550.9469492566407,550.193849176975,0.7531000796656144,1,563.4099285714285,534.1700714285714,0.18631847748662128,5.7455821060542025,23.749383178171755,50.44138599641649,-77.61350488742333,2968184.7350545046,-0.7007318476416705,-0.04430730985058214,-0.02139838442197617,0.029103456035404207,0.008397339311307706,-0.5721524580408122,0,1,0,0,0,0
75208608.0,548.6732,548.7,554.42,555.36,539.96,1726027200000,646259,2024-09-11,554.6854999999999,549.3164,538.0364,514.8929,0,1,1,1,44.695414099931504,0.9743673695310237,2.122527718151126,-1.1481603486201024,567.6846813102472,541.6863186897526,548.79,15.399999999999975,7.882821428571406,1392447135.0,2.0,0.0297619047619047,,0.0102066675897635,0.0062982121789634,0.0115452709089717,47581572.6,1.5806246807403754,9964972091561.64,20659794927.0,482.3364475190679,60.500807754442285,42.137856758211825,2,9,-0.125,0.0809523809523809,548.79,546.41,540.36,549.61,550.95,551.481264755619,550.506897386088,0.9743673695310235,1,570.1856428571427,538.6543571428572,0.20062941201014176,10.955105812281175,19.6720717274297,51.876152268328795,-55.889432499382075,3739744.827330243,-0.684785628722539,-0.4114705541862662,-0.012714580810599063,0.02283964283078732,0.016650163200938817,0.5455226450201948,0,1,0,0,0,0
51892735.0,556.9487,555.01,559.09,559.4,552.74,1726113600000,478029,2024-09-12,555.4525,549.518,538.6757,515.41185,1,1,1,1,52.444217339465176,1.5091566437043866,1.999853503261778,-0.4906968595573915,567.5111075394015,543.3938924605985,554.42,6.659999999999968,7.772821428571409,1444339870.0,1.0,0.1,,0.008387939723531,0.0172485944578884,0.0116939321393429,48054762.9,1.0798666327412054,9993984800772.793,20711687662.0,482.5287520682771,79.36187399030689,59.2084006462033,3,9,0.0297619047619047,0.1009523809523809,554.42,548.79,546.41,540.36,549.61,552.6518394086007,551.1426827648963,1.5091566437043866,1,574.6356428571429,543.5443571428572,0.22554754292098333,13.839431350645832,19.95046843443035,51.04447895451691,28.147464843041618,4176848.597847189,-1.0171056807322825,-0.0338273973591891,0.001415009851334581,0.028211494252873726,0.01836032130562293,1.4750025485295948,0,1,0,0,0,0
39310501.0,561.5297,559.71,562.01,563.03,559.45,1726200000000,400749,2024-09-13,555.8995,549.729,539.2986,515.9495000000001,1,1,1,1,49.892318736539835,2.143887195906359,2.0286602417906945,0.1152269541156645,568.2456129190673,543.5533870809327,559.09,3.939999999999941,7.56353571428569,1483650371.0,2.0,0.25,,0.0052091813450821,0.0400658820045893,0.0029949155190401,46979207.35,0.8367638199412916,10016077695439.8,20750998163.0,482.6793206169203,91.15508885298848,77.00592353257922,4,9,0.1,0.0509523809523809,559.09,554.42,548.79,546.41,540.36,554.0915564226622,551.9476692267558,2.143887195906359,1,577.1370714285714,546.8829285714286,0.1923567919570293,17.65047525791977,20.502504967867203,45.334814361383344,81.90054837080334,4382158.410077778,-1.1437753792416316,0.10561584491958799,0.006555028208113045,0.016164319163939345,0.01913103398251903,13.37792267282519,0,1,1,0,0,0
36646122.0,561.8515,561.74,562.84,563.11,559.9,1726459200000,360838,2024-09-16,556.326,549.893,539.8705,516.48905,1,1,1,1,51.85654772686113,2.6829622758832556,2.159520648609207,0.5234416272740487,569.0252074348566,543.6267925651434,562.01,3.2100000000000364,7.445678571428549,1520296493.0,0.0,0.0,,0.0014757525903619,0.0300689958090079,0.0034350915419292,46591377.05,0.7865430111815079,10036703598746.28,20787644285.0,482.820634274014,94.5072697899838,88.34141087775974,0,9,0.25,0.0509523809523809,562.01,559.09,554.42,548.79,546.41,555.4374708191757,552.7545085432924,2.6829622758832556,1,577.7313571428572,547.9486428571429,0.19701406686088652,17.219959802453108,20.82703773321753,39.90249178627501,80.78699130816281,4436278.9439828675,-1.0779908527493318,0.1723944903620043,-0.0014902072097642272,0.01538850101928535,0.014784364632915103,8.75345180978864,0,1,0,0,0,0
49320970.0,563.4779,565.1,563.07,566.58,560.795,1726545600000,443173,2024-09-17,556.499,550.0488,540.4471,517.03135,1,1,1,1,51.381013352844434,3.093087056196964,2.3462339301267585,0.7468531260702056,569.4777695467329,543.5202304532671,562.84,5.785000000000082,7.5917499999999905,1569617463.0,1.0,0.25,,0.0004085584162131,0.0260208823047067,0.0042437671704391,47121335.9,1.0466802151931351,10064474757324.182,20836965255.0,483.0105840345023,87.06705969049376,90.90980611115536,1,9,0.0,0.1259523809523809,562.84,562.01,559.09,554.42,548.79,556.6117060777641,553.5186190215671,3.093087056196964,1,578.2535,547.8865000000001,0.1425385571705468,20.15345605237335,19.739472828141544,34.200075331956185,93.7072088211989,4456433.558260459,-1.3350146206987468,2.5360463602154195,0.0199065352847414,0.006182877361019301,0.014028958363348387,6.131538311191382,0,1,0,0,0,0
59044937.0,563.5234,563.74,561.4,568.69,560.83,1726632000000,621397,2024-09-18,556.634,550.1604,541.0262,517.5563500000001,1,1,1,1,52.92012057272045,3.2459416612153973,2.5261754763444864,0.7197661848709109,569.7644473808353,543.5035526191647,563.07,7.860000000000014,7.681035714285705,1510572526.0,3.0,0.0533333333333333,,-0.0029702904084861,0.0125897334151003,0.0043975777630659,48386969.55,1.2202652397767284,10097622584955.982,20896010192.0,483.2320855596558,75.07692307692281,85.55041751913348,2,9,0.25,0.1306666666666666,563.07,562.84,562.01,559.09,554.42,557.348366681185,554.1024250199696,3.2459416612153973,1,576.7620714285714,546.0379285714286,0.0942324180989766,21.88134970433859,16.4598338192431,30.547377395052646,89.85823870274366,4281313.156196766,-1.280361362328315,2.2788487592311832,0.01896723840638881,0.004832647216753028,0.010039221330646386,2.8628725777431714,0,1,0,0,0,0
75315470.0,569.6434,571.01,570.98,572.88,568.08,1726718400000,548399,2024-09-19,557.152,550.3536,541.6533999999999,518.1157499999999,1,1,1,1,60.08624820316243,4.092925278694679,2.839525436814525,1.253399841880154,571.6868519084245,542.6171480915756,561.4,11.480000000000018,8.036749999999993,1585887996.0,1.0,0.0,,0.0169205188450917,0.0212667012466687,0.0076817849837838,50078173.05,1.50395802028964,10140626212016.582,20971325662.0,483.547219448858,94.31818181818188,85.4873881951995,3,9,0.0533333333333333,0.1106666666666666,561.4,563.07,562.84,562.01,559.09,559.4455410379258,555.3526157592311,4.092925278694679,1,587.0535,554.9065,0.08201749461188398,22.832612683446865,15.731305741417168,27.280059565082798,158.63209202283014,5566532.612199616,-1.0826512470473795,2.0796574330279762,0.03888211640981787,0.01847954050872258,0.017209434903441734,2.7684546764867473,0,1,0,0,0,0
77503110.0,567.7272,567.84,568.25,569.31,565.17,1726804800000,471471,2024-09-20,557.7535,550.589,542.2352999999999,518.67355,1,1,1,1,53.80769871688055,4.492095631093662,3.1700394756703525,1.3220561554233092,573.0990294707178,542.4079705292822,570.98,5.810000000000059,7.947464285714277,1508384886.0,2.0,0.0666666666666666,1.745531,-0.0047927200402212,0.0111030052846035,0.0086031558021416,51156555.75,1.5150181411499737,10184667354274.082,21048828772.0,483.8591004085765,86.15430622009568,85.18313703840013,4,9,0.0,0.074,570.98,561.4,563.07,562.84,562.01,560.8000731859372,556.3079775548435,4.492095631093662,1,584.1449285714285,552.3550714285715,0.15538540642077422,22.62177064359055,18.523428405419242,23.458474802722417,110.01283660221037,5195970.613005246,0.21468429620246682,-0.5593828557837658,0.051613738988822266,0.02162813275322706,0.021150805060379474,1.2905720452161473,0,1,1,0,0,0
44116922.0,569.3264,569.34,569.67,570.3325,568.1,1727064000000,367490,2024-09-23,558.1305,550.7826,542.9122,519.2389,1,1,1,1,67.65001003411587,4.866920315952143,3.5094156437267108,1.3575046722254325,574.2782500143562,541.9827499856437,568.25,2.232499999999959,7.094785714285706,1552501808.0,1.0,0.0,,0.0024957830727825,0.0121348873569751,0.0085935289182638,50830432.2,0.867923409079335,10209799441229.822,21092945694.0,484.0385780794028,90.40071770334916,90.29106858054224,0,9,0.0666666666666666,0.074,568.25,570.98,561.4,563.07,562.84,562.1646773111777,557.2977569952255,4.866920315952143,1,583.8595714285714,555.4804285714285,0.1407001049208694,26.36996989475473,13.06794728391398,24.186284707819897,118.32345907373096,5306214.395213782,0.6282203951093939,0.4011364704500013,0.04256876704306278,0.01341326739366333,0.017286022964695613,1.4120943039176668,0,1,0,0,0,0
46805672.0,570.2586,570.48,571.3,571.36,567.6,1727150400000,385277,2024-09-24,558.6560000000001,550.978,543.6217,519.8216,1,1,1,1,70.21657063381666,5.23515139023209,3.8545627930277866,1.3805885972043035,575.8202313516965,541.4917686483036,569.67,3.759999999999991,7.0083571428571405,1599307480.0,0.0,0.0,,0.0028572199249817,0.0146162999271848,0.0085202464627489,51382485.35,0.910926586777103,10236539521643.422,21139751366.0,484.231784206663,95.27511961722476,90.61004784688988,1,9,0.0,0.024,569.67,568.25,570.98,561.4,563.07,563.5701115709965,558.3349601807644,5.23515139023209,1,585.3167142857143,557.2832857142856,0.19316329122855208,27.74238918559047,13.178144458842254,25.482845808145278,114.75971074429484,5440139.729811005,0.7099005044303597,0.4611578727715125,0.04101751125202724,0.01874141835624732,0.01739889231207581,1.7154765224601145,0,1,0,0,0,0
38428587.0,570.4025,571.14,570.04,571.89,568.91,1727236800000,378547,2024-09-25,559.0799999999999,551.0816,544.2718,520.3806500000001,1,1,1,1,70.32835820895512,5.3634788542379965,4.156346005269829,1.2071328489681674,576.9506946231984,541.2093053768015,571.3,2.980000000000018,6.742678571428574,1560878893.0,0.0,0.0,,-0.0022079319254054,0.015390096188101,0.0083947843144867,51670094.8,0.743729756036755,10258445353376.902,21178179953.0,484.3874863724416,91.50717703349272,92.39433811802222,2,9,0.0,0.0133333333333333,571.3,569.67,568.25,570.98,561.4,564.5654790216124,559.2020001673744,5.3634788542379965,1,583.5253571428572,556.5546428571428,0.15993782071776225,29.39696495888164,11.197330436590285,27.50368606568057,105.2086402006182,5355385.6258026045,1.2384144498051946,1.94282961164939,0.028173586811442553,0.015100790654605012,0.009170413907870989,1.8332904430478627,0,1,0,0,0,0
48295204.0,572.0449,574.38,572.3,574.71,569.9,1727323200000,403345,2024-09-26,559.78,551.3888,544.8819,520.94115,1,1,1,1,86.9163199260285,5.5831829487812,4.441713393972104,1.1414695548090965,578.5939265327248,540.9660734672751,570.04,4.810000000000059,6.21767857142858,1609174097.0,1.0,0.08,,0.0039567956100452,0.0023118147745979,0.0037692030813527,52031553.8,0.9281906933942072,10286084698626.102,21226475157.0,484.587507937416,93.06474820143862,93.28234828405203,3,9,0.0,0.0293333333333333,570.04,571.3,569.67,568.25,570.98,565.7554053259797,560.1722223771985,5.5831829487812,1,584.7353571428571,559.8646428571428,0.15926757254626941,35.11875699645381,3.343002383372041,30.502464533880424,109.78282133894967,5546858.436552731,1.5896670102183492,3.737783000665647,0.023627680695415654,0.025076123947698425,0.02757927245304681,0.6133414918978879,0,1,0,0,0,0
42008928.0,572.2205,573.39,571.47,574.22,570.42,1727409600000,375873,2024-09-27,560.4359999999999,551.765,545.4309000000001,521.4885499999999,1,1,1,1,82.93901156677182,5.62547894366503,4.678466503910689,0.9470124397543404,579.9421808288073,540.9298191711925,572.3,3.800000000000068,5.964107142857155,1567165169.0,1.0,0.0,,-0.0014513409963401,0.005666520017598,0.0027678753726857,52197741.4,0.804803558032877,10310091540710.262,21268484085.0,484.7591158592092,90.67625899280571,91.74939474257904,4,9,0.08,0.016,572.3,570.04,571.3,569.67,568.25,566.6345737373674,561.0090947937024,5.62547894366503,1,583.3982142857143,559.5417857142858,0.1644743868565728,36.61187460263936,3.4851342850403455,31.963036942969232,96.05591475320239,5485933.3793449765,1.9434740464953202,4.881239475859165,0.01683244070390222,0.023497806035640778,0.034035392465530556,2.047237964952188,0,1,1,0,0,0
63649448.0,572.0992,570.42,573.76,574.38,568.08,1727668800000,483220,2024-09-30,560.9399999999999,552.2603999999999,545.9971,522.0368500000001,1,1,1,1,82.89855072463767,5.777186871922709,4.898210577513094,0.8789762944096147,581.3012521587818,540.578747841218,571.47,6.2999999999999545,6.001964285714296,1630814617.0,3.0,0.1527777777777777,,0.0039992019980517,0.007179595204241,0.0030232070386877,52247083.3,1.2182392581520431,10346611047994.742,21332133533.0,485.024670972968,97.26618705035958,93.66906474820132,0,9,0.0,0.0465555555555555,571.47,572.3,570.04,571.3,569.67,567.7307931623878,561.9536062904651,5.777186871922709,1,585.7639285714286,561.7560714285714,0.1621081813851399,34.66722203627781,6.247954537949119,32.56437522915692,87.69458612592113,5740990.050596313,1.754580011846715,4.148732047579391,0.019401606140288408,0.017882486517172946,0.04511921892930659,2.3748196415820266,0,1,0,1,1,0
72668778.0,568.882,573.4,568.62,574.0622,566.0,1727755200000,689277,2024-10-01,561.767,552.5398,546.5114,522.52745,1,1,1,1,68.95355045381744,5.420180982416014,5.002604658493678,0.4175763239223355,581.95590794992,541.5780920500802,573.76,8.062199999999962,5.477835714285724,1558145839.0,1.0,0.0,,-0.0089988177066095,-0.0046910554874846,0.0053662833171184,52850516.55,1.3749870908309978,10387931968541.102,21404802311.0,485.30847506135143,72.28038233955382,86.74094279423973,1,10,0.1527777777777777,0.0465555555555555,573.76,571.47,572.3,570.04,571.3,567.8675942143282,562.4474132319122,5.420180982416014,1,579.5756714285715,557.6643285714285,0.16744467454427298,29.886673173856945,9.557998008916751,34.21263605896643,63.20143527186468,5089990.470771997,1.1357318477739273,2.5361575686266815,0.009856678565719923,0.02995942617012015,0.02518705489948614,-0.8741705326692075,0,1,0,0,0,0
36964473.0,568.4558,567.71,568.86,569.9,565.27,1727841600000,382901,2024-10-02,562.6625,552.8414,546.9983,523.0117,1,1,1,1,64.78958522555251,5.097852368330564,5.021654200461056,0.0761981678695082,582.4153240485898,542.9096759514102,568.62,4.6299999999999955,5.332835714285726,1595110312.0,0.0,0.0,,0.0004219854477641,-0.002070030173321,0.0053398091787297,52337793.25,0.7062673205083976,10408959578651.88,21441766784.0,485.4525134756675,61.66448230668397,77.07035056553246,2,10,0.0,0.0465555555555555,568.62,573.76,571.47,572.3,570.04,568.0202720275084,562.9224196591779,5.097852368330564,1,579.5256714285715,558.1943285714285,0.2065961494330823,25.288073749923,10.795650128409942,35.78963107329724,46.717163693072735,5105592.232088868,1.0433117793062023,2.701624235631109,0.013288208051300376,0.03250748706779194,0.027231030373072507,-0.3876592266582037,0,1,0,0,0,0
40846466.0,567.3915,567.36,567.82,569.8025,565.49,1727928000000,414433,2024-10-03,563.573,553.3732,547.4680999999999,523.50415,1,1,1,1,59.32584269662931,4.704257558225663,4.958174872013977,-0.2539173137883139,582.4519976317271,544.6940023682729,568.86,4.3125,5.359442857142873,1554263846.0,1.0,-0.09375,,-0.0018298910690843,-0.0078280622051369,0.0047500778166261,52167398.65,0.7829883616403019,10432153018976.0,21482613250.0,485.6091248105489,53.477380148548555,62.47408159826213,3,10,0.0,0.0118055555555555,568.86,568.62,573.76,571.47,572.3,567.9894609463533,563.2852033881277,4.704257558225663,1,578.5388857142858,557.1011142857143,0.22105881638917207,20.324607299223015,10.742054743064752,37.45890845275502,39.97615384200137,5030915.994279919,-0.816597015033226,0.28664201758798874,-0.0055343444604013525,0.03313258492385507,0.04912883616946595,-1.647982628392127,0,1,0,0,0,0
43005186.0,571.0552,572.35,572.98,573.36,568.1,1728014400000,438794,2024-10-04,565.204,554.0646,547.9888,524.0092000000001,1,1,1,1,64.28974069898537,4.753899714887211,4.9173198405886245,-0.1634201257014131,581.0281898769878,549.3798101230121,567.82,5.539999999999964,5.525871428571439,1597269032.0,2.0,-0.25,,0.0090463450027802,0.0026423084326385,0.0067257451188482,50893293.9,0.8450069292921125,10456794130450.28,21525618436.0,485.7836796438827,87.56737333812427,67.56974526445227,4,10,-0.09375,-0.0381944444444444,567.82,568.86,568.62,573.76,571.47,568.7572361853759,564.0033364704886,4.753899714887211,1,584.031742857143,561.9282571428571,0.3198425823793678,24.20755872710353,10.418524807927117,39.626200846099856,69.49593705225618,5421720.755929732,-0.4571469261258754,1.2484058683375159,0.008323801143862664,0.06036716263231923,0.06420757415352618,0.39286420423391816,0,1,1,0,0,0
49964690.0,569.2944,571.3,567.8,571.9599,566.63,1728273600000,457719,2024-10-07,566.2735,554.5318,548.4338,524.4739999999999,1,1,1,1,55.849616621320685,4.32539827392543,4.798935527255986,-0.4735372533305559,579.4130093635794,553.1339906364207,572.98,6.350000000000023,5.566228571428577,1547304342.0,1.0,0.0622727272727272,,-0.009081568052748,-0.0103876185164529,0.0075334202148471,51369497.3,0.9726528898697244,10485164081432.28,21575583126.0,485.9736128659701,50.21613832852965,63.75363060506751,0,10,-0.25,-0.0562954545454545,572.98,567.82,568.86,568.62,573.76,568.6099690799334,564.284570806008,4.32539827392543,1,578.9324571428571,556.6675428571428,0.27058019242928083,19.579171326625513,12.229362788316712,41.2025343162184,36.883513684695295,4970017.216190118,-0.2352892846739175,-0.25212129074160317,-0.003282602208296015,0.039146428506066755,0.04290647270589942,-1.3788696809032206,0,1,0,0,0,0
37384545.0,571.7305,570.42,573.17,573.78,569.5299,1728360000000,368102,2024-10-08,567.4925000000001,555.0999999999999,548.8677,524.99855,1,1,1,1,63.335599365511,4.368761552101546,4.712900732225098,-0.3441391801235518,578.0779077812115,556.9070922187886,567.8,5.980000000000018,5.431942857142864,1584688887.0,2.0,0.1628787878787878,,0.0094131127925121,0.0080018289894832,0.0078060933301316,51419067.6,0.727056065870786,10506591781089.93,21612967671.0,486.1244388565638,83.85744234800771,73.88031800488723,1,10,0.0622727272727272,-0.0237196969696969,567.8,572.98,567.82,568.86,568.62,569.3115122984052,564.9427507463037,4.368761552101546,1,584.0338857142857,562.3061142857142,0.2652641668382197,19.68198697392126,12.53169084298555,41.77798223590103,77.8627222778327,5323583.624520514,-0.0853473244302644,-0.7657262926288771,0.003273236478207542,0.04442500774431024,0.05215140612379754,1.0250734138499162,0,1,0,0,0,0
37912244.0,575.8561,573.16,577.14,577.71,572.55,1728446400000,380793,2024-10-09,568.6285,555.8027999999999,549.3522,525.52075,1,1,1,1,57.99584631360331,4.669644330705637,4.704249451921206,-0.0346051212155691,578.1277039001503,559.1292960998497,573.17,5.160000000000082,4.980514285714297,1622601131.0,3.0,0.0833333333333333,,0.0069025145611961,0.0145554266427592,0.0080954874883144,49554249.4,0.7650654476465544,10528472453592.09,21650879915.0,486.28381363372824,95.45454545454508,76.5093753770275,2,10,0.1628787878787878,-0.0070530303030302,573.17,567.8,572.98,567.82,568.86,570.5158950217275,565.8462506910219,4.669644330705637,1,587.1010285714286,567.1789714285713,0.23842729038847466,21.093059807207013,13.667550107609816,41.988515793983645,142.1896902159485,5586178.681275053,-0.4511089979716975,-0.8875553501069733,0.01245526629710203,0.04097976263482561,0.0648339483394833,1.7979656795360024,0,1,0,0,0,0
44138060.0,575.9909,575.77,576.13,577.58,574.49,1728532800000,384802,2024-10-10,569.4805,556.3092,549.819,526.03315,1,1,1,1,60.70652173913047,4.771593580828949,4.717718277702755,0.053875303126194,578.4175558557171,560.543444144283,577.14,3.090000000000032,4.78622857142858,1578463071.0,3.0,0.1555555555555555,,-0.0017515417174031,0.0146349195167481,0.0080841351531157,49166515.65,0.8977260116255564,10553901714099.89,21695017975.0,486.466603819437,87.29903536977464,88.87034105744249,3,10,0.0833333333333333,0.0428080808080808,577.14,573.17,567.8,572.98,567.82,571.3796034799233,566.6080098990943,4.771593580828949,1,585.7024571428572,566.5575428571428,0.19520787333653464,21.949283058843275,9.87953533204199,43.985668271808784,146.4002375096044,5508936.693888976,-0.1545531440921472,-1.024405251111617,0.006692294251266828,0.03047809833837123,0.045968664330713116,1.8103236940405103,0,1,0,0,0,0
42267994.0,578.9191,576.05,579.58,580.33,575.91,1728619200000,369983,2024-10-11,570.359,557.0405999999999,550.3142,526.5527999999999,1,1,1,1,62.7607519958796,5.072304889833504,4.788635600128905,0.2836692897045987,579.6512534800028,561.0667465199973,576.13,4.420000000000073,4.942478571428588,1620731065.0,1.0,-0.3,,0.0059703736197406,0.0115187266571259,0.0076027263888186,49314390.3,0.8571127766736275,10578399398062.41,21737285969.0,486.64766213907694,95.01992031872511,92.59116704768162,4,10,0.1555555555555555,0.0328080808080808,576.13,577.14,573.17,567.8,572.98,572.6412029445505,567.568898054717,5.072304889833504,1,589.4649571428572,569.6950428571429,0.20578918883110753,23.751963658524275,9.567206735549489,44.61733542713635,185.46404565366655,5762047.240640579,-0.48473775018133775,-1.0355616831161873,0.014191471118343957,0.03126278891834677,0.0673468260253034,1.515076423544893,0,1,1,0,0,0
36217215.0,583.1559,581.22,584.32,585.27,580.73,1728878400000,346478,2024-10-14,571.433,558.069,550.8438,527.09185,1,1,1,1,65.5221745350502,5.628220532046953,4.956552586512515,0.6716679455344376,581.9506345149111,560.9153654850888,579.58,5.689999999999941,5.080335714285728,1656948280.0,0.0,0.0,,0.0081450746716323,0.0290947516731245,0.0043818879322695,49292944.95,0.7347342512551586,10599561841131.21,21773503184.0,486.81012658175155,95.25000000000034,92.52298522950004,0,10,-0.3,0.0203535353535353,579.58,576.13,577.14,573.17,567.8,574.4379409530812,568.8097204210343,5.628220532046953,1,594.4806714285716,574.1593285714285,0.19632246022518057,28.60834561993115,9.30759637519628,45.711086574258104,243.99543748447707,6058243.795214583,-0.5349346032643342,-1.22200342334641,0.01840490797546024,0.038163598891336914,0.09649089885532014,6.639760241529761,0,1,0,0,0,0
54203636.0,581.4785,584.59,579.78,584.9,578.545,1728964800000,450436,2024-10-15,572.2685,559.317,551.3433,527.6073,1,1,1,1,60.76957098628926,5.637462467888895,5.092734562787792,0.5447279051011034,582.6427541139508,561.8942458860492,584.32,6.355000000000018,5.321407142857156,1602744644.0,0.0,0.0,,-0.0078000567272769,0.0115323551476873,0.0068418855336618,49537078.25,1.0942033304113974,10630988025211.293,21827706820.0,487.0409939476771,72.54999999999995,87.60664010624181,1,10,0.0,-0.0122222222222222,584.32,579.58,576.13,577.14,573.17,575.2597961910687,569.6223337231798,5.637462467888895,1,590.4228142857143,569.1371857142857,0.1725365684757119,26.600912483325363,11.818839537364791,45.25695839910435,170.9987967144493,5637096.97936025,-0.4891861875319005,-1.2930877728071013,0.01962646407090851,0.029676594384357102,0.12060767714252574,1.6855497268189292,0,1,0,0,0,0
30725436.0,581.1771,579.78,582.3,582.83,578.96,1729051200000,327311,2024-10-16,573.3135,560.52,551.9067,528.1422500000001,1,1,1,1,60.9938434476693,5.781484355310454,5.2304845212923246,0.5509998340181292,583.2806635092849,563.3463364907151,579.78,3.870000000000005,5.254264285714295,1633470080.0,3.0,0.1458333333333333,,0.0043370576038021,0.0089406383199917,0.0064973306802206,48121103.2,0.6385023192901362,10648879446594.092,21858432256.0,487.17489533912214,85.14999999999986,84.31666666666673,2,10,0.0,0.0002777777777777,579.78,584.32,579.58,576.13,577.14,576.3429044693659,570.5614201140554,5.781484355310454,1,592.8085285714285,571.7914714285714,0.25324648093965807,23.107217671754075,11.969869369781364,41.62371385649795,144.96504187697877,5770644.357193221,-0.6905133661909392,-1.1096405360777506,0.023626199767956768,0.037228357677235424,0.11519678253375454,1.3760457947370777,0,1,0,0,0,0
34393714.0,583.3766,585.91,582.35,586.12,582.16,1729137600000,350466,2024-10-17,573.8820000000001,561.7937999999999,552.4358,528.69075,1,1,1,1,62.1700223713646,5.832424758785351,5.35087256879093,0.4815521899944208,584.5604083182042,563.203591681796,582.3,3.960000000000037,5.265692857142865,1667863794.0,1.0,0.0499999999999999,,8.586270558673028e-05,0.010796174474511,0.0062965002223251,46075015.4,0.7464721107830601,10668908625941.992,21892825970.0,487.3244157954631,81.91846522781785,79.8728217426059,3,10,0.1458333333333333,-0.0208333333333333,582.3,579.78,584.32,579.58,576.13,577.2670730125403,571.434648253755,5.832424758785351,1,592.8813857142858,571.8186142857143,0.21372317421841425,27.519916653551192,11.943890166136953,38.54176070731568,148.03713656272168,5773597.621318247,-0.8004790813871254,-0.8085428965124848,0.025589095135782447,0.019913131808469764,0.12279720819033679,1.714628277141797,0,1,0,0,0,0
37416801.0,584.2436,584.07,584.59,585.39,582.58,1729224000000,312698,2024-10-18,574.699,562.8726,552.9836,529.2697499999999,1,1,1,1,62.12765957446807,5.984558410980412,5.477609737228827,0.5069486737515856,586.0426927060938,563.3553072939061,582.35,3.0399999999999636,5.0328357142857225,1705280595.0,2.0,0.1424242424242424,,0.0038391052688719,0.0086441906207943,0.0060399308159024,44070699.95,0.8490176249174821,10690782113638.582,21930242771.0,487.49036776627946,92.66187050359726,86.57677857713834,4,10,0.0499999999999999,0.0676515151515151,582.35,582.3,579.78,584.32,579.58,578.3936771644572,572.4091187534768,5.984558410980412,1,594.6556714285715,574.5243285714286,0.19881951602221107,28.793196674298425,9.175457742628183,37.270993656398005,133.4499300461123,5917520.750433038,-0.7807944296594944,-0.642928704218252,0.02026248734685332,0.028754949406071262,0.10164892113445778,1.4311714111560894,0,1,1,0,0,0
35962087.0,582.9957,583.85,583.63,584.85,580.6001,1729483200000,386009,2024-10-21,575.397,563.8854,553.5589,529.8515,1,1,1,1,68.54460093896701,5.958970150894174,5.573881819961897,0.3850883309322777,587.1484148756099,563.6455851243902,584.59,4.249900000000025,4.760528571428584,1669318508.0,0.0,0.0,,-0.0016435264181308,-0.0011808598028478,0.0049198327895194,43662958.2,0.8236291923986039,10711770666474.393,21966204858.0,487.6477632672724,88.0575539568345,87.54596322941654,0,10,0.1424242424242424,0.0676515151515151,584.59,582.35,582.3,579.78,584.32,579.1992652930023,573.2402951421082,5.958970150894174,1,593.1510571428572,574.1089428571428,0.19767800642815656,30.44019721242828,9.550109980352003,37.32104267705373,103.09333789297735,5858464.653818312,-0.7093994527238902,-0.12760910295029504,0.02787953504755203,0.024505415415942533,0.0950111634364621,-0.24001982448775633,0,1,0,0,0,0
34183835.0,582.7262,581.05,583.32,584.5,580.38,1729569600000,333521,2024-10-22,575.9979999999999,564.8864,554.1659999999999,530.4285000000001,1,1,1,1,67.83423778983716,5.8462845322978865,5.628362362429095,0.2179221698687916,588.0916635866524,563.9043364133474,583.63,4.1200000000000045,4.724100000000013,1635134673.0,1.0,0.0,,-0.0005312995540377,0.0061057642554074,0.002698556504074,43031866.35,0.794384206391736,10731710781106.592,22000388693.0,487.796417184264,86.42753271934099,89.04898572659091,1,10,0.0,0.0676515151515151,583.63,584.59,582.35,582.3,579.78,579.8332244786943,573.9869399463964,5.8462845322978865,1,592.7682000000001,573.8718,0.16489531133032648,30.67492825078163,8.852782236850613,38.3956058039206,88.78623294127841,5840307.621366247,-0.5463922104572241,-0.14586941276363166,0.017708533244936264,0.021039733940136696,0.09385489526881341,2.2625954358321674,0,1,0,0,0,0
49314574.0,578.5516,581.26,577.99,581.7086,574.415,1729656000000,470975,2024-10-23,576.3955,565.6054,554.6722,530.9454499999999,1,1,1,1,61.34285076957384,5.266188568642065,5.555927603671689,-0.2897390350296245,588.1833572223492,564.6076427776508,583.32,8.905000000000086,5.0521357142857335,1585820099.0,1.0,-0.1999999999999999,,-0.009179353360714,-0.007401682981281,0.0047684235291166,43576165.7,1.1316868569737424,10760214111732.852,22049703267.0,487.99813682013536,58.28630066700877,77.59046244772809,2,10,0.0,-0.0015151515151515,583.32,583.63,584.59,582.35,582.3,579.5496514819721,574.28346291333,5.266188568642065,1,588.0942714285715,567.8857285714286,0.1723750669026038,28.68320186672341,16.711461487049995,38.07613733141188,25.27374662629923,5389703.014255222,-0.3813932891829275,-0.6096852542889286,0.0014727795682156763,0.013946389727036879,0.0663235185595159,-1.5522252614166638,0,1,0,0,0,0
34936280.0,578.9884,579.98,579.24,580.06,576.57,1729742400000,363432,2024-10-24,576.7425000000001,566.3152,555.1866,531.47225,1,1,1,1,57.649071358748714,4.851398983798958,5.415021879697143,-0.5636228958981846,588.4309051858766,565.0540948141236,577.99,3.4899999999998954,4.905707142857158,1620756379.0,2.0,0.2997222222222222,,0.0021603319757513,-0.0053404310122778,0.005022825334626,42908219.5,0.8142095012821494,10780450602560.05,22084639547.0,488.1424747556941,64.69984607491025,69.80455982042001,3,10,-0.1999999999999999,0.0484292929292929,577.99,583.32,583.63,584.59,582.35,579.5020127924379,574.6506138086389,4.851398983798958,1,589.0514142857144,569.4285857142856,0.1967554571986811,24.359528766879382,17.210275492944955,36.46010232905034,29.15179922825811,5465258.560198924,-0.632863908538416,-0.36117743845569095,0.005398087237255433,0.012126507076708037,0.06526896551724137,-1.0632303582525162,0,1,0,0,0,0
47162676.0,580.652,581.51,579.04,584.46,578.08,1729828800000,413612,2024-10-25,577.121,566.8346,555.6931000000001,531.98465,1,1,1,1,65.63717306622138,4.455180374775978,5.22305357871291,-0.767873203936932,588.5785039074497,565.6634960925503,579.24,6.3799999999999955,4.907850000000012,1573593703.0,1.0,0.0,,-0.0003453396449696,-0.0094938332848664,0.004296250179159,43165906.9,1.0925908752307485,10807759678471.09,22131802223.0,488.33617658300585,57.323946208883385,60.10336431693414,4,10,0.2997222222222222,0.0199444444444444,579.24,577.99,583.32,583.63,584.59,579.4309339012935,574.9757535265176,4.455180374775978,1,588.8557,569.2243,0.1791604604389093,30.752628073865292,15.063331482790366,37.25565724799345,49.229665580449904,5448974.230387443,-0.460619456489338,-0.01829713393081635,-0.0009317091687085499,0.013246539625876963,0.04695608150866959,-2.2097901172095296,0,1,1,0,0,0
29874704.0,581.3132,582.58,580.83,582.71,580.52,1730088000000,365419,2024-10-28,577.4745,567.365,556.1547,532.50705,1,1,1,1,61.83559950556242,4.236773426113928,5.025797548193114,-0.7890241220791863,588.9316466549675,566.0173533450326,579.04,3.6700000000000728,4.742850000000017,1603468407.0,0.0,0.0,,0.0030865552537514,-0.0047975600980072,0.0048536178663922,41477169.7,0.7202686252721819,10825111802795.41,22161676927.0,488.4608614435204,61.016949152542786,61.01358047877881,0,10,0.0,0.0199444444444444,579.04,579.24,577.99,583.32,583.63,579.6461748395561,575.4094014134422,4.236773426113928,1,590.3157000000001,571.3443,0.09901088999287691,29.081369094067696,15.587372870202161,37.82798408207214,55.24146571621129,5541326.607010825,-1.022004324106237,0.12021193731365949,-0.005972754654983592,0.012322225320691604,0.047843264599231716,-0.9884482762320472,0,1,0,0,0,0
42899661.0,581.2889,579.85,581.77,582.907,578.43,1730174400000,373273,2024-10-29,578.132,567.8081999999999,556.6258,533.0325,1,1,1,1,57.89294237981581,4.092360307633726,4.839110100081236,-0.7467497924475106,588.9405494425652,567.3234505574347,580.83,4.477000000000089,4.694064285714303,1646368068.0,4.0,0.0462121212121212,,0.0016170655510646,-0.002657203593225,0.0049943127269546,39988713.85,1.072794217911562,10850069538575.38,22204576588.0,488.6411364600879,62.83639470311826,60.39243002151482,1,10,0.0,0.0291868686868687,580.83,579.04,579.24,577.99,583.32,579.9729171719321,575.8805568642983,4.092360307633726,1,591.1581285714286,572.3818714285713,0.16089719654477888,23.403416773553836,18.929681707608175,37.05699020574775,46.63670495702365,5610754.290394945,-1.7319250494339347,3.919691743518129,0.0034323364034634096,0.023126165101473806,0.03959900645092107,-0.5320448314010515,0,1,0,0,0,0
41023008.0,580.9731,581.29,580.01,583.32,579.29,1730260800000,389128,2024-10-30,578.6895000000001,568.2343999999999,557.0858000000001,533.5579,1,1,1,1,56.44946808510632,3.7921806813870944,4.629724216342408,-0.837543534955314,588.5970547463729,568.7819452536272,581.77,4.030000000000086,4.761207142857164,1605345060.0,1.0,0.2,,-0.0030298358491037,0.0034948701534627,0.002432776702058,40191640.6,1.0206850824596594,10873863293445.46,22245599596.0,488.8096293615165,47.80008543357546,57.21780976307884,2,10,0.0462121212121212,0.1091868686868687,581.77,580.83,579.04,579.24,577.99,579.978622222404,576.186441541017,3.7921806813870944,1,589.5324142857144,570.4875857142856,0.10195947720543433,23.69297101669991,18.662734087744617,35.19665856733073,39.584778015226775,5486649.413759849,-1.4630706946381609,2.8746494366741593,-0.003932680748754858,0.019600604718208237,0.03814211562555925,1.43657072381489,0,1,0,0,0,0
60172563.0,571.5367,575.56,568.64,575.63,568.44,1730347200000,577900,2024-10-31,578.7305,568.3948,557.4156,534.0396499999999,0,1,1,1,35.605263157894754,2.606772932260583,4.225133959526044,-1.6183610272654612,588.4537341922654,569.0072658077346,580.01,11.569999999999936,5.2719214285714395,1545172497.0,1.0,0.0,,-0.0197977998048579,-0.0182998411711898,0.0092893804301091,41157945.45,1.4619914172610866,10908079819669.78,22305772159.0,489.0249816018387,1.131221719456631,37.25590061871679,3,10,0.2,0.0492424242424242,580.01,581.77,580.83,579.04,579.24,578.2342188035726,575.627445871312,2.606772932260583,1,579.1838428571428,558.0961571428571,0.02653434617715261,17.671789491541848,31.555315284674602,34.170276551814425,-137.6931770663746,4307080.024766556,-1.8874474201801363,3.6689426685979094,-0.02354254314415738,0.0014441196153709424,0.01430559023937783,-1.9699722289501054,0,1,0,1,0,0
45667533.0,572.3464,571.32,571.04,575.55,570.62,1730433600000,464571,2024-11-01,578.6335,568.6912,557.7565,534.5124,0,1,1,1,31.37969713965225,1.839780844685606,3.7480633365579568,-1.9082824918723509,588.6330626746351,568.633937325365,568.64,6.909999999999968,5.3590642857142985,1590840030.0,2.0,-0.0892857142857142,,0.0042117147755637,-0.0138159712627797,0.0099033154726065,41291062.8,1.105990737540425,10934157807714.102,22351439692.0,489.1925512801595,14.705882352940703,21.21239650199094,4,11,0.0,0.0313852813852813,568.64,580.01,581.77,580.83,579.04,577.1274159107153,575.2876350660297,1.839780844685606,1,581.7581285714285,560.3218714285714,-0.06397991990136023,10.80012635324135,31.042199526964065,33.98977504518724,-113.48730848411437,4499824.255211129,-1.8610932787029877,3.598640863218641,-0.023178638019808906,-0.0033858075325492454,0.026644133616194887,-1.3950840352562313,0,1,1,0,0,0
36515975.0,570.3187,571.18,569.81,572.5,567.89,1730696400000,394246,2024-11-04,578.734,568.8448000000001,558.0409999999999,534.9493,0,1,1,1,34.59041731066462,1.1197752963612402,3.2224057285186136,-2.1026304321573734,588.3063932001717,569.1616067998284,571.04,4.610000000000014,5.234421428571442,1554324055.0,2.0,-0.0333333333333333,,-0.002156287814492,-0.0189728491985607,0.0093908452776501,40618627.05,0.8989957970526727,10954964975428.852,22387955667.0,489.3240427296605,10.53208996160152,8.789731344666295,0,11,-0.0892857142857142,0.0247186147186147,571.04,568.64,580.01,581.77,580.83,576.0016596167591,574.8818843203978,1.1197752963612402,1,580.2788428571429,559.341157142857,-0.03804487834356183,11.05730064162408,32.52508463446973,34.75997121083735,-159.55654397766148,4421170.134221356,-1.837424674022511,3.5322660782693496,-0.02367938591230756,0.0035399788657977105,0.013662320103890568,-2.020353699168957,0,1,0,0,0,0
39477122.0,574.6389,570.74,576.7,576.74,570.52,1730782800000,378252,2024-11-05,578.9105,569.163,558.3835,535.41555,0,1,1,1,42.374727668845495,1.092537042872209,2.796431991389333,-1.703894948517124,588.1761910441725,569.6448089558274,569.81,6.930000000000064,5.452992857142874,1593801177.0,2.0,0.5416666666666666,,0.0120192286940089,-0.0087147841930659,0.0117543590584738,40723255.9,0.9693999442711554,10977731431686.252,22427432789.0,489.4778432719463,48.32693362589166,24.521635313477972,1,11,-0.0333333333333333,0.1238095238095238,569.81,571.04,568.64,580.01,581.77,576.1090965987961,575.0165595559239,1.092537042872209,1,587.6059857142858,565.7940142857143,-0.02282537386942164,16.168054500062524,31.2213869406942,34.76097816110367,-81.00215029264315,4898517.619488381,-0.9939445192691935,2.093288841598547,-0.011348830830419043,0.006158731266465489,0.02837069134613679,-0.7414080798138082,0,1,0,0,0,0
67703468.0,588.625,589.2,591.04,591.93,585.39,1730869200000,666094,2024-11-06,579.6055,569.7525999999999,558.8661,535.94645,1,1,1,1,58.51793765928242,2.202677590219878,2.677681111155442,-0.4750035209355641,590.2888022196103,568.9221977803898,576.7,15.229999999999905,6.257992857142865,1661504645.0,2.0,0.06875,,0.024561496389508,0.0190169135014912,0.0165158503858561,42212817.1,1.6038604540325738,11017746889412.973,22495136257.0,489.78351424675134,96.297836938436,51.71895350864307,2,11,0.5416666666666666,0.0975595238095238,576.7,569.81,571.04,568.64,580.01,578.4061586605197,576.2034810702999,2.202677590219878,1,603.5559857142857,578.5240142857142,0.0013618805460732847,27.670898584818882,27.205208421777737,32.00236942143899,175.5344333961936,6582005.968924821,0.11113688688520154,2.4073023245325413,0.022578245298361388,0.024084277644938812,0.05249661656813176,1.1514334135312114,0,1,0,0,0,0
47231212.0,594.6765,593.08,595.61,596.65,592.9999,1730955600000,427535,2024-11-07,580.5795,570.4988,559.3512,536.49755,1,1,1,1,60.32995875515556,3.4119024909598465,2.824525387116323,0.5873771038435236,593.2885758701575,567.8704241298426,591.04,5.610000000000014,6.441564285714297,1708735857.0,3.0,0.3611111111111111,,0.0077023934498383,0.0474289532920653,0.0099998973360808,42367474.7,1.1147988482778275,11045878271592.293,22542367469.0,490.0052439825788,96.38386648122405,80.33621234851724,3,11,0.06875,0.169781746031746,591.04,576.7,569.81,571.04,568.64,581.0529034819782,577.6410009910184,3.4119024909598465,1,608.4931285714287,582.7268714285714,0.022130672469159514,32.116200697466354,26.42991553444428,29.00552942529654,238.84730514492082,6947203.990784593,-0.060066840547447806,2.102126919159748,0.02826116980871496,0.033811813306024785,0.06682787032061621,4.742939279140743,0,1,0,0,0,0
46422893.0,597.6861,596.17,598.19,599.64,596.165,1731042000000,406427,2024-11-08,581.51,571.2956,559.8482,537.04835,1,1,1,1,63.24599708879186,4.5262308036085415,3.1648664704147667,1.3613643331937748,596.4416830228366,566.5783169771634,595.61,4.029999999999973,6.42585714285715,1755158750.0,0.0,0.0,,0.0043223387782887,0.0475448304847296,0.009986027092956,42575219.65,1.0903735407974575,11073647981955.965,22588790362.0,490.22757768315967,95.43307086614196,96.03825809526734,4,11,0.3611111111111111,0.1876388888888888,595.61,591.04,576.7,569.81,571.04,583.6893798693662,579.1631490657577,4.5262308036085415,1,611.0417142857143,585.3382857142858,-0.0017495530807979764,35.51832995759123,24.29370178249772,26.614717214776242,232.19112324876124,7148293.737330159,-0.21211341189945737,2.2436787792628374,0.03307198121027932,0.03210945857344982,0.07135309393749445,4.7611309713907435,0,1,1,0,0,0
37586773.0,598.6842,599.81,598.76,600.17,597.0,1731301200000,371847,2024-11-11,582.232,571.9972,560.3658,537.6051,1,1,1,1,63.98044186888799,5.393169159061358,3.610527008144085,1.782642150917273,599.0171922209566,565.4468077790433,598.19,3.169999999999959,6.358000000000004,1792745523.0,2.0,0.1853174603174603,,0.0009524208080329,0.0508064091539286,0.0091576319170369,42643697.55,0.8814144916943302,11096153438157.443,22626377135.0,490.4078709531085,95.63197026022314,95.81630253586304,0,11,0.0,0.2313690476190476,598.19,595.61,591.04,576.7,569.81,586.0079368125407,580.6147676534794,5.393169159061358,1,611.476,586.044,-0.02157414199058781,36.49283242298876,24.30571158671798,24.10313699940107,193.30124052369382,7184109.21503791,-0.14145948312501613,2.1686797714858668,0.030869617616169798,0.024712486308871684,0.06223389156968495,5.5479794486622405,0,1,0,0,0,0
43006128.0,597.2307,598.68,596.9,599.29,594.37,1731387600000,378133,2024-11-12,583.088,572.8936,560.8897,538.13325,1,1,1,1,68.27053140096612,5.862557680751593,4.060933142665587,1.8016245380860056,601.0514770986412,565.1245229013588,598.76,4.919999999999959,6.073357142857138,1749739395.0,3.0,0.1444444444444444,,-0.0031112548724308,0.0350268770591293,0.0106631901346897,42083822.15,1.021915924050639,11121823795960.645,22669383263.0,490.6098973637809,89.86988847583648,93.6449765340672,1,11,0.1853174603174603,0.1519246031746031,598.76,598.19,595.61,591.04,576.7,587.6836388413806,581.821081160629,5.862557680751593,1,609.0467142857143,584.7532857142857,0.018962177783934178,38.20315899206108,21.522575179469715,24.214284521645872,142.95313061947869,7050514.1217117,-0.0023887622969316334,1.8049689842325367,0.02600684119153618,0.029528441822760376,0.08118388639327612,3.2848372549230582,0,1,0,0,0,0
47386040.0,597.4024,597.37,597.19,599.23,594.96,1731474000000,399843,2024-11-13,583.8325,573.8184,561.4342,538.66475,1,1,1,1,67.67080133884622,6.186636349531682,4.4860737840388065,1.700562565492875,602.8611253894032,564.8038746105967,596.9,4.269999999999982,6.12907142857143,1797125435.0,0.0,0.0,,0.0004857255411262,0.0104053871142395,0.0041049115789237,42916852.35,1.104135960707286,11150122265188.242,22716769303.0,490.83221810575617,90.76827757125184,92.0900454357705,2,11,0.1444444444444444,0.1381746031746031,596.9,598.76,598.19,595.61,591.04,589.1461559427066,582.959519593175,6.186636349531682,1,609.4481428571429,584.9318571428572,-0.004941127557619542,37.8558858790244,21.326931366750102,24.980745170783457,122.27258499803425,7073536.322415343,-0.10268310492544708,2.102351260285008,0.029620178962431742,0.025571011506096752,0.08392776113984945,2.5348564921836503,0,1,0,0,0,0
38799709.0,594.7758,597.32,593.35,597.81,592.65,1731560400000,373547,2024-11-14,584.3824999999999,574.6932,561.9194,539.2171000000001,1,1,1,1,63.14532426970422,6.063716373794932,4.801602301990032,1.2621140718049002,603.8612645506784,564.9037354493215,597.19,5.159999999999968,6.041928571428571,1758325726.0,1.0,0.0,,-0.0064508766045822,-0.0037944292406104,0.0041300381374302,43137152.1,0.8994499430573211,11173144072523.393,22755569012.0,491.0070175187141,78.87236679058259,86.5035109458903,3,11,0.0,0.0659523809523809,597.19,596.9,598.76,598.19,595.61,589.7929011822903,583.7291848084953,6.063716373794932,1,605.4338571428572,581.2661428571429,-0.0016464947696329109,33.200137132987294,24.365446224081094,23.63095958937783,86.13467207262187,6824049.756062924,1.341416290377363,2.2130736678142537,0.04345455824423183,0.018888984287799504,0.07958370480886456,-0.9187372917574202,0,1,0,0,0,0
75731266.0,587.4576,589.72,585.75,590.2,583.86,1731646800000,538468,2024-11-15,584.4404999999999,575.6010000000001,562.3218,539.69985,1,1,1,1,54.08366533864537,5.292041562333907,4.899690154058807,0.3923514082750996,603.9287717496751,564.9522282503248,593.35,9.490000000000007,6.457642857142852,1682594460.0,0.0,0.0,,-0.012891366723243,-0.0207960681388856,0.0057073435995589,45052875.35,1.6809419024128944,11217503661582.893,22831300278.0,491.3212793400103,55.32837670384148,74.98967368855865,4,11,0.0,0.0659523809523809,593.35,597.19,596.9,598.76,598.19,589.1709163850148,583.8788748226809,5.292041562333907,1,598.6652857142857,572.8347142857143,-0.05339453778759821,31.062860173320328,32.519605779141045,21.63682219101589,17.248397430504866,5854036.06835752,0.8458921544814924,1.2922463837980251,0.025760016811431807,0.0019842966865666334,0.08399955585165442,-3.643732209003635,0,1,1,0,0,0
37084081.0,587.7261,586.22,588.15,589.49,585.34,1731906000000,360702,2024-11-18,584.6665,576.4358,562.7396,540.16885,1,1,1,1,55.17017828200971,4.818597860336467,4.8834716953143396,-0.0648738349778721,604.2199218569411,565.1130781430589,585.75,4.149999999999977,6.434285714285701,1719678541.0,1.0,0.0,,0.0040889400185452,-0.0177199545727837,0.0065288950118007,45108975.05,0.8220998362054338,11239314663823.045,22868384359.0,491.47829979513784,62.76332094175963,65.65468814539457,0,11,0.0,0.0288888888888888,585.75,593.35,597.19,596.9,598.76,589.0138523257817,584.1952544654453,4.818597860336467,1,601.0185714285714,575.2814285714286,-0.05574375660640382,31.17562166616615,30.31749555613705,20.98164693743767,23.802227306247623,6005981.086539335,0.6638056722991038,1.267762791762414,0.03218616731893098,0.007744632729640433,0.07638952434984714,-2.7140775582973995,0,1,0,0,0,0
49402046.0,588.7565,584.71,590.3,591.045,584.03,1731992400000,385053,2024-11-19,585.0155000000001,577.266,563.2004000000001,540.6576,1,1,1,1,58.286358511837605,4.564263360363157,4.819630028324103,-0.2553666679609465,604.716339923311,565.3146600766892,588.15,7.014999999999986,6.6474999999999795,1769080587.0,2.0,0.125,,0.0036488648401933,-0.0110571284972357,0.0073031767732331,45869885.6,1.077003906894418,11268476691576.844,22917786405.0,491.6913218598803,69.4237918215613,62.505163155720815,1,11,0.0,0.025,588.15,585.75,593.35,597.19,596.9,589.2117211987384,584.6474578383752,4.564263360363157,1,603.5949999999999,577.005,-0.028324383899514593,31.40278299775396,29.34508139157097,20.375297576322854,27.7232134685862,6186571.7503155805,0.981646490863464,2.708022181827554,0.023582451881394073,0.011965987794006594,0.07563913336613282,-1.5140142023700074,0,1,0,0,0,0
50032576.0,588.4416,590.38,590.5,590.79,584.63,1732078800000,436617,2024-11-20,585.6410000000001,577.9875999999999,563.652,541.1402,1,1,1,1,71.46504320502743,4.328938457416939,4.721491714142671,-0.3925532567257317,605.1964907082848,566.0855092917153,590.3,6.159999999999968,6.261071428571411,1819113163.0,1.0,0.0,,0.0003387533907733,-0.0112024648771749,0.0072898287336013,45905785.7,1.0898969538822203,11298020927704.844,22967818981.0,491.9065644435403,70.04337050805462,67.41016109045853,2,11,0.125,0.025,590.3,588.15,585.75,593.35,597.19,589.409917937394,585.080979479977,4.328938457416939,1,603.0221428571429,577.9778571428571,0.022119130490787942,33.34093890441606,18.778164392358985,20.35660660366953,25.589316902300936,6203523.326124492,-1.0768449814402667,1.148827122935055,-0.0009136437466160663,0.021643973079118917,0.06507701742361394,-1.5367232783269948,0,1,0,0,0,0
46750285.0,592.3596,593.4,593.67,595.12,587.45,1732165200000,450141,2024-11-21,586.3625,578.6792,564.0986,541.61805,1,1,1,1,71.89011414200031,4.348111955593936,4.646815762432924,-0.2987038068389882,605.9882756132274,566.7367243867725,590.5,7.669999999999959,6.315357142857124,1865863448.0,1.0,0.2857142857142857,,0.0053539737915049,0.0005393106935196,0.0074990437800812,46496485.95,1.005458456586868,11325775169400.793,23014569266.0,492.1132800053158,79.86369268897148,73.11028500619581,3,11,0.0,0.0821428571428571,590.5,590.3,588.15,585.75,593.35,590.0653151777949,585.717203222201,4.348111955593936,1,606.3007142857142,581.0392857142857,0.03318837536499725,37.951705023135084,18.616750549271515,19.34251512909764,49.69640170614512,6454494.373457258,-1.331548505332295,1.4552311255082,-0.0032571649233559263,0.024911953594364933,0.0618505070739952,0.07191716572990897,0,1,0,0,0,0
38176390.0,594.9555,593.66,595.51,596.15,593.1525,1732251600000,346476,2024-11-22,587.1859999999999,579.3492,564.5391000000001,542.104,1,1,1,1,74.56978967495216,4.460363420483645,4.609525294043069,-0.1491618735594233,606.9000467153355,567.4719532846643,593.67,2.9974999999999454,6.200178571428547,1904039838.0,1.0,0.0,,0.0030945718366895,0.0166623986342295,0.0018556668299951,46047171.65,0.8290713334181514,11348509591409.691,23052745656.0,492.2845096525839,84.28330522765609,78.06345614156074,4,11,0.2857142857142857,0.0821428571428571,593.67,590.5,590.3,588.15,585.75,590.9029589965957,586.442595576112,4.460363420483645,1,607.910357142857,583.109642857143,0.09306390042771191,39.84332248036142,15.817516774768377,18.90728022980874,68.18823166705494,6572816.939192428,-1.3679180677347402,1.606405009158679,-0.004480181882010825,0.02844363083724799,0.059607480293945025,8.97914893633365,0,1,1,0,0,0
42441393.0,597.7632,599.52,597.53,600.86,595.2,1732510800000,427181,2024-11-25,588.021,580.043,564.9680000000001,542.58565,1,1,1,1,71.95867594349556,4.658618973653802,4.619344029965215,0.0392749436885866,608.0142219040592,568.0277780959407,595.51,5.659999999999968,6.109464285714255,1946481231.0,0.0,0.0,,0.003386310484635,0.0159483125053132,0.001807438693334,46675506.1,0.9092861876863504,11373869596968.982,23095187049.0,492.4779164090581,80.4117647058821,81.51958754083655,0,11,0.0,0.0821428571428571,595.51,593.67,590.5,590.3,588.15,591.9225037663501,587.2638847926963,4.658618973653802,1,609.7489285714285,585.3110714285715,0.1067210001410698,40.98442112168087,16.05237774927057,19.760640620685027,85.83952889363431,6716780.288019478,-1.404521118720869,1.5253469770211439,-0.002054245440577196,0.028751958404352296,0.0616338568687369,8.823659871581262,0,1,0,0,0,0
45620288.0,599.8866,598.8,600.65,601.33,598.07,1732597200000,383148,2024-11-26,588.9649999999999,580.7946,565.4217000000001,543.0840000000001,1,1,1,1,63.26981496824078,5.009746612477784,4.6974245464677296,0.3123220660100543,609.4912671254406,568.4387328745593,597.53,3.800000000000068,5.293035714285695,1992101519.0,2.0,-0.15,,0.0052079104171373,0.0175334575639505,0.002032372181256,46811537.45,0.9745522254791912,11401271422956.182,23140807337.0,492.6911691938512,96.10761305094412,86.9342276614941,1,11,0.0,0.0271428571428571,597.53,595.51,593.67,590.5,590.3,593.265195494604,588.2554488821262,5.009746612477784,1,611.2360714285713,590.0639285714286,0.11226290547181493,27.441719236538496,18.528389727940663,21.084982164806405,95.77104385611759,6954986.400783687,-1.7205283691567346,2.4487312870760882,0.0062824593734294165,0.03245268748818253,0.06674125774770445,8.627047474464144,0,1,0,0,0,0
34000163.0,599.0471,600.46,598.83,600.85,597.28,1732683600000,332766,2024-11-27,589.906,581.5432,565.8518,543.60775,1,1,1,1,54.81171548117158,5.08257029973322,4.774453697120828,0.308116602612392,610.4292750028299,569.38272499717,600.65,3.57000000000005,5.147321428571412,1958101356.0,2.0,0.0638888888888888,,-0.003034650676483,0.0141066892464014,0.0034203246409947,46460395.2,0.7318095951108052,11421631740565.47,23174807500.0,492.84688731785457,85.68975386376648,87.40304387353092,2,11,-0.15,0.0399206349206349,600.65,597.53,595.51,593.67,590.5,594.1213192646649,589.0387489649316,5.08257029973322,1,609.1246428571428,588.5353571428573,0.13666740704876457,21.66869036993331,20.14917605964992,20.65077927000194,79.75879689260591,6851964.180422414,-1.435584436959113,1.4079170343012362,0.0027461946784106406,0.03244771641868249,0.06667260420377641,4.124359376221416,0,1,0,0,0,0
30177351.0,601.7519,599.66,602.55,603.35,599.3805,1732856400000,233589,2024-11-29,591.6015,582.1745999999999,566.2641,544.12765,1,1,1,1,56.300578034681955,5.378457002856635,4.89525435826799,0.483202644588645,610.2441588062993,572.9588411937007,598.83,4.519999999999982,5.182321428571413,1988278707.0,1.0,-0.01,,0.0061928979824997,0.0149578048410732,0.0035930479748107,44960634.6,0.6711949523950892,11439815103410.52,23204984851.0,492.9895527562705,95.8953309389427,92.56423261788446,4,11,0.0638888888888888,-0.0192222222222222,598.83,600.65,597.53,595.51,593.67,595.4180393777933,590.0395823749367,5.378457002856635,1,612.9146428571428,592.1853571428571,0.22445311609886484,20.84697287883305,20.01309396367986,19.45608719247022,98.34815351592371,7039429.313632166,-2.0949748211006147,4.623904460154657,0.015505182438695364,0.059633511536297146,0.05529090335913689,4.162973418724548,0,1,1,0,0,0
31745989.0,603.3919,602.97,603.63,604.32,602.47,1733115600000,327962,2024-12-02,593.231,582.8822,566.7356,544.6357499999999,1,1,1,1,56.93534605525492,5.63513795826259,5.04323107826691,0.5919068799956797,609.8990316774253,576.5629683225746,602.55,1.8500000000000227,5.088035714285703,2020024696.0,2.0,0.3,,0.0017907779744643,0.0136353713623615,0.003628825639391,44264557.4,0.7171875393020422,11458977934750.592,23236730840.0,493.14070957972126,96.62756598240443,92.73755026170454,0,12,-0.01,0.0407777777777777,602.55,598.83,600.65,597.53,595.51,596.6814179350558,591.0462799767932,5.63513795826259,1,613.8060714285714,593.4539285714286,0.27988841958580757,21.850980939620246,20.383953950741212,18.272401843420575,111.0765714253498,7096330.264789746,-1.24724673852156,1.678714987050125,0.03052496798975679,0.057071308489773154,0.06226132864056311,3.7575059102566084,0,1,0,0,0,0
26906629.0,603.5246,603.39,603.91,604.16,602.341,1733202000000,279092,2024-12-03,594.9359999999999,583.567,567.1748,545.15775,1,1,1,1,60.45332538025649,5.794359356848304,5.193456733983189,0.6009026228651146,608.13103798282,581.7409620171799,603.63,1.81899999999996,4.866535714285703,2046931325.0,0.0,0.0,,0.0004637527618434,0.0106772881696315,0.003726444980481,43784090.1,0.6145298198169019,11475227117069.982,23263637469.0,493.26882489298225,97.9960899315734,96.83966228430684,1,12,0.3,0.0407777777777777,603.63,602.55,598.83,600.65,597.53,597.7935074835087,591.9991481266604,5.794359356848304,1,613.6430714285714,594.1769285714286,0.3122053826457485,22.845526661992675,17.64088563768016,17.19573333539135,113.0493046945427,7108811.182106645,-0.7686558006022368,0.3477790040057767,0.0267958854033834,0.05984450957336662,0.06010497305457552,2.8652669160257256,0,1,0,0,0,0
42730561.0,606.4345,605.63,607.66,607.91,604.95,1733288400000,324665,2024-12-04,596.484,584.2942,567.6361,545.71225,1,1,1,1,64.15247364152467,6.152218180733485,5.385209023333249,0.7670091574002358,607.8018041388756,585.1661958611245,603.91,4.0,4.84724999999999,2089661886.0,1.0,0.0,,0.0061903348136201,0.0116706900857403,0.0039489505581557,43946762.05,0.972325582289401,11501192769767.242,23306368030.0,493.4785529415346,98.96049896049897,97.86138495815896,2,12,0.0,0.0707777777777777,603.91,603.63,602.55,598.83,600.65,599.3114294091228,593.1592112283893,6.152218180733485,1,617.3544999999999,597.9655,0.3071167733901503,28.46238293753285,17.711073286368613,16.864017151763953,154.26114707186483,7374148.076263056,-0.7177684722308822,-0.1077061756785973,0.029408775199051274,0.05368475810646767,0.06364431997199382,2.9553827934890573,0,1,0,0,0,0
28712587.0,607.2653,607.66,606.66,608.48,606.305,1733374800000,303777,2024-12-05,597.265,585.0266,568.0541000000001,546.2595,1,1,1,1,69.48755490483163,6.282709074880245,5.564709033642648,0.7180000412375964,609.1429308848338,585.3870691151661,607.66,2.175000000000068,4.634035714285711,2060949299.0,2.0,0.0,,-0.0016470126919662,0.0130754972195781,0.0035019606020063,41997218.0,0.6836783093584913,11518611547796.662,23335080617.0,493.6178167477664,92.607636068237,96.52140832010312,3,12,0.0,0.0579999999999999,607.66,603.91,603.63,602.55,598.83,600.4419787307962,594.159269655916,6.282709074880245,1,615.9280714285713,597.3919285714286,0.23968192667008145,30.650543720661663,14.965357253402281,18.22388666732893,144.29943108704148,7326897.00329462,-0.6489271539452126,-0.7853588466654473,0.02736663844199816,0.02642799133730378,0.06424110588730625,3.733754136053304,0,1,0,0,0,0
30958549.0,607.7182,607.44,607.81,609.07,607.02,1733461200000,282826,2024-12-06,597.875,585.7368,568.5628,546.7610500000001,1,1,1,1,89.81949458483771,6.40508559793102,5.732784346500323,0.6723012514306967,610.6167333365863,585.1332666634137,606.66,2.410000000000082,4.128321428571431,2091907848.0,1.0,0.0,,0.0018938307965044,0.0087295660111192,0.0028693366143625,41183584.85,0.7517205972417915,11537428463464.352,23366039166.0,493.7691142901319,94.96805111821044,95.51206204898214,4,12,0.0,0.06,606.66,607.66,603.91,603.63,602.55,601.5755204645199,595.1704348665888,6.40508559793102,1,616.0666428571428,599.5533571428571,0.2111339273715592,35.42602060065492,1.5900616816608093,24.589436240765718,135.95859817451026,7385582.809759527,-0.4051213953989225,-0.6850908795831552,0.02381794599693432,0.02048320209533072,0.06204787698759384,3.0423532547177823,0,1,1,0,0,0
34739738.0,605.6624,607.69,604.68,607.86,604.08,1733720400000,370876,2024-12-09,598.1995,586.401,569.083,547.2452,1,1,1,1,79.07140344706309,6.1782856020541885,5.821884597611096,0.3564010044430921,611.3005139824381,585.0984860175618,607.81,3.7799999999999727,4.101892857142859,2057168110.0,0.0,0.0,,-0.00516294064736,0.0017394761691764,0.0042097033523559,40599427.1,0.8556706456579531,11558434888238.191,23400778904.0,493.93376757482446,82.46805111821051,90.01457943488599,0,12,0.0,0.0,607.81,606.66,607.66,603.91,603.63,602.0531327007476,595.8748470986934,6.1782856020541885,1,612.8837857142856,596.4762142857143,0.17551024089978498,35.6542711055605,6.7198941243642665,29.367120350649913,93.02827097715247,7206685.8190222895,-0.392179477396072,-0.8962014083349464,0.015398565935080821,0.01084939567695864,0.058113286786707796,0.4132053713830491,0,1,0,0,0,0
37234515.0,603.7741,605.37,602.8,605.8,602.13,1733806800000,337427,2024-12-10,598.4015,586.9818,569.6211,547.72925,1,1,1,1,72.1946022727274,5.780213974491971,5.813550472987272,-0.0333364984953004,611.6625077810113,585.1404922189888,604.68,3.669999999999959,3.8629642857142863,2019933595.0,0.0,0.0,,-0.0031139257281666,-0.0018380222218542,0.0044803758616231,40581814.2,0.9175172607241396,11580879853880.191,23438013419.0,494.1067165910983,74.34533551554794,83.92714591732299,1,12,0.0,0.0,604.68,607.81,606.66,607.66,603.91,602.168035362171,596.3878213876791,5.780213974491971,1,610.5259285714285,595.0740714285714,0.14134778869155717,34.984236747319805,10.741196155664992,32.91222326002544,63.14221154174094,7090920.640415423,0.046040384532204916,-1.4008180495293823,0.008819640854852429,0.00674727770726169,0.05061349693251538,-0.4102374836948404,0,1,0,0,0,0
28631073.0,607.1432,605.78,607.46,608.435,605.5,1733893200000,305491,2024-12-11,598.9295,587.7586,570.1492,548.2319,1,1,1,1,75.99632127529136,5.7742010016214635,5.80568057871411,-0.0314795770926465,612.767162526964,585.091837473036,602.8,5.634999999999991,3.825464285714287,2048564668.0,1.0,0.2814814814814815,,0.0077008626731776,-0.0003291314221767,0.0050481023350751,39863061.45,0.7182356788103639,11598272085484.771,23466644492.0,494.24501613082055,92.55319148936164,83.1221927077067,2,12,0.0,0.0562962962962963,602.8,604.68,607.81,606.66,607.66,602.9821837679909,597.2079827663695,5.7742010016214635,1,615.1109285714286,599.8090714285714,0.1544135881026068,40.2472155498874,10.84648921963801,35.026610365861124,93.32268934354575,7312255.743567382,0.19742458703325932,-1.327044212587115,0.01133771747273804,0.017691405595577248,0.06830572262671031,-0.06519891007374018,0,1,0,0,0,0
31523812.0,605.64,606.58,604.33,607.16,604.33,1733979600000,315218,2024-12-12,599.2864999999999,588.468,570.6547,548.72225,1,1,1,1,66.35972989564166,5.454000512886637,5.7353445655486155,-0.2813440526619786,613.3024672479052,585.2705327520947,607.46,3.1299999999999955,3.501178571428576,2017040856.0,4.0,0.0875,,-0.0051659230737896,-0.0038407015461706,0.0055445370238696,39069950.05,0.8068557026476159,11617322870790.732,23498168304.0,494.39269991155703,70.22145437411652,79.0399937930087,3,12,0.2814814814814815,0.0737962962962962,607.46,602.8,604.68,607.81,606.66,603.1895401113769,597.7355395984903,5.454000512886637,1,611.3323571428572,597.3276428571429,0.1145069837457884,35.14122794668324,14.238062690270064,35.60890321565857,66.2775503241179,7149826.066617459,0.10135577515099843,-1.3843326899781248,0.009184576591019233,0.011955993904787299,0.06235277572689246,-0.6926988858848441,0,1,0,0,0,0
35851730.0,604.4412,606.4,604.21,607.13,602.81,1734066000000,348257,2024-12-13,599.8295,589.1958,571.2845000000001,549.2029,1,1,1,1,64.0959170447182,5.13140468253448,5.6145565889457885,-0.4831519064113081,613.7179783373099,585.9410216626902,604.33,4.32000000000005,3.59564285714287,1981189126.0,1.0,0.0625,,-0.0001985867251301,-0.0059229035389347,0.0053694513974846,38922551.1,0.9211043209344004,11638984844574.031,23534020034.0,494.55999560461805,64.960346070656,75.91166397804473,4,12,0.0875,0.0862962962962962,604.33,607.46,602.8,604.68,607.81,603.3465339403958,598.2151292578613,5.13140468253448,1,611.4012857142858,597.0187142857143,0.13505512654389298,32.17187468321365,16.88352966549148,34.75181868971419,55.27264549386062,7142707.0958564505,0.4346232566715611,-0.5479165003350889,0.002754958094764115,0.01830285666132969,0.0640872107357966,-1.1030721892719757,0,1,1,0,0,0
43658879.0,606.7218,606.0,606.79,607.7795,605.21,1734325200000,367577,2024-12-16,600.8815,589.872,571.9683,549.6726,1,1,1,1,64.73583704646728,5.025993081175557,5.4968438873917425,-0.4708508062161858,613.3993512953396,588.3636487046604,604.21,3.569499999999948,3.4463214285714394,2024848005.0,1.0,0.0833333333333333,,0.0042609478174552,0.0034894489647416,0.0052786104544456,37318931.75,1.1698855501135828,11665476615762.443,23577678913.0,494.7678123367123,80.66157760814188,71.94779268430482,0,12,0.0625,0.1029629629629629,604.21,604.33,607.46,602.8,604.68,603.8762979495657,598.8503048683901,5.025993081175557,1,613.6826428571428,599.8973571428571,0.1952712499541197,25.150004658144976,17.615055386672342,32.88804716961696,71.00109753077396,7329132.19279294,0.2741842998381395,-1.0666266127330826,0.005234994947235894,0.03591976099018357,0.059007295193549414,0.6610532041194253,0,1,0,0,0,0
55769545.0,604.3796,604.19,604.29,605.17,602.885,1734411600000,425291,2024-12-17,601.6885,590.6018,572.5668,550.13255,1,1,1,1,55.909090909090914,4.686699170353904,5.334814943984175,-0.6481157736302707,612.7463446076989,590.630655392301,606.79,3.9049999999999727,3.4538214285714326,1969078460.0,0.0,0.0,,-0.0041285522856112,0.0024717982747179,0.005477480267934,38253204.95,1.457905163054841,11699177594110.494,23633448458.0,495.0262597056709,59.45716709075441,68.35969692318412,1,12,0.0833333333333333,0.1029629629629629,606.79,604.21,604.33,607.46,602.8,603.9399444188633,599.2532452485094,4.686699170353904,1,611.1976428571428,597.3823571428571,0.19008087530061427,24.123382997275765,22.38514274615417,31.77005168437574,36.52156591514661,7099359.351282695,0.46884513482156565,-1.2909410503315368,0.000629232832706883,0.02744197908696755,0.06426558647411063,0.4512647496953405,0,1,0,0,0,0
107247211.0,595.1042,603.98,586.28,606.405,585.89,1734498000000,772892,2024-12-18,601.4875,590.864,572.9820000000001,550.52805,0,0,1,1,36.64609491381135,2.9307657738942225,4.8540051099661845,-1.923239336071962,613.520144850774,589.4548551492259,604.29,20.514999999999983,4.664178571428571,1861831249.0,3.0,0.1412626262626262,,-0.0302567239993424,-0.0348664932670464,0.0134675966401043,41145463.2,2.6065379426813693,11762054488975.574,23740695669.0,495.4384931665742,1.682484900776468,47.26707653322426,2,12,0.0,0.0749191919191919,604.29,606.79,604.21,604.33,607.46,601.2230298928844,598.2922641189901,2.9307657738942225,1,595.6083571428571,576.9516428571428,0.004065492828180539,17.863350610218852,41.39298758143115,34.34680676577658,-126.9561090440462,3903009.469421343,-2.1556197419221506,5.967715219653071,-0.03518414903070799,-0.006810096561070567,0.022872795156759773,-2.5889153283716917,1,1,0,0,0,0
85598152.0,588.2154,591.36,586.1,593.0,585.85,1734584400000,702097,2024-12-19,601.2674999999999,591.0432,573.423,550.9097999999999,0,0,1,1,31.070195627157705,1.507276465854261,4.1846593811438,-2.677382915289539,614.2679742828308,588.2670257171691,586.28,7.149999999999977,4.852035714285713,1776233097.0,4.0,0.05,,-0.0003070676767162,-0.0301656379792497,0.0138127162841048,42923742.0,1.9941912799680883,11812223565862.771,23826293821.0,495.7642029685593,1.076658053402238,20.73877001497771,3,12,0.1412626262626262,0.0674191919191919,586.28,604.29,606.79,604.21,604.33,598.8964099093637,597.3891334435094,1.507276465854261,1,595.8040714285714,576.3959285714286,-0.14163309911930444,13.491391681916946,39.849253253075155,37.730621036538416,-191.43957400323865,3876729.078891231,-2.177886373668303,5.999636493670756,-0.03389048231299241,-0.007451312447078751,0.015524829330838319,-2.183901813356228,0,1,0,0,0,0
124674174.0,588.988,581.77,591.15,595.75,580.91,1734670800000,772175,2024-12-20,601.1415,591.3436,573.8264,551.2915,0,0,1,1,36.84099536060727,0.7776791280355155,3.503263330522143,-2.725584202486628,614.4960407613653,587.7869592386346,586.1,14.840000000000032,5.7798928571428565,1900907271.0,6.0,-0.0227777777777777,1.965548,0.0085793688267386,-0.0216150014067957,0.0152386647044372,46819936.45,2.6628437254104815,11885924703822.871,23950967995.0,496.2607234206224,36.36363636363629,13.040926439271674,4,12,0.05,0.0503636363636363,586.1,586.28,604.29,606.79,604.21,597.7046545386924,596.9269754106568,0.7776791280355155,1,602.7097857142857,579.5902142857143,-0.11029458778523578,10.126856032906415,39.557085210482676,41.713578229401016,-169.05599197566445,4950956.307521136,-1.906027311449578,4.954888528291325,-0.027409881377404077,-0.004244782454899121,0.026070504920764348,-1.41843052798429,1,1,1,0,0,0
57529328.0,592.8738,590.89,594.69,595.3,587.661,1734930000000,450947,2024-12-23,601.1005,591.6458,574.3432,551.70635,0,1,1,1,40.90370955011847,0.4795880043537863,2.8985282652884723,-2.418940260934686,614.5326475729182,587.6683524270818,591.15,7.63900000000001,6.195607142857146,1958436599.0,1.0,0.125,,0.0059704690611069,-0.0199410010052899,0.01549771387813,47787583.35,1.2038551432628577,11920136819891.191,24008497323.0,496.4965803366532,48.93465909090926,28.79165116931594,0,12,-0.0227777777777777,0.0586969696969696,591.15,586.1,586.28,604.29,606.79,597.2408615327397,596.7612735283859,0.47958800435378635,1,607.0812142857144,582.2987857142857,-0.0803685949908173,9.447361897029948,36.7541518429817,45.017034728245456,-118.22787913009356,5295460.783745448,-2.06638850269901,5.272079723068531,-0.016521135145862065,-0.0013769709996472868,0.026070602850339908,-1.2867051421292994,0,1,0,0,0,0
33157697.0,599.3108,596.06,601.3,601.34,595.47,1735016400000,235910,2024-12-24,601.289,591.9854,575.0272,552.15645,1,1,1,1,44.06051550242807,0.7678688846104933,2.472396389152877,-1.7045275045423836,614.615570056593,587.962429943407,594.69,6.649999999999977,6.384892857142859,1991594296.0,2.0,0.1,,0.0110537166752935,-0.0049479554518525,0.0168973338865907,47323398.55,0.7006617871065813,11940074543097.293,24041655020.0,496.6411227997603,72.4076704545452,52.568655303030255,1,12,0.125,0.0786969696969697,594.69,591.15,586.1,586.28,604.29,597.8653443738567,597.0974754892462,0.7678688846104933,1,614.0697857142857,588.5302142857142,-0.03867868442024323,11.729137415693543,35.664542974133866,46.96123177075709,-28.413708014710227,5664009.737267446,-2.0133557265325046,4.901722860689001,-0.002488387524883895,0.006309306645691404,0.029059419496166417,-0.2928244512901859,0,1,0,0,0,0
41329191.0,601.1002,599.5,601.34,602.48,598.0825,1735189200000,306001,2024-12-26,601.3235,592.4166,575.8668,552.57925,1,1,1,1,44.941042221377,0.9881702137619186,2.1755511540746855,-1.1873809403127669,614.6466769168428,588.0003230831571,601.3,4.397500000000036,6.543642857142856,2032923487.0,0.0,0.0,,6.652032198299545e-05,0.0256873848672989,0.0050714645614729,47108843.7,0.8773127878746894,11964927438813.232,24082984211.0,496.8207982027495,72.54971590909092,64.6306818181818,3,12,0.1,0.0504444444444444,601.3,594.69,591.15,586.1,586.28,598.3999067778788,597.4117365641168,0.9881702137619186,1,614.4272857142857,588.2527142857143,-0.04595280146003506,12.066782371978691,34.79931448900261,47.96979840763889,-11.651758389451683,5666759.0598019585,-1.986428016855107,5.068367289027137,-0.010074737431271186,0.0011487555148590456,0.037186519024457576,5.065072210445744,0,1,0,0,0,0
64759310.0,594.6516,597.54,595.01,597.7761,590.7647,1735275600000,497463,2024-12-27,601.1324999999999,592.6708,576.5954,552.97445,0,1,1,1,38.91966759002773,0.6445525062449633,1.869351424508741,-1.2247989182637775,614.7132260870776,587.5517739129223,601.34,10.575300000000084,7.126878571428571,1968164177.0,2.0,-0.35,,-0.0105822862404185,0.0152021839276572,0.0086298559721824,48646801.05,1.331214151850176,12003459875856.332,24147743521.0,497.0841215626448,51.22615803814726,65.39451480059446,4,12,0.0,-0.0295555555555555,601.34,601.3,594.69,591.15,586.1,597.878382658205,597.2338301519601,0.6445525062449633,1,609.2637571428571,580.7562428571429,-0.025856929002682966,10.48796156898106,39.28568206685514,45.5732671557608,-87.61903778992294,4985070.776468063,-1.716868456929476,3.612516859803896,-0.015422037628448071,-0.006379105923216999,0.021827236819508933,1.761578218788111,0,1,1,0,0,0
56155557.0,588.8633,587.89,588.22,591.74,584.41,1735534800000,501191,2024-12-30,600.4159999999999,592.7882,577.2909999999999,553.3408000000001,0,0,1,1,36.600455877564364,-0.1736613957268673,1.4607488604616194,-1.6344102561884868,615.1453297092506,585.6866702907492,595.01,10.600000000000025,7.614021428571432,1912008620.0,0.0,0.0,,-0.0114771845451265,-0.0049564408356592,0.0099575147586483,49945711.35,1.1243319092300803,12036491697594.871,24203899078.0,497.29556625590845,26.557674841053824,50.11118292943067,0,12,-0.35,-0.0249999999999999,595.01,601.34,601.3,594.69,591.15,596.3924776338658,596.5661390295927,-0.17366139572686734,0,603.4480428571429,572.9919571428571,-0.04099360294781069,9.816944864895259,39.97559014337515,45.022234808437304,-140.65460837382736,4344247.543194679,-1.2875971422039045,1.9069265011148175,-0.02646430876681949,-0.023782258733714978,0.010079848888125742,-0.4977583240608503,0,1,0,0,0,0
57052654.0,586.7143,589.905,586.08,590.6399,584.42,1735621200000,479945,2024-12-31,599.5385,592.818,577.8453,553.72205,0,0,1,1,36.44617380025946,-0.9834453770924938,0.9719100129507968,-1.9553553900432905,615.5010776509549,583.5759223490451,588.22,6.219900000000052,7.796157142857153,1854955966.0,1.0,0.5,,-0.0036447285514564,-0.0144781314634515,0.0091739478845865,51211044.6,1.114069327146668,12069929117051.191,24260951732.0,497.5043539256975,18.782924613987564,32.188919164396225,1,12,0.0,0.05,588.22,595.01,601.34,601.3,594.69,594.8059426132711,595.7893879903636,-0.9834453770924938,0,601.6723142857144,570.4876857142857,-0.07382578640169946,9.5875990176857,37.2550762154565,45.45408903046309,-128.40254816857495,4136684.591305934,-1.1477195490123133,1.881954177391144,-0.034130424034674145,-0.02907410168480684,0.0025487948818829764,-1.5781772322910632,0,1,0,1,1,1
50079975.0,585.2139,589.39,584.64,591.13,580.5,1735794000000,603949,2025-01-02,598.575,592.8382,578.3618,554.08095,0,0,1,1,30.48238111529244,-1.7215559564862133,0.4332168190633948,-2.154772775549608,615.7098036095094,581.4401963904907,586.08,10.629999999999995,8.152942857142866,1804875991.0,3.0,-0.2777777777777778,,-0.0024600258408624,-0.0277066356228171,0.0051272444311772,52369711.9,0.9562774585361048,12099207873635.191,24311031707.0,497.68385066732503,15.176231235909707,20.172276896983707,3,1,0.5,-0.0255555555555555,586.08,588.22,595.01,601.34,601.3,593.2419514419986,594.9635073984848,-1.7215559564862133,0,600.9458857142857,568.3341142857142,-0.1013905225595985,6.859486319851285,39.059077700334434,46.35269598087007,-123.13091752077818,4013637.9696843084,-1.1992442504625904,1.981283518319394,-0.03251749987588737,-0.03190872812173995,0.0017305484639240643,-5.403795734095402,0,1,0,0,0,0
37868659.0,590.2759,587.53,591.95,592.6,586.43,1735880400000,427266,2025-01-03,597.7895000000001,593.0107999999999,578.9486,554.46215,0,0,1,1,40.118135376756065,-1.6970949465355716,0.0071544659436015,-1.7042494124791732,614.6081631610821,580.9708368389181,584.64,7.960000000000036,8.49794285714287,1842744650.0,0.0,0.0,,0.0124258986680034,-0.0156151262181128,0.0095904939125919,52126616.8,0.7264745215538332,12121624226330.242,24348900366.0,497.8304582188228,41.97291006066846,25.310688636855257,4,1,-0.2777777777777778,-0.0255555555555555,584.64,586.08,588.22,595.01,601.34,593.0431896816912,594.7402846282267,-1.6970949465355716,0,608.9458857142857,574.9541142857144,-0.10725668348548802,7.816597629693915,36.4899236086978,47.95155085615164,-69.54906518570901,4487125.752405304,-0.11652437272337154,-1.1454446642285174,0.00967114689227011,-0.025853273211993377,0.014794623877117274,-1.6281862100708642,0,1,1,0,0,0
47123442.0,596.1425,596.27,595.36,599.7,593.6,1736139600000,468832,2025-01-06,597.2245,593.3582,579.4818,554.83655,0,1,1,1,43.28833611406035,-1.3865674322262294,-0.2715899136903646,-1.1149775185358646,613.540152768516,580.9088472314841,591.95,7.75,8.742942857142866,1889868092.0,1.0,0.0,,0.0057440927406669,0.0005882254079763,0.0091976890632035,53047159.55,0.8883311076360921,12149679638759.36,24396023808.0,498.0188466111929,54.473139170439424,37.20742682233921,0,1,0.0,0.0444444444444444,591.95,584.64,586.08,588.22,595.01,593.3996220383541,594.7861894705803,-1.3865674322262294,0,612.8458857142857,577.8741142857143,-0.10595262559856046,13.398152958190174,34.225563145277526,48.84925146790731,-11.962855398230532,4758586.073750005,-0.3531133763354929,-1.1948000975487183,0.015799351646476723,-0.01862657831404735,0.030052423052302046,0.06395353924217487,0,1,0,0,0,0
60205552.0,590.879,597.42,588.63,597.75,586.78,1736226000000,489806,2025-01-07,596.2655000000001,593.5459999999999,579.9306,555.1687000000001,0,0,1,1,37.04337899543382,-1.6643414032689634,-0.5501402116060845,-1.114201191662879,612.2119333250137,580.3190666749865,595.36,10.970000000000027,9.271550000000016,1829662540.0,2.0,-0.0638888888888889,,-0.0113684616981925,0.000697018122471,0.0091634894375294,54509509.7,1.1044963040641695,12185118432833.12,24456229360.0,498.2419102088893,31.38390272148235,42.60998398419675,1,1,0.0,0.0316666666666666,595.36,591.95,584.64,586.08,588.22,592.6658340324535,594.3301754357225,-1.6643414032689634,0,607.1731,570.0869,-0.13319796536232575,12.133893468873442,37.52839908587266,51.24317826159254,-55.306404196100374,4078017.401081365,0.07248332915544979,-1.4718191647884642,-0.004262877442273494,-0.0315559138546585,0.01621089703749745,0.07606462217003478,0,1,0,0,0,0
47222672.0,588.3667,588.7,589.49,590.5799,585.195,1736312400000,432459,2025-01-08,595.5060000000001,593.7549999999999,580.2948,555.5101,0,0,1,1,39.187609585038025,-1.7943997406583776,-0.7989921174165432,-0.9954076232418344,611.2100945381386,579.8019054618616,588.63,5.384899999999902,9.377257142857152,1876885212.0,4.0,0.03125,,0.0014599534050094,0.0058183183183182,0.008917556984466,55133656.4,0.8565126110518584,12212955725750.4,24503452032.0,498.417762109642,34.7037251495851,40.18692234716897,2,1,-0.0638888888888889,-0.0620833333333333,588.63,595.36,591.95,584.64,586.08,592.1772441813068,593.9716439219652,-1.7943997406583776,0,608.2445142857143,570.7354857142857,-0.08469678208388919,11.99711155165719,36.54167834361079,54.58813864667309,-74.70458948048746,4147010.653073277,0.21913769521914425,-1.1590928060544574,-0.008744051522642127,-0.02512072501157625,0.018047112462006076,0.6524558019528699,0,1,0,0,0,0
73060046.0,581.9833,585.88,580.49,585.95,578.55,1736485200000,720923,2025-01-10,594.3905,593.7482,580.5566,555.8137,0,0,0,1,45.12872286723881,-2.5937970164973194,-1.1579530972326986,-1.4358439192646208,611.0532810593317,577.7277189406683,589.49,10.940000000000056,8.693328571428586,1803825166.0,0.0,0.0,,-0.015385181844416,-0.0070983853311439,0.0116761011056622,56924932.95,1.2834454467284533,12255366351852.94,24576512078.0,498.6617430885768,8.106978687839739,24.731535519635734,4,1,0.03125,-0.0065277777777777,589.49,588.63,595.36,591.95,584.64,590.379206614952,592.9730036314493,-2.5937970164973194,0,597.8766571428572,563.1033428571428,-0.09179316994953746,12.940958007787573,30.912456676062558,54.679040251283254,-130.3010512831449,3031571.1816657856,0.41288703015535005,-0.5663551071570109,-0.034608348578080705,-0.037010617120106115,-0.0005853692130227683,-0.6079408860456643,0,1,1,0,0,0
47770060.0,579.1385,575.77,581.39,581.75,575.35,1736744400000,505932,2025-01-13,593.087,593.7406,580.7744,556.1265999999999,0,0,1,1,46.08478802992516,-3.118751611339917,-1.5501128000541424,-1.5686388112857743,609.5221883085194,576.6518116914806,580.49,6.399999999999977,8.639757142857158,1851595226.0,1.0,0.0,,0.0015492136537416,-0.0178393445392348,0.0092014823138953,57881882.3,0.8253024625634886,12283139387036.34,24624282138.0,498.82223238829346,22.263177294507795,21.69129371064422,0,1,0.0,-0.0065277777777777,580.49,589.49,588.63,595.36,591.95,588.9962517511132,592.1150033624531,-3.118751611339917,0,598.6695142857143,564.1104857142857,-0.06195306239411559,13.021199338190696,33.71663885776245,54.31229903017434,-141.47270551624217,3105634.5660479413,0.3559428026804054,-0.7230334501290463,-0.03317590714071916,-0.04291640601850333,-0.0006531790913935076,-1.9387447090832601,0,1,0,0,0,0
48377580.0,581.8874,584.36,582.19,585.0,578.35,1736830800000,473552,2025-01-14,591.98,593.7842,581.0093,556.4217,0,0,1,1,41.98568872987487,-3.4306818311015377,-1.9262266062636215,-1.5044552248379162,608.2078435185583,575.7521564814417,581.39,6.649999999999977,8.054757142857154,1899972806.0,2.0,0.0,,0.0013750668214543,-0.0221210696049448,0.0082506057306924,58724570.7,0.8238047451575495,12311304330336.54,24672659718.0,498.98569797705255,25.21194249907863,18.5273661604754,1,1,0.0,-0.0065277777777777,581.39,580.49,589.49,588.63,595.36,587.9491360970958,591.3798179281973,-3.4306818311015377,0,598.2995142857144,566.0804857142857,-0.02784381064062811,16.84896059499461,31.78467737505738,52.274854672275616,-109.80733609719218,3172202.7285550395,-0.02862995175613946,-0.5232286222352468,-0.021545856372161665,-0.03663561299290119,0.003758555886967496,-2.6811416659067184,0,1,0,0,0,0
56885159.0,591.4165,590.325,592.78,593.94,589.195,1736917200000,488786,2025-01-15,591.4085,594.2669999999999,581.3308999999999,556.77025,1,0,1,1,48.48292295472591,-2.791189190389332,-2.099219123088764,-0.6919700673005682,606.594460656221,576.222539343779,582.19,11.75,8.34840000000001,1956857965.0,4.0,0.2520833333333333,,0.0180264802851889,0.0070502692693201,0.0118132185139427,59776242.15,0.9516349130354292,12345024714888.56,24729544877.0,499.20145220182326,64.24622189458147,37.24044722938931,2,1,0.0,0.0566666666666666,582.19,581.39,580.49,589.49,588.63,588.6923459283119,591.4835351187012,-2.791189190389332,0,609.4768,576.0831999999999,0.00751481982047761,23.905350552723192,30.666697465496608,48.938147006338795,5.784272360805703,4206940.243472836,0.09973380259344658,0.0017325778788338045,0.007752201557240435,-0.01891726386521253,0.04245216657287565,0.596811384880851,0,1,0,0,0,0
43292162.0,592.4631,594.175,591.64,594.35,590.93,1737003600000,409215,2025-01-16,590.6510000000001,594.679,581.6851,557.11765,1,0,1,1,41.59707724425892,-2.3492939397984856,-2.149234086430708,-0.2000598533677773,604.0076508565932,577.294349143407,592.78,3.4200000000000728,8.11768571428573,1913565803.0,2.0,0.1536796536796536,,-0.0019249934179293,0.0036472204787187,0.0119059177583232,59757906.3,0.7244591499351108,12370638089614.238,24772837039.0,499.3629946436527,60.04423147806843,49.83413195724285,3,1,0.2520833333333333,0.0811525974025973,592.78,582.19,581.39,580.49,589.49,589.14583117011,591.4951251099085,-2.3492939397984856,0,607.8753714285715,575.4046285714285,-0.022060847750025803,19.63085889894457,31.53828149195062,46.99295708284861,21.32656404975753,4123683.276841033,0.046307230674753404,0.10947201394286411,0.009486759486759366,-0.024967451671912833,0.03607453068086297,0.3063365201564406,0,1,0,0,0,0
55360878.0,597.5839,596.96,597.58,599.36,595.61,1737090000000,420950,2025-01-17,590.3154999999999,595.2344,582.0396,557.51135,1,1,1,1,47.03376459450932,-1.5024609777709657,-2.01987946469876,0.5174184869277942,602.5167777156495,578.1142222843504,591.64,7.720000000000027,8.35500714285716,1968926681.0,1.0,0.2,,0.009989824253257,0.0294406449723509,0.0081296700474389,59737472.95,0.926736188628816,12403720643089.48,24828197917.0,499.5819948171343,91.2936344969199,71.86136262318995,4,1,0.1536796536796536,0.1211525974025974,591.64,592.78,582.19,581.39,580.49,590.4433956054777,591.9458565832487,-1.5024609777709657,0,614.2900142857144,580.8699857142857,-0.03044556466395192,22.381788164464112,30.642446229366016,44.64108154343504,105.84270690463033,4679500.353644494,-0.31555079533656366,-0.19593664266321095,0.02213327859879599,-0.01110394016118077,0.048735543426756456,3.6213780616896,0,1,1,0,0,0
42487853.0,601.4494,600.67,603.05,603.06,598.67,1737435600000,429379,2025-01-21,591.1540000000001,595.7614,582.4621999999999,557.9295500000001,1,1,1,1,56.42994241842609,-0.3855125205952845,-1.693006075878065,1.3074935552827804,604.4439541007358,577.8640458992644,597.58,5.4799999999999045,7.991057142857146,2011414534.0,2.0,-0.096590909090909,,0.0091119459728253,0.0372555427509933,0.0078386827948696,56499505.05,0.7520039859181032,12429342942841.129,24870685770.0,499.75875445436617,99.9639119451462,83.76725930671152,1,1,0.2,0.1018344155844155,597.58,591.64,592.78,582.19,581.39,592.382873204635,592.7683857252302,-0.3855125205952845,0,619.0321142857142,587.0678857142857,0.09653981350364281,26.70842763279053,25.496984126407582,40.674164669585075,146.01407517543083,5068416.575589662,-0.3276015680692358,0.08700103242946255,0.018751583748627176,0.02860407996179304,0.04569100052020092,4.752774949335549,0,1,0,0,0,0
48195973.0,606.4754,605.92,606.44,607.82,605.36,1737522000000,367155,2025-01-22,592.171,596.0694,582.911,558.3964000000001,1,1,1,1,65.40933694181325,0.7644102024978565,-1.2015228202028807,1.9659330227007372,606.87074421545,577.4712557845501,603.05,4.7700000000000955,7.574628571428581,2059610507.0,1.0,0.1875,,0.005605683184129,0.0416530685858569,0.0072428154367071,54629396.1,0.8822351415303308,12458570908707.248,24918881743.0,499.96508820894434,95.74992300585156,95.66915648263924,2,1,-0.096590909090909,0.1393344155844155,603.05,597.58,591.64,592.78,582.19,594.5455080962296,593.7810978937317,0.7644102024978565,1,621.5892571428573,591.2907428571428,0.16733092091908727,32.66543950927676,20.90625848500757,37.91571845447414,177.84623764289412,5339346.595438769,-0.3238140786600787,0.09406972560908448,0.01861058855146469,0.03470397543081383,0.02605576610720095,5.750941942457497,0,1,0,0,0,0
40935363.0,608.0261,605.8,609.75,609.75,605.52,1737608400000,330486,2025-01-23,593.101,596.3522,583.4255,558.8530000000001,1,1,1,1,69.63012108143965,1.920681165576525,-0.5770820230469996,2.4977631886235248,609.7526797319185,576.4493202680815,606.44,4.230000000000018,7.432492857142863,2100545870.0,0.0,0.0,,0.0054432418826487,0.0286278214514659,0.0046969209214408,50442455.55,0.8115259765540895,12483531246296.498,24959817106.0,500.1451410193077,100.0,98.57127831699928,3,1,0.1875,0.0889177489177489,606.44,603.05,597.58,591.64,592.78,596.8846606968096,594.9639795312331,1.920681165576525,1,624.6149857142857,594.8850142857143,0.17482911681289237,35.14490907827073,21.306060548680875,35.44787052402445,165.66043140767957,5562775.214147957,-0.7096921400087599,2.1617726891821962,0.035879924570613175,0.03146409540725714,0.023740367018686648,6.0950058517539825,0,1,0,0,0,0
34604693.0,608.5094,609.81,607.97,610.78,606.8,1737694800000,360925,2025-01-24,593.7650000000001,596.5477999999999,583.9217,559.2992499999999,1,1,1,1,69.23965033811649,2.6627090578396064,0.0708761931303216,2.5918328647092848,611.6936122397066,575.8363877602936,609.75,3.980000000000018,6.957492857142865,2065941177.0,2.0,0.075,,-0.0029234984524875,0.0276012439997297,0.0051029282726028,49296223.8,0.7019745191922794,12504569861499.707,24994421799.0,500.2944241742773,92.0688681907989,95.93959706555016,4,1,0.0,0.0731818181818181,609.75,606.44,603.05,597.58,591.64,598.5900975126851,595.9273884548455,2.6627090578396064,1,621.8849857142858,594.0550142857143,0.11539978633908476,38.601754117236204,18.736223740413838,32.9138076675451,139.91512065131295,5461756.184152056,-0.5250364041825071,1.4121605379631208,0.031349132300802385,0.02233096235013199,0.01634932045002424,5.40889239203974,0,1,1,0,0,0
70298125.0,598.6772,594.81,599.37,599.69,594.64,1737954000000,685464,2025-01-27,593.6685,596.56,584.2786,559.6995000000001,1,1,1,1,55.99160206718343,2.527685793283922,0.5622381131610417,1.9654476801228804,611.4464902658985,575.8905097341014,607.97,13.33000000000004,7.341064285714294,1995643052.0,2.0,-0.5,,-0.0142464350635748,0.0029954148398541,0.0094047692599811,51153245.2,1.3742652049766726,12546704448680.96,25064719924.0,500.57229790416386,67.79565340107258,86.62150719729051,0,1,0.075,-0.0668181818181818,607.97,609.75,606.44,603.05,597.58,598.7100825107335,596.1823967174496,2.527685793283922,1,614.0521285714286,584.6878714285714,0.13924700736857684,35.15449783603244,29.588936595453795,28.90527329684463,41.8510294130782,4467358.639865332,-0.3929631943847612,1.165671772837463,0.032524246757050124,-0.0032097122900381914,0.0010187721290668694,0.3184992180093039,0,1,0,0,0,0
44433322.0,602.7245,600.62,604.52,605.37,597.25,1738040400000,419856,2025-01-28,593.8275000000001,596.7124,584.803,560.1514999999999,1,1,1,1,57.19447062519633,2.803919010019172,1.0105742925326675,1.793344717486504,611.9479622631771,575.707037736823,599.37,8.120000000000005,7.3674928571428655,2040076374.0,1.0,0.5,,0.0085556511219527,0.0024376088218225,0.0092813521443275,51308451.75,0.8660039522630889,12573565280496.398,25109153246.0,500.7562444384469,82.33135760654812,80.73195973280656,1,1,-0.5,0.0524999999999999,599.37,607.97,609.75,606.44,603.05,599.6039159706206,596.7999969606014,2.8039190100191718,1,619.2549857142857,589.7850142857143,0.1536672024979874,33.65168805887127,29.48279555950091,26.253124743180972,82.25681138508213,4849145.529933239,-0.6411585582114291,1.116557033788313,0.03978396601248724,0.005288189709648394,0.012765957446808418,0.26263481414872886,0,1,0,0,0,0
37155029.0,602.0789,603.72,601.81,604.13,599.22,1738126800000,426223,2025-01-29,594.1675,596.8048,585.3116,560.57055,1,1,1,1,61.04963112005361,2.7722052167489437,1.362900477375923,1.4093047393730207,612.633274742527,575.7017252574731,604.52,5.2999999999999545,6.962492857142861,2002921345.0,4.0,0.09375,,-0.0044929738278148,-0.0076347206648639,0.0089829727011002,49928237.7,0.7441686450711638,12595925548498.889,25146308275.0,500.90555682169565,74.68247248094823,74.93649449618965,2,1,0.5,0.0337499999999999,604.52,599.37,607.97,609.75,606.44,599.9433135136021,597.1711082968532,2.7722052167489437,1,615.7349857142857,587.8850142857142,0.14627930264028624,35.609167074230385,24.20110202480823,23.963080170724005,68.92265653526847,4682583.416868327,-0.4295273980298856,0.21716702480059574,0.03370033837750541,0.011428379354968765,0.007736231350156331,-0.8499093139663767,0,1,0,0,0,0
39092005.0,604.0502,603.96,605.04,606.6,600.715,1738213200000,419930,2025-01-30,595.0085,597.0386,585.8659,561.0415,1,1,1,1,62.5383002741493,2.973429963141143,1.6850063745289672,1.288423588612176,613.8617887260847,576.1552112739154,601.81,5.884999999999991,6.998214285714296,2042013350.0,2.0,0.375,,0.005352790673669,-0.0077244772447725,0.0089654859875058,49075060.1,0.7965757947181811,12619577775204.088,25185400280.0,501.0671911069618,83.7990403612757,80.27095681625737,3,1,0.09375,0.1087499999999999,601.81,604.52,599.37,607.97,609.75,600.7274191268941,597.753989163753,2.973429963141143,1,619.0364285714286,591.0435714285713,0.1652719125183768,37.948456234963054,22.459811174028054,22.18258240947987,80.69504501498821,4892395.776500107,-1.0605133237046884,0.6371142906520159,0.020682209251324357,0.02859474346333002,0.019701693772646633,-0.8615783505493987,0,1,0,0,0,0
66644817.0,604.5226,607.5,601.82,609.96,601.05,1738299600000,591696,2025-01-31,595.7955,597.36,586.4805,561.52835,1,1,1,1,68.96674373110446,2.840333340364282,1.9160717676960304,0.9242615726682516,614.3918318114551,577.1991681885448,605.04,8.910000000000082,6.853214285714297,1975368533.0,4.0,0.181547619047619,,-0.0053361742716179,-0.0101156307054623,0.009121401524642,49554668.25,1.344874647606989,12659685958971.027,25252045097.0,501.3330964023594,74.71069714930867,77.73073666384421,4,1,0.375,0.1300595238095238,605.04,601.81,604.52,599.37,607.97,600.8955084919874,598.0551751516231,2.840333340364282,1,615.5264285714286,588.1135714285715,0.13488965638255004,42.253374324638656,16.009171919744603,22.472859589961416,74.58060976547364,4537714.580645298,-0.890692484880354,-0.10537116944407694,0.017206409302954695,0.026856401856401924,0.02743491250533503,-1.1089983911080388,0,1,1,1,0,0
65817248.0,596.812,592.67,597.77,600.29,590.49,1738558800000,732164,2025-02-03,596.452,597.5524,586.9941,561.99955,1,1,1,1,63.79252273492758,2.380609965363874,2.008979407229599,0.3716305581342749,614.3022278917973,578.6017721082027,601.82,11.33000000000004,7.205357142857159,1909551285.0,2.0,0.0,,-0.0067523326936074,-0.002669469609757,0.0069763542251668,50341531.9,1.307414484937436,12699029535307.988,25317862345.0,501.5837973309744,59.88282454517419,72.79752068525288,0,2,0.181547619047619,0.2300595238095238,601.82,605.04,601.81,604.52,599.37,600.4146610316816,598.0340510663177,2.380609965363874,1,612.1807142857143,583.3592857142856,0.17552894843572303,40.18835191670983,22.522924409167356,21.322118186272025,0.5913607795293537,4094791.689415356,-0.47634052049586245,-0.8711826517193754,0.0003179490612135183,0.022458264915161452,0.01635637167389281,-0.3826448166406012,0,1,0,0,0,0
33346815.0,600.6073,597.83,601.78,602.3,597.28,1738645200000,381973,2025-02-04,596.9435,597.782,587.524,562.5057,1,1,1,1,65.6494647707301,2.313184415544697,2.069820408892619,0.2433640066520781,614.8131075708579,579.073892429142,597.77,5.019999999999982,7.088928571428588,1942898100.0,1.0,0.1,,0.0066858654287108,-0.0045325216700853,0.0063929899063857,50115439.7,0.6654000284068144,12719096981638.688,25351209160.0,501.71559476174065,58.30437804030562,64.29929991159618,1,2,0.0,0.1500595238095237,597.77,601.82,605.04,601.81,604.52,600.6247131806537,598.311528765109,2.313184415544697,1,615.9578571428572,587.6021428571428,0.17287724752114397,39.59897223642498,22.892840946859366,21.03802106974586,36.20852238052077,4318490.985382031,-0.5573520758943553,-0.7770317044271243,-0.0021059613630710627,0.016606132274685326,0.01944773843808245,-0.7089819703513454,0,1,0,0,0,0
30623149.0,602.366,600.64,604.22,604.37,598.58,1738731600000,358144,2025-02-05,597.3865000000001,598.0563999999999,588.022,563.0292,1,1,1,1,60.50698016164589,2.4286409287570905,2.141584512865513,0.2870564158915774,615.528040902454,579.2449590975461,601.78,5.789999999999964,6.663214285714299,1973521249.0,1.0,0.0,,0.0040464400154451,0.0040045861650688,0.006336423459193,49290425.05,0.6212798726920291,12737600100727.469,25381832309.0,501.8392661987178,67.6688023656976,61.95200165039248,2,2,0.1,0.1313095238095238,601.78,597.77,601.82,605.04,601.81,601.1778342297839,598.7491933010268,2.4286409287570905,1,617.5464285714286,590.8935714285715,0.22544311700411968,34.76443157691316,24.35546979424808,21.410647181822675,50.14415235715576,4442656.766165707,-0.5461893427616507,-0.6803410716943229,-0.003660708396543755,0.01488175221714605,0.023234546994072902,0.6319937218403014,0,1,0,0,0,0
35771503.0,605.3225,605.99,606.32,606.4525,602.63,1738818000000,351828,2025-02-06,598.271,598.3094,588.4943,563.585,1,1,1,1,63.24909747292423,2.65894285872389,2.2450561820371884,0.4138866766867015,616.3397749271509,580.202225072849,604.22,3.822499999999991,6.691964285714294,2009292752.0,0.0,0.0,,0.0034695294770691,0.0021155626074309,0.0060474711610307,48068722.6,0.7441741961331004,12759289078426.428,25417603812.0,501.9863073167657,78.01872843765436,67.99730294788587,3,2,0.0,0.0563095238095237,604.22,601.78,597.77,601.82,605.04,601.968936655971,599.3099937972471,2.65894285872389,1,619.7039285714286,592.9360714285715,0.3073043477530679,36.40026684067767,24.250833886670904,21.17928767912404,69.69412698774153,4566982.6016229885,-0.5284090227368933,-0.5467546402252351,-0.005625256252562494,0.030052834548018437,0.02130813414860122,0.3498254150940315,0,1,0,0,0,0
50750516.0,602.8983,606.89,600.77,608.13,600.05,1738904400000,563116,2025-02-07,598.835,598.4146,588.8819,564.09025,1,1,1,1,52.899472823123006,2.366342457886276,2.269313437207006,0.0970290206792698,616.4481535775676,581.2218464224325,606.32,8.080000000000041,6.71767857142858,1958542236.0,1.0,-0.2833333333333333,,-0.0091957337226675,-0.0017447077199164,0.0071178957343125,48245114.8,1.0519306713308931,12789778465923.748,25468354328.0,502.1831525196985,50.665352390340026,65.450961064564,4,2,0.0,-0.0366666666666666,606.32,604.22,601.78,597.77,601.82,601.7844848627446,599.4181424048584,2.366342457886276,1,614.2053571428571,587.3346428571429,0.23382852331135462,30.93383662182041,26.901299872202657,20.564533742776472,45.231178884128646,4102433.5783349476,-0.3196108162226989,-1.3088789101475733,-0.011842689606395118,0.01913518465113917,0.008832765192859915,-0.24511531692614033,0,1,1,0,0,0
26045714.0,604.2397,604.03,604.85,605.4999,602.74,1739163600000,393994,2025-02-10,600.053,598.561,589.302,564.58625,1,1,1,1,51.67847817978372,2.4356003494478955,2.302570819655184,0.1330295297927115,615.5689057268959,584.5370942731041,600.77,4.729900000000043,6.664100000000019,1984587950.0,1.0,-0.0787878787878787,,0.0067683276247509,0.0118440202753569,0.006628658439549,45894398.2,0.567514010892946,12805532216036.648,25494400042.0,502.28803952791793,70.77378018728457,66.48595367175967,0,2,-0.2833333333333333,-0.0524242424242424,600.77,606.32,604.22,601.78,597.77,602.2561025761686,599.8205022267207,2.4356003494478955,1,618.1782000000001,591.5218,0.2986789506749179,27.21672843753234,27.117583123739916,20.411815194911203,54.66725922589179,4279317.4325886555,-0.43964780790489294,-1.7428600943186277,0.009142933413417431,0.04196454719288889,0.012250430940705881,1.78678725348386,0,1,0,0,0,0
30056740.0,604.5604,602.55,605.31,605.86,602.43,1739250000000,408321,2025-02-11,601.249,598.6542,589.7244000000001,565.08575,1,1,1,1,48.88538173209696,2.4988012576576466,2.3418169072556765,0.1569843504019701,614.1799989030692,588.3180010969309,604.85,3.4300000000000637,6.568385714285731,2014644690.0,1.0,-0.2,,0.0007602300888389,0.0058659310711555,0.0061749364747869,45008732.2,0.667797970101455,12823725861326.049,25524456782.0,502.4093547161958,73.04090685066517,64.82667980942993,1,2,-0.0787878787878787,-0.1124242424242424,604.85,600.77,606.32,604.22,601.78,602.7259329490657,600.2271316914081,2.4988012576576466,1,618.4467714285714,592.1732285714285,0.28014057005537474,22.828614116663815,27.51273959164637,19.50855562631699,53.507980587067635,4302176.158553766,-0.37160353326024187,-1.6822805896525017,0.0013068219413749915,0.041142778513562295,0.007758261882960138,0.9499565858759831,0,1,0,0,0,0
45076076.0,601.9544,599.2,603.36,604.55,598.51,1739336400000,435863,2025-02-12,602.3075,598.7447999999999,590.144,565.5850999999999,1,1,1,1,43.52321102777216,2.3642857155695083,2.346310668918443,0.017975046651065,611.632659798242,592.982340201758,605.31,6.7999999999999545,6.751957142857155,1969568614.0,4.0,0.1666666666666666,,-0.0032266899846492,-0.0014233226308298,0.0061845198574525,44843657.0,1.0051828734663637,12850922962541.408,25569532858.0,502.5873188184081,63.43026121242005,69.08164941678994,2,2,-0.2,-0.0790909090909091,605.31,604.85,600.77,606.32,604.22,602.8234817261325,600.459196010563,2.3642857155695083,1,616.8639142857144,589.8560857142857,0.303272188629979,20.1662163541823,30.911672167973197,19.260168577822945,7.18777450148345,4156964.038813473,-0.4292939801524675,-1.5131062560564377,0.002575563716123108,0.03636269946237469,0.007564751264966585,-0.23014241399686405,0,1,0,0,0,0
40768881.0,607.4617,604.48,609.73,609.94,603.2,1739422800000,426315,2025-02-13,603.155,598.8883999999999,590.5315,566.09245,1,1,1,1,51.6320474777448,2.740100767032345,2.4250686885412236,0.3150320784911216,611.8970159062341,594.4129840937659,603.36,6.740000000000009,6.949100000000011,2010337495.0,3.0,0.0,,0.0105022027200368,0.0056240928882438,0.0078320946972185,44037843.1,0.9257692504926518,12875780972353.54,25610301739.0,502.75787859016054,98.81869542886484,78.4299544973167,3,2,0.1666666666666666,-0.0790909090909091,603.36,605.31,604.85,600.77,606.32,603.8860229990352,601.1459222320028,2.740100767032345,1,623.6282,595.8318,0.3192176029836869,24.075676806649675,30.03472186223128,17.572052843300252,109.36253248338384,4587383.3108401215,-0.1492719816794822,-1.3187382159425074,0.007751553616289986,0.02859408212152914,0.011916023566509004,0.7180819339967641,0,1,0,0,0,0
26910448.0,610.0263,609.94,609.7,610.99,609.07,1739509200000,330615,2025-02-14,604.058,599.0097999999999,590.946,566.59065,1,1,1,1,61.389195148842376,3.000923376958781,2.5402396262247353,0.4606837507340455,611.412799650182,596.703200349818,609.73,1.919999999999959,6.134100000000005,1983427047.0,2.0,0.065,,-4.920331631344751e-05,0.0148642575361619,0.0055578142960958,43218757.4,0.622656680083079,12892188272499.14,25637212187.0,502.87013184048345,93.70731707317093,85.31875790481861,4,2,0.0,-0.0094242424242424,609.73,603.36,605.31,604.85,600.77,604.7804809991836,601.7795576222248,3.000923376958781,1,621.9682,597.4318000000001,0.3438549596063158,28.497136612368706,19.865529228893024,18.232862387378507,148.89414315876252,4586059.260129151,-0.36383292832269915,-0.6951657674518802,0.013093616031371491,0.030525319451017552,0.010055828901810893,2.674474172672854,0,1,1,0,0,0
26708205.0,610.1853,610.88,611.49,611.49,608.38,1739854800000,364165,2025-02-18,604.7535,599.1614,591.3642,567.1382,1,1,1,1,58.29959514170044,3.3138650414086896,2.6949647092615265,0.6189003321471631,612.1595836301259,597.3474163698742,609.7,3.1100000000000136,5.776242857142863,2010135252.0,1.0,0.0,,0.0029315688499782,0.0109779284120028,0.0051488163417267,41786123.75,0.6391644546833565,12908520072774.588,25663920392.0,502.9831715344026,100.0,97.50867083401192,1,2,0.065,0.0063333333333333,609.7,609.73,603.36,605.31,604.85,605.8127146916169,602.4988496502082,3.3138650414086896,1,623.0424857142857,599.9375142857143,0.3842459010669091,23.23878348713599,21.949512408962118,17.964999124814067,146.760109176391,4664471.080614637,-0.7496586187379716,0.9166451149841919,0.022951971494052925,0.02327721811305583,0.012551539136626433,2.13212248450416,0,1,0,0,0,0
31011072.0,611.643,610.08,612.93,613.23,609.56,1739941200000,334371,2025-02-19,605.2475000000001,599.2668,591.7805000000001,567.7011,1,1,1,1,63.65422396856585,3.636154208240896,2.8832026090574003,0.7529515991834956,613.4503284595263,597.0446715404738,611.49,3.6700000000000728,5.6598142857143,2041146324.0,3.0,0.0999999999999999,,0.0023521351560814,0.0125885909699161,0.0050876507282672,41212284.7,0.7524715561328731,12927527689135.549,25694931464.0,503.1158657592731,98.68073878627938,97.46268528648343,2,2,0.0,0.0663333333333333,611.49,609.7,609.73,603.36,605.31,606.9076816621373,603.2715274538964,3.636154208240896,1,624.2496285714285,601.6103714285714,0.3697560001441354,25.91276341400499,22.40103789089477,17.121771974380486,153.8718182490436,4737499.165587404,-0.6178498755099469,1.326172895159385,0.01852836584798423,0.016383384462316464,0.008672612974360616,2.474337744255135,0,1,0,0,0,0
36553902.0,609.4303,611.54,610.38,611.684,607.02,1740027600000,388455,2025-02-20,605.4445000000001,599.3412,592.1839,568.22785,1,1,1,1,56.66833166833173,3.643803507516964,3.0353227887493133,0.6084807187676504,613.9515211868347,596.9374788131654,612.93,5.909999999999968,5.661600000000013,2004592422.0,3.0,0.0,,-0.0041690228861182,0.0116348448687351,0.0053629242009183,40630181.15,0.8996736161487678,12949839459838.309,25731485366.0,503.2682441624388,87.46701846965689,95.38258575197877,3,2,0.0999999999999999,0.0329999999999999,612.93,611.49,609.7,609.73,603.36,607.4418844833469,603.79808097583,3.6438035075169637,1,621.7032,599.0568,0.40211629889493417,22.788358664033908,25.59851833585668,15.70518248511901,98.14645613034875,4585422.337727781,-0.16552049151209647,0.2703030382058945,0.010194962099897342,0.006496932919991982,0.0061319355157749555,2.169492377277882,0,1,0,0,0,0
76448318.0,603.6819,610.16,599.94,610.3,599.47,1740114000000,628048,2025-02-21,604.954,599.1838,592.4603,568.6710999999999,0,1,1,1,48.011002962336015,2.7754512091432844,2.9833484728281077,-0.2078972636848233,613.5465926483586,596.3614073516413,610.38,10.909999999999968,5.804457142857148,1928144104.0,4.0,0.1875,,-0.0172520638178988,-0.0160562872090924,0.0083177881844173,42405828.9,1.8027785326464871,12995703863739.229,25807933684.0,503.55460545049766,41.55672823219016,75.90149516270883,4,2,0.0,0.0704999999999999,610.38,612.93,611.49,609.7,609.73,606.2877484089859,603.5122971998426,2.7754512091432844,1,611.5489142857143,588.3310857142858,0.2546971599916347,18.09274645862144,34.25938687089473,14.693457732126214,-26.399203386973284,3277842.7317118607,-0.742548357369848,0.8526647592373381,-0.010522496371553003,-0.016088560885608727,-0.012948125236504682,-1.9303530637678263,0,1,1,0,0,0
50737213.0,599.0337,602.02,597.21,603.03,596.49,1740373200000,600743,2025-02-24,604.4159999999999,599.0344,592.7176999999999,569.0743,0,0,1,1,49.39050936003489,1.8457113604556523,2.755821050353617,-0.9101096898979644,613.5442036048835,595.2877963951164,599.94,6.539999999999964,5.462314285714285,1877406891.0,2.0,0.0,,-0.0045608398818612,-0.0204854846645891,0.0081280235966639,43212454.9,1.1741340110718863,13026004634714.96,25858670897.0,503.7383663916839,4.301075268817365,44.44160732355482,0,2,0.1875,0.0574999999999999,599.94,610.38,612.93,611.49,609.7,604.8911717306803,603.0454603702246,1.8457113604556525,1,608.1346285714286,586.2853714285715,0.22066136704252115,19.226021411747865,26.493218464898018,13.816729987388465,-106.83096404375576,3046965.3248211714,-0.9380983189476867,2.0825872027047225,-0.005925728648234707,-0.017698241689557026,-0.012353641595554521,-2.5203494081271067,0,1,0,0,0,0
56911072.0,594.1288,597.15,594.24,597.89,589.56,1740459600000,712188,2025-02-25,604.1595,598.8632,592.9225,569.4598000000001,0,0,1,1,41.60356347438754,0.859325879456037,2.376522016174101,-1.5171961367180642,614.1338090513684,594.1851909486315,597.21,8.330000000000041,5.698742857142861,1820495819.0,4.0,-0.1197916666666666,,-0.0049855321696108,-0.0282097826620222,0.0071140080140653,42543102.25,1.3377273633118751,13059823470140.238,25915581969.0,503.93710956451946,19.771863117870932,21.876555539626168,1,2,0.0,0.0335416666666666,597.21,599.94,610.38,612.93,611.49,603.2525299259603,602.3932040465043,0.859325879456037,1,605.6374857142857,582.8425142857143,0.16025436302708945,15.909022539318414,34.08019813466632,14.503649699053499,-195.26790938415417,2763939.4480943903,-0.6511039421935183,2.303842195144386,-0.01754153922460111,-0.008558986936283097,-0.014200398142003912,-3.9653797061306206,0,1,0,0,0,0
43321578.0,595.5992,595.93,594.54,599.58,591.8556,1740546000000,638726,2025-02-26,603.6605,598.6048,593.1817,569.84655,0,0,1,1,38.6810102899905,0.1006554783371029,1.9213487086067016,-1.8206932302695984,614.518311110203,592.802688889797,594.24,7.72440000000006,5.836914285714296,1863817397.0,1.0,0.0,,0.0005047191345218,-0.03000342616612,0.0066206172220914,42487515.05,1.019630777394688,13085579881124.355,25958903547.0,504.08831241397417,21.03929024081117,15.037409542499836,2,2,-0.1197916666666666,0.0135416666666666,594.24,597.21,599.94,610.38,612.93,601.9121407065818,601.8114852282447,0.10065547833710298,1,606.2138285714285,582.8661714285714,0.10357444123317953,15.067403518607344,33.27345172188909,15.936170922954064,-145.08948099230108,2785810.1962769353,-0.6420182698212011,2.323576177559545,-0.01779253605590525,-0.016508965791040886,-0.021268890132683738,-4.531810228796143,0,1,0,0,0,0
74182664.0,590.3902,596.85,585.05,598.02,584.65,1740632400000,758875,2025-02-27,602.8225,598.2192,593.3436,570.1709500000001,0,0,0,1,28.793619142572084,-1.2519285165947167,1.286693263566418,-2.538621780161135,616.5020565871356,589.1429434128644,594.54,13.370000000000005,6.518878571428583,1789634733.0,2.0,0.0,,-0.016090683633896,-0.0414987384907763,0.0077969202206114,44338896.8,1.6730832148264003,13128980448697.557,26033086211.0,504.319017049544,1.39958012596213,14.070244494881424,3,2,0.0,0.0135416666666666,594.54,594.24,597.21,599.94,610.38,599.3179652132615,600.5698937298562,-1.2519285165947167,0,598.0877571428571,572.0122428571428,0.01829697491266582,11.209311854557761,37.687902056150335,18.373303345548152,-205.23374980202087,1601712.4377409234,-0.4759798738050614,0.08295535957044312,-0.030346725006629605,-0.027849321214336697,-0.03190309930005142,-5.322445798100545,0,1,0,0,0,0
88487668.0,588.2902,585.56,594.18,594.72,582.44,1740718800000,780010,2025-02-28,602.2795,598.0186,593.6072,570.53765,0,0,1,1,43.86748557602822,-1.5690592417795417,0.7155427624972263,-2.284602004276768,616.4420696077489,588.1169303922511,585.05,12.279999999999973,6.818878571428578,1878122401.0,2.0,0.25,,0.0154849900962994,-0.0096009600960097,0.0114672609219983,46808679.95,1.89041152398488,13181558051269.797,26121573879.0,504.6234240068854,38.12926274764504,20.18937770480613,4,2,0.0,0.0260416666666666,585.05,594.54,594.24,597.21,599.94,598.5275090266058,600.0965682683853,-1.5690592417795415,0,607.8177571428571,580.5422428571428,0.08392010504486704,10.716152529195188,35.642224367052066,21.71585666887565,-154.11757036061192,2982607.077241823,0.09588819324133874,0.7604516955871645,-0.025503091532317668,-0.0179492264974217,-0.016600188676122674,-0.837248911385851,0,1,1,1,0,0
74249199.0,587.977,596.18,583.77,597.34,579.9,1740978000000,839118,2025-03-03,601.377,597.5581999999999,593.7151,570.85195,0,0,0,1,32.450882450882304,-2.630069818584957,0.0464202462807896,-2.6764900648657464,617.785262488586,584.9687375114139,594.18,17.440000000000055,7.726742857142865,1803873202.0,2.0,0.25,,-0.0176752341230921,-0.0225046466067213,0.0135332906559468,47188899.05,1.5734463082371912,13224902506170.027,26195823078.0,504.8477563309197,11.61116111611161,17.046667996572943,0,3,0.25,0.0760416666666666,594.18,585.05,594.54,594.24,597.21,596.2571230225126,598.8871928410975,-2.630069818584957,0,599.2234857142857,568.3165142857142,0.09789684526820946,11.879058260376016,31.454392163815534,24.929517571942032,-161.7912928220781,1681765.309444187,0.29300437337519786,-0.10228707257557801,-0.042529112678366565,-0.02999235651856047,-0.0379373424084114,-1.6629089369142416,0,1,0,0,0,0
109632212.0,578.3233,579.71,576.86,585.39,572.25,1741064400000,1056745,2025-03-04,600.3315,597.0096,593.8057,571.11975,0,0,0,1,28.61223876108849,-3.982598677123861,-0.7593835384001404,-3.22321513872372,620.0402159719443,580.6227840280557,583.77,13.139999999999986,8.420314285714287,1694240990.0,0.0,0.0,,-0.0119074668859668,-0.0292474421109315,0.0139367079258814,49379647.25,2.2201902626997807,13288144943984.348,26305455290.0,505.1478789282095,11.249389946315304,20.32993793669067,1,3,0.25,0.0999999999999999,583.77,594.18,585.05,594.54,594.24,593.2729502498183,597.2555489269422,-3.9825986771238604,0,593.7006285714286,560.0193714285714,0.028066624621692318,10.595125393131413,35.35293897790091,28.11362056174776,-212.42323402733197,384064.8710523653,0.738397795344233,0.4825654092539935,-0.056632160787584374,-0.03498000903357479,-0.04539211305829971,-2.0985889408450378,1,1,0,0,0,0
70927248.0,579.8337,576.69,583.06,584.88,573.0795,1741150800000,809703,2025-03-05,599.3955,596.9452,593.9046,571.3861499999999,0,0,0,1,35.65573770491791,-4.502299649744145,-1.5079667606689415,-2.9943328890752037,620.5403323660674,578.2506676339325,576.86,11.800499999999944,8.777492857142859,1765168238.0,1.0,-0.1666666666666666,,0.0106904942547744,-0.0193090456487369,0.015741265286565,51258668.9,1.383712248524659,13329499785203.229,26376382538.0,505.3573880345285,26.378721327476672,16.413090796634545,2,3,0.0,0.0666666666666666,576.86,583.77,594.18,585.05,594.54,591.7017271344616,596.2040267842058,-4.502299649744145,0,600.6149857142857,565.5050142857142,0.04909317031361759,10.163982717961055,30.72436076110858,30.20267853526898,-155.30663940377522,1146379.7093146746,0.6528420619150503,-0.4791146957287086,-0.04873313428939685,-0.03110771378244548,-0.0054922562598076485,-1.226650655504192,0,1,0,0,0,0
80069568.0,574.5259,575.48,572.71,580.1736,570.12,1741237200000,869696,2025-03-06,597.8199999999999,596.6774,593.8602999999999,571.60625,0,0,0,1,25.2341450361251,-5.68380554396515,-2.3431345173281835,-3.3406710266369664,621.9378675848786,573.7021324151212,583.06,12.93999999999994,9.220349999999996,1685098670.0,1.0,0.0,,-0.0179106166106703,-0.0210922143406545,0.0161103494605234,53730989.85,1.4901934288485843,13375356427492.508,26456452106.0,505.5612284634016,6.007886801206289,14.545332691666104,3,3,-0.1666666666666666,0.0666666666666666,583.06,576.86,583.77,594.18,585.05,588.7799229599291,594.4637285038942,-5.68380554396515,0,591.1507,554.2693,-0.016305398650615765,5.500256032618842,31.54133442164489,34.43764386269492,-165.76317690520668,-274949.1913130351,0.8063934869954441,-0.5865831675444143,-0.061715652544316546,-0.052149879183079006,-0.022845930728544572,-1.3092330057773425,0,1,0,0,0,0
80415816.0,572.599,570.9,575.92,577.39,565.63,1741323600000,874094,2025-03-07,596.3,596.3728,593.8582,571.8386,0,0,0,1,28.323921971252375,-6.288645711301001,-3.1322367561227473,-3.1564089551782537,621.9457313571236,570.6542686428763,572.71,11.759999999999993,9.92320714285714,1765514486.0,0.0,0.0,,0.0055892817647361,-0.0307314281867447,0.0134690530340128,55963205.5,1.4369408485723714,13421669504243.229,26536867922.0,505.77443968495584,21.617647058823444,18.001418395835486,4,3,0.0,0.0166666666666666,572.71,583.06,576.86,583.77,594.18,586.8014732737862,593.0901189850872,-6.288645711301001,0,595.7664142857143,556.0735857142856,0.008486078234844246,4.3548708687676445,32.53923522474812,38.619424323986486,-147.6376208674365,175775.90404062078,0.3499095022479656,-1.2055099258277902,-0.04003733706704016,-0.05013854070457857,-0.025763342637232567,-2.2816307347541587,0,1,1,0,0,0
98286124.0,563.482,567.59,560.58,569.54,555.59,1741579200000,1007963,2025-03-10,594.2905,595.6906,593.6682,571.9912,0,0,0,0,22.17120367333537,-7.914561560794482,-4.088701717057094,-3.825859843737388,624.3755286075226,564.2054713924773,575.92,20.329999999999927,11.153207142857136,1667228362.0,0.0,0.0,,-0.026996800128128,-0.0397245490518525,0.0158769716926431,58339985.9,1.6847128514647105,13476766739635.148,26635154046.0,505.97667715231614,8.657182512144361,12.094238790724717,0,3,0.0,-0.0333333333333333,575.92,572.71,583.06,576.86,583.77,582.7674004624345,590.681962023229,-7.914561560794482,0,582.8864142857143,538.2735857142858,0.01991172854287633,3.874606214876446,34.93876520879394,44.13239397419132,-179.23585118309467,-2442138.2891806425,0.22019674820610463,-1.1893769876987947,-0.06133520872055054,-0.06689748156532438,-0.05735761489179236,-2.502021468618284,0,1,0,0,0,0
87997244.0,557.6355,559.4,555.92,564.02,552.02,1741665600000,935559,2025-03-11,591.844,594.7829999999999,593.3842000000001,572.114,0,0,0,0,19.896504382722455,-9.46997071283863,-5.164955516213402,-4.305015196625229,625.9964522661136,557.6915477338865,560.58,12.0,11.74820714285713,1579231118.0,1.0,-0.0555555555555555,,-0.0083475630268474,-0.0362999687965884,0.0157431954559981,61437562.4,1.432303635796592,13525686167519.629,26723151290.0,506.14113660244254,6.536604987932384,12.27047818630008,1,3,0.0,-0.0444444444444444,560.58,575.92,572.71,583.06,576.86,578.6370311605215,588.1070018733601,-9.46997071283863,0,579.4164142857143,532.4235857142857,-0.01737152605241997,2.620460629395742,35.33979956605297,49.76990019951161,-169.86656211446115,-3173643.4392751954,0.30927953978027123,-1.153533791188342,-0.06448572967151323,-0.08089608993965458,-0.07546981539996678,-2.305754625260147,0,1,0,0,0,0
69547267.0,559.4649,562.17,558.87,563.11,553.69,1741752000000,687057,2025-03-12,589.5219999999999,593.9336,593.1750999999999,572.2592,0,0,0,0,22.91513303186447,-10.345348587370836,-6.2010341304448895,-4.1443144569259465,626.0516428152566,552.9923571847432,555.92,9.41999999999996,11.998921428571416,1648778385.0,3.0,0.0666666666666666,,0.005292488963655,-0.0414880115254003,0.014313035616814,63412088.75,1.0967509251144167,13564554048627.918,26792698557.0,506.2780077852207,11.753603294440676,8.98246359817249,2,3,-0.0555555555555555,0.0022222222222222,555.92,560.58,575.92,572.71,583.06,575.5959494435182,585.941298030889,-10.345348587370836,0,582.8678428571428,534.8721571428572,-0.0274576002951571,2.565706798494087,33.08934314732523,55.469934620721055,-140.9260872907937,-2804589.550855998,0.2250274888604359,-1.4210318756319968,-0.05999596326571799,-0.07672101898200911,-0.0706256028203679,-2.898615195962415,0,1,0,0,0,0
73979414.0,553.5289,558.49,551.42,559.105,549.68,1741838400000,747044,2025-03-13,586.925,593.0618,592.8663,572.3865,0,0,0,0,23.65906623235601,-11.507592237361903,-7.262345751828293,-4.245246485533612,626.5651027668717,547.2848972331282,558.87,9.425000000000068,11.892849999999994,1574798971.0,5.0,0.215,,-0.0134201187284244,-0.0371741369977826,0.0137007222575631,64857255.65,1.140649774008747,13605347777095.8,26866677971.0,506.4023096484599,3.2614807872539986,7.183896356542369,3,3,0.0666666666666666,0.0452222222222222,558.87,555.92,560.58,575.92,572.71,571.8765726060539,583.3841648434158,-11.507592237361905,0,575.2057,527.6342999999999,-0.0838773732100953,2.5885901431419494,31.258337090217086,59.3144745375029,-140.00937124282447,-3790769.9403920346,0.19193898542604662,-1.3335048237507803,-0.05748226647295107,-0.08608459294616821,-0.07325927295339585,-2.7132956325937747,0,1,0,0,0,0
62655340.0,559.6851,556.11,562.81,563.83,551.4917,1741924800000,616221,2025-03-14,584.579,592.5536,592.6709000000001,572.55335,0,0,0,0,32.929734021437,-11.378437350746822,-8.085564071612,-3.292873279134822,624.089811791468,545.0681882085319,551.42,12.410000000000082,12.312135714285716,1637454311.0,2.0,0.0,,0.0204453241424273,-0.0227635782747603,0.0181561617368151,65951578.6,0.9500203229403822,13640610829001.2,26929333311.0,506.53355103408114,26.312625250500943,13.775903110731887,4,3,0.215,0.0452222222222222,551.42,558.87,555.92,560.58,575.92,570.4817152820456,581.8601526327924,-11.378437350746822,0,587.4342714285714,538.1857285714285,-0.07182051882961134,5.241634414985398,28.46500461922507,63.1004197885018,-101.56691724824441,-2496576.181369873,0.38070108214859943,-0.9243475659032292,-0.05279544919048096,-0.07695209354960408,-0.043198123151202084,-1.2537653093797745,0,1,1,0,0,0
49008709.0,566.1538,562.79,567.15,569.71,562.35,1742184000000,538126,2025-03-17,582.4515,592.175,592.4965,572.74005,0,0,0,0,36.73749143248797,-10.801367996837598,-8.62872485665712,-2.1726431401804778,620.8330346364943,544.0699653635057,562.81,7.360000000000014,12.24285,1686463020.0,2.0,0.1928571428571428,,0.0076817256213216,0.0117200042812799,0.013487576396753,67056491.65,0.7308570399984533,13668406118310.549,26978342020.0,506.6436665447297,35.01002004008015,21.528042025945044,0,3,0.0,0.0837936507936507,562.81,551.42,558.87,555.92,560.58,569.9691437001924,580.77051169703,-10.801367996837598,0,591.6356999999999,542.6643,-0.05261785218239981,8.701872054260177,24.582919825240143,63.912022410608145,-66.15746921231312,-2118655.040913942,-0.08004952194442651,-1.0032628572105224,-0.02847011665553212,-0.06978842053468925,-0.03229934479934493,0.8689474852299276,0,1,0,0,0,0
64791422.0,561.5366,564.8,561.02,565.02,559.06,1742270400000,572400,2025-03-18,579.928,591.7026,592.2704,572.91465,0,0,0,0,34.475731752500906,-10.71515846888201,-9.046011579102098,-1.6691468897799115,616.8807126559253,542.9752873440747,567.15,8.090000000000032,12.268964285714285,1621671598.0,2.0,0.0,,-0.0108672634939377,0.0091739818678946,0.0140227348731066,68960652.5,0.9395418931107128,13704755401880.988,27043133442.0,506.7739443461268,23.45883326437738,28.26049285165284,1,3,0.1928571428571428,0.0949047619047619,567.15,562.81,551.42,558.87,555.92,568.5923523617013,579.3075108305833,-10.71515846888201,0,585.5579285714285,536.4820714285714,-0.08660917614436171,7.6994507041461056,26.4459975940195,65.14346618761657,-78.1248038346047,-2818948.467450131,-0.09782465719669194,-0.9510829075202649,-0.027459002184238912,-0.08253610034505887,-0.04040093048713744,0.6542215486989884,0,1,0,0,0,0
66540485.0,566.0097,562.83,567.13,570.95,561.63,1742356800000,584807,2025-03-19,577.638,591.2062000000001,592.1084999999999,573.13725,0,0,0,0,41.43239625167336,-10.03809791599508,-9.244428846480696,-0.7936690695143866,611.5292002862385,543.7467997137616,561.02,9.930000000000064,12.023250000000004,1688212083.0,2.0,-0.0895833333333333,,0.0108319988326511,0.014779823572566,0.0145730730305434,70737123.15,0.9406727618664824,13742492507139.04,27109673927.0,506.92208781796313,36.613512379353786,31.694121894603786,2,3,0.0,0.0636547619047619,561.02,567.15,562.81,551.42,558.87,568.3673750752857,578.4054729912808,-10.038097915995081,0,591.1765,543.0835,-0.09429223286978033,11.379737472255902,22.705710066347386,63.6489408136978,-51.61649141129969,-2094264.207798067,-0.09782801925248585,-0.9572624048444531,-0.02732137344355634,-0.07472305157195758,-0.041929216994678664,1.0141864656633945,0,1,0,0,0,0
62933195.0,566.3679,563.33,565.49,570.57,562.6012,1742443200000,540296,2025-03-20,575.3934999999999,590.6088000000001,591.9834999999999,573.32785,0,0,0,0,35.22504892367907,-9.524069301442635,-9.300356937473085,-0.2237123639695539,605.9349081466261,544.8520918533737,567.13,7.968800000000101,11.715307142857156,1625278888.0,1.0,0.1666666666666666,,-0.0028959424099035,0.0255159406622902,0.0121847259613343,72056087.8,0.8733917830049053,13778080599579.59,27172607122.0,507.0577341996867,33.17247167436012,31.081605772697102,3,3,-0.0895833333333333,0.0539880952380952,567.13,561.02,567.15,562.81,551.42,567.9247019867803,577.4487712882229,-9.524069301442637,0,588.9206142857144,542.0593857142857,-0.115755611196997,11.67885970847187,21.955097816351795,61.990722853281525,-47.2588595251947,-2276251.47667822,-0.3472453284934378,-0.11735513762774628,-0.012606729409299744,-0.07354434942167176,-0.050171324912657855,2.0940905689921943,0,1,0,0,0,0
83760964.0,562.1239,559.28,563.98,564.89,558.03,1742529600000,559081,2025-03-21,573.5955,590.1158,591.8308999999999,573.50875,0,0,0,0,38.77990701893639,-9.133259768087555,-9.266937503595978,0.1336777355084226,602.2266383489684,544.9643616510316,565.49,7.460000000000036,11.00245000000001,1541517924.0,3.0,0.0222222222222222,1.695528,-0.0026738220574662,0.0020788543202858,0.0087907877384571,72421720.1,1.1565724189420352,13825320108056.31,27256368086.0,507.23266080184646,40.04480537664535,36.6102631434531,4,3,0.1666666666666666,0.0584325396825396,565.49,567.13,561.02,567.15,562.81,567.3178247580448,576.4510845261324,-9.133259768087555,0,585.9849,541.9751,-0.024485988185985307,10.734622093213396,26.34523609180919,61.77116982544577,-61.30522974420881,-2499914.2393088564,-0.15451655933621933,0.03067333860878715,-0.020732046117516223,-0.059939327266059994,-0.04187690059969762,0.23648073612152812,0,1,1,0,0,0
58739933.0,573.0181,570.8,574.08,575.15,570.2,1742788800000,506256,2025-03-24,572.439,589.8076,591.7813,573.7372,1,0,0,1,48.47887940468375,-7.9172892246543825,-8.997007847807659,1.0797186231532765,598.8352325062915,546.0427674937084,563.98,11.16999999999996,10.861735714285723,1600257857.0,2.0,0.1416666666666666,,0.0177499695539814,0.0122189896852684,0.0115815254281768,72821856.1,0.8066250456365394,13859041528792.951,27315108019.0,507.3764130514439,69.31818181818198,47.5118196230625,0,3,0.0222222222222222,0.0481944444444444,563.98,565.49,567.13,561.02,567.15,568.3581594106533,576.2754486353077,-7.9172892246543825,0,595.8034714285715,552.3565285714286,0.02570977053349022,17.62083539544651,21.65577324712942,58.656238629328584,4.2925615619864,-1447973.8809628095,0.21071373830879586,-1.2855365821962645,0.024082200577972834,-0.03873009494147783,-0.026141240733515314,1.0550405653071468,0,1,0,0,0,0
38355735.0,574.9591,575.3,575.46,576.41,573.69,1742875200000,389951,2025-03-25,571.5,589.707,591.7275999999999,573.9411500000001,1,0,0,1,45.609981515711695,-6.764294762139571,-8.55046523067404,1.78617046853447,595.8907816926569,547.1092183073431,574.08,2.7199999999999136,10.213128571428578,1638613592.0,1.0,0.0,,0.0024009615375382,0.0257388328401839,0.0090073337524497,71894089.25,0.5335033157819716,13881113720056.05,27353463754.0,507.47188161960526,84.54233019387699,64.63510579623478,1,3,0.1416666666666666,0.0481944444444444,574.08,563.98,565.49,567.13,561.02,569.4507502705528,576.2150450326924,-6.764294762139571,0,595.8862571428572,555.0337428571429,0.029189302851625645,19.621103927884093,23.03107065114866,55.63556870338425,24.311431838483543,-1355772.5949051133,0.007775188564478074,-0.861340290607302,0.035148942293855345,-0.03160339256865907,-0.008665093283260594,2.857538642641876,0,1,0,0,0,0
52228898.0,570.5743,575.19,568.59,576.33,567.19,1742961600000,501105,2025-03-26,570.2025000000001,589.451,591.5958,574.1108,0,0,0,0,47.520462205103506,-6.331899730116334,-8.1067521305625,1.774852400446166,592.0622441839879,548.3427558160123,575.46,9.139999999999986,9.94170000000001,1586384694.0,4.0,0.0338541666666666,,-0.0120101089615962,0.0025743656657204,0.0109462606866118,72339455.25,0.7219973915963377,13910810549169.871,27405692652.0,507.5883585870505,68.24251172861803,74.03434124689235,2,3,0.0,0.0728819444444444,575.46,574.08,563.98,565.49,567.13,569.3183271520062,575.6502268821225,-6.331899730116334,0,588.4734000000001,548.7066,0.013100134691584216,20.156799856006486,26.20362427048247,51.54562623639026,3.288366859502256,-1979295.5665451905,0.25894340185888576,-1.292083061034138,0.017392237908637087,-0.043647189423756116,-0.022016202549063335,0.23518198475295002,0,1,0,0,0,0
41925848.0,568.1556,567.18,567.08,570.9,564.94,1743048000000,456701,2025-03-27,569.304,589.1487999999999,591.4665,574.27615,0,0,0,0,44.568690095846705,-6.041426132603874,-7.693686930970775,1.6522607983669009,590.042652851745,548.565347148255,568.59,5.959999999999923,9.52741428571429,1544458846.0,0.0,0.0,,-0.0026592247568877,0.0028117208085023,0.0109283213829882,70726614.45,0.5927874298244457,13934585859053.71,27447618500.0,507.6792312256056,65.09539842873205,72.62674678374236,3,3,0.0338541666666666,0.039548611111111,568.59,575.46,574.08,563.98,565.49,568.9739691286206,575.0153952612245,-6.041426132603874,0,586.1348285714287,548.0251714285714,0.0543494264547319,21.03328889857443,25.66368629281351,46.79728673618303,-12.9318273593321,-2090637.711992701,0.31499427711189987,-1.0028425770276617,0.028399405172101266,-0.030715323476625755,-0.025953726446692693,0.25728729391197086,0,1,0,0,0,0
71628953.0,558.2611,565.53,555.66,566.2675,555.07,1743134400000,650388,2025-03-28,567.3779999999999,588.4064,591.3367,574.3761499999999,0,0,0,0,46.82416731216108,-6.65599609315575,-7.48614876340777,0.8301526702520201,585.3609715944937,549.3950284055062,567.08,12.009999999999993,8.93312857142858,1472829893.0,0.0,0.0,,-0.0203437908391983,-0.0147522961807157,0.0145071800829191,69883678.7,1.0249739900999228,13974387203077.691,27519247453.0,507.8041188061005,22.37186681631131,51.90325899122048,4,3,0.0,0.0351041666666666,567.08,568.59,575.46,574.08,563.98,566.9256661857559,573.5816622789116,-6.65599609315575,0,573.5262571428572,537.7937428571428,-0.04858573123345654,22.432550424468772,27.235059223593613,41.77118771399093,-80.89274026979952,-3533119.6250561266,0.03501650273919838,-0.3616199496989516,-0.012704109735079294,-0.06482883974553166,-0.06262019636290028,-1.0168954908838748,0,1,1,0,0,0
95128213.0,555.9091,549.83,559.39,560.7112,546.87,1743393600000,754583,2025-03-31,566.159,587.7614,591.2202,574.4883500000001,0,0,0,0,52.26708480334509,-6.764095109620484,-7.341738032650313,0.5776429230298286,582.7118231333563,549.6061768666436,555.66,13.841199999999958,9.064642857142864,1567958106.0,3.0,-0.0833333333333333,,0.0066903079018123,-0.0255887681159421,0.0109695070634092,70927629.4,1.3412010778411831,14027600974147.762,27614375666.0,507.9818259812821,42.383209207853746,43.283491484299056,0,3,0.0,-0.0098958333333333,555.66,567.08,568.59,575.46,574.08,565.7663329264088,572.5304280360293,-6.764095109620484,0,577.5192857142857,541.2607142857142,0.035499081708891725,22.107087977455052,30.48831803077211,36.752732408239694,-106.23187993417464,-2894548.8542790376,0.048313432793733846,-0.2750816563186156,-0.013682447324340985,-0.04176302310841595,-0.05450949901967417,-2.3327160136609884,0,1,0,1,1,0
54576641.0,559.1036,557.45,560.97,562.94,553.68,1743480000000,603800,2025-04-01,565.3645,587.0292,591.1318,574.5864,0,0,0,0,51.397019691325184,-6.645664480245273,-7.202523322169306,0.5568588419240328,581.2673001175555,549.4616998824446,559.39,9.260000000000105,9.053214285714304,1622534747.0,1.0,0.0,,0.0028205238449336,-0.0251798561151079,0.011043394022492,68174850.85,0.8005392064601782,14058216832449.531,27668952307.0,508.08634445088575,47.731888964116585,37.4956549960939,1,4,-0.0833333333333333,-0.0098958333333333,559.39,555.66,567.08,568.59,575.46,565.0284355531152,571.6741000333604,-6.645664480245273,0,579.0764285714287,542.8635714285714,0.08391545280965529,23.893486920675965,30.526805788747055,31.508509723010825,-62.87813158611956,-2740396.8444468942,-0.31927357045705523,0.39151720000628387,-8.912338241051643e-05,-0.027545678327497103,-0.061263763847518304,-2.28008103876525,0,1,0,0,0,0
76007044.0,560.9113,555.05,564.52,567.42,554.81,1743566400000,686534,2025-04-02,564.4375,586.2586,591.01,574.69675,1,0,0,0,59.19169239404996,-6.193951998766238,-7.000809057488692,0.8068570587224544,577.9840386917214,550.8909613082786,560.97,12.610000000000014,9.280714285714298,1698541791.0,0.0,0.0,,0.0063083843888275,-0.0071580576513833,0.0112152930775015,68428840.65,1.1107457510315133,14101124328928.412,27744959351.0,508.2409438967216,59.749492213947185,49.954863461972515,2,4,0.0,-0.0166666666666666,560.97,559.39,555.66,567.08,568.59,564.9502146987898,571.144166697556,-6.193951998766238,0,583.0814285714285,545.9585714285714,0.07775739481577112,26.755791578022343,26.692218885038738,25.46671029758057,-23.349534069062997,-2259399.632118252,-0.31947572293738447,0.8539355790647615,-0.004602119443513852,-0.03179775666312212,-0.06389188292844705,-0.6382402331812814,0,1,0,0,0,0
125426398.0,543.254,545.11,536.7,547.97,536.7,1743652800000,1198719,2025-04-03,562.637,584.8638,590.4666000000001,574.66635,0,0,0,0,35.11232751739088,-7.988719120128621,-7.198391070016679,-0.7903280501119427,580.4534029685245,544.8205970314754,564.52,27.819999999999936,10.381428571428572,1573115393.0,1.0,0.0,,-0.0505365333630229,-0.0535726881568737,0.0247688170586206,70696682.15,1.7741482936056,14168440676735.012,27870385749.0,508.3690195153966,0.0,35.8271270593546,3,4,0.0,-0.0166666666666666,564.52,560.97,559.39,555.66,567.08,560.6040278220529,568.5927469421815,-7.988719120128621,0,557.4628571428572,515.9371428571429,0.014007183275750849,20.667951009999474,36.322554008784735,22.507445086056837,-249.64651053368863,-8440513.48523239,-1.6158110749926156,3.271527031812402,-0.0509115987904295,-0.06287649944998341,-0.11499901061935225,-2.1629077561921988,0,1,0,0,0,0
217902831.0,514.9711,523.67,505.28,525.87,505.06,1743739200000,1957425,2025-04-04,559.105,582.7744,589.5633,574.4572499999999,0,0,0,0,23.04609218436876,-11.810274909000782,-8.1207678378135,-3.6895070711872826,589.4422340272001,528.7677659727999,536.7,31.640000000000043,12.11571428571429,1355212562.0,3.0,-0.0499999999999999,,-0.060326548115506,-0.0906669546125328,0.0334629557578097,77571032.9,2.8090747648146888,14278542619182.691,28088288580.0,508.3450555741439,0.3083391730903581,20.01927712901253,4,4,0.0,-0.0266666666666666,536.7,564.52,560.97,559.39,555.66,552.0926389263525,563.9029138353533,-11.810274909000782,0,529.5114285714285,481.0485714285714,-0.163593411034718,14.242895884079555,49.77667727568821,23.064011794536203,-394.65984890334136,-21197187.511727676,-1.161826374008347,0.2936247555643864,-0.10408170502500091,-0.12265592443394913,-0.17133251332513333,-2.709471577287576,1,1,1,0,0,0
256046855.0,501.1763,489.19,504.38,523.17,481.8,1743998400000,2517688,2025-04-07,556.295,580.7026,588.6252,574.2366999999999,0,0,0,0,24.146430527661153,-14.74157616912578,-9.444929504075956,-5.296646665049822,595.2453865260206,517.3446134739793,505.28,41.36999999999995,14.492857142857142,1099165707.0,0.0,0.0,,-0.001782778833216,-0.0983392624108403,0.0320195686538189,85459069.45,2.9961343675735517,14407687531907.592,28344335435.0,508.30923748230725,23.86639890075044,8.058246024613613,0,4,-0.0499999999999999,-0.01,505.28,536.7,564.52,560.97,559.39,544.7522329376828,559.4938091068086,-14.741576169125779,0,533.3657142857143,475.39428571428573,-0.11840412581644441,11.906752094041089,51.45450960810967,23.600745080249077,-302.0218536260209,-21653255.76992113,-1.3581398644535034,0.5743263637276083,-0.12141164994425868,-0.10025330907274621,-0.1703866967120089,-3.071222875042786,1,1,0,0,0,0
165553031.0,507.092,521.86,496.48,524.98,489.16,1744084800000,1708697,2025-04-08,553.323,578.6448,587.6024,573.9841,0,0,0,0,18.27000808407439,-17.500383980686593,-11.056020399398085,-6.444363581288508,600.5791169975311,506.0668830024689,504.38,35.81999999999999,16.34214285714285,933612676.0,0.0,0.0,,-0.015786751533991,-0.1149615843984527,0.0295912308102264,89336858.8,1.8531324385450632,14489881300738.473,28509888466.0,508.2405467148232,15.51633019765354,13.230356090498129,1,4,0.0,-0.01,504.38,505.28,536.7,564.52,560.97,537.3257355626547,554.8261195433413,-17.500383980686593,0,529.1642857142857,463.7957142857143,-0.15081395971144063,8.75859958876008,45.63188950366572,26.069706451953547,-214.15330433650985,-24246278.778168876,-1.2145347791268768,0.4025678031280151,-0.1372467243596427,-0.10692185926032516,-0.17166358009243032,-3.884986950554749,0,1,0,0,0,0
241783327.0,521.8234,493.44,548.62,548.62,493.05,1744171200000,2299200,2025-04-09,552.8105,577.5268,587.1196,574.0046500000001,0,0,0,0,44.7877402212198,-15.303092277713631,-11.905434775061195,-3.397657502652436,600.0356353568609,505.5853646431392,496.48,55.56999999999999,19.74222857142856,1175396003.0,4.0,0.145,,0.0998628335734738,-0.028165521150712,0.0637474950869966,97948661.8,2.468469936768447,14622528469597.213,28751671793.0,508.58011231045265,70.62678363809324,36.66983757883242,2,4,0.0,0.0189999999999999,496.48,504.38,505.28,536.7,564.52,539.0633147068617,554.3664069845753,-15.303092277713631,0,588.1044571428571,509.13554285714287,-0.017673310520970847,15.803252780269318,37.77298264062775,26.81637211368075,-86.08863958711513,1145645.7097863406,1.405070275747649,3.789650416170541,-0.03512196837791737,-0.018340580099128645,-0.09247005888969762,-0.4418293878681894,1,1,0,0,0,0
162294725.0,524.4548,532.17,524.58,533.495,509.32,1744257600000,1754792,2025-04-10,551.4685000000001,575.9821999999999,586.3935,573.91385,0,0,0,0,39.31438489911044,-15.324894022931744,-12.589326624635303,-2.735567398296439,600.3561737343686,502.5808262656316,548.62,39.30000000000001,22.01651428571427,1013101278.0,4.0,0.0104166666666666,,-0.0448080918526892,-0.022582448295137,0.0627847464032558,102364427.35,1.5854601955139058,14707665036437.713,28913966518.0,508.66992002918914,45.21720748335276,43.78677377303319,3,4,0.145,0.0210833333333333,548.62,496.48,504.38,505.28,536.7,536.8351124442676,552.1600064671993,-15.324894022931744,0,568.6130285714286,480.5469714285715,0.02668821031906114,14.170791275699209,32.38802561089249,26.604041659104105,-97.87023643629506,-5965952.826541166,1.4791902473405094,3.413376932342525,-0.07494533399167669,-0.04867433172536351,-0.12832953922334278,-0.35968043182478526,0,1,0,0,0,0
96865434.0,529.3795,523.01,533.94,536.43,520.07,1744344000000,1019117,2025-04-11,550.0250000000001,574.5602,585.7994,573.8593999999999,0,0,0,0,39.0698181026032,-14.42066582875293,-12.95559446545883,-1.4650713632941006,599.2066544744308,500.8433455255694,524.58,16.3599999999999,22.38722857142855,1109966712.0,4.0,0.319047619047619,,0.0176855306759713,0.0567210259658013,0.0546277545969972,104074932.05,0.9307278140086952,14759385366267.674,29010831952.0,508.7542953158972,55.11045344043977,56.98481485396194,4,4,0.0104166666666666,0.0948928571428571,524.58,548.62,496.48,504.38,505.28,536.3897105297649,550.8103763585178,-14.42066582875293,0,578.7144571428571,489.16554285714295,0.03349605293054652,11.59902393291842,31.851706265184006,29.199581051448625,-62.94000444589345,-4237597.833518169,1.1514802624077864,2.46160812586956,-0.03908865133354911,-0.051296174552690754,-0.11751289170963886,1.038318634933108,0,1,1,0,0,0
68033993.0,539.5603,544.05,539.12,544.28,533.86,1744603200000,752545,2025-04-14,548.6234999999999,573.3062,585.3331000000001,573.82745,0,0,0,0,40.30519688400383,-13.13466749053589,-12.991409070474242,-0.1432584200616471,597.3457768783512,499.90122312164857,533.94,10.41999999999996,22.937228571428555,1178000705.0,2.0,0.0099999999999999,,0.0096547075411356,0.0688766406280978,0.0541946314305501,105026196.25,0.6477811767842635,14796063852573.834,29078865945.0,508.82534004452674,60.63683486723789,53.65483193034349,0,4,0.319047619047619,0.0968928571428571,533.94,524.58,548.62,496.48,504.38,536.8097550636472,549.9444225541831,-13.13466749053589,0,584.9944571428571,493.2455428571429,0.02640256145121103,13.373081565048565,31.087950592141304,31.47449246029848,-29.326894024314733,-3577568.45991814,1.1224955763716837,2.3647865621322146,-0.03623589981944619,-0.04942255135325746,-0.10418397527499923,1.2709123782350793,0,1,0,0,0,0
56892874.0,539.2414,539.675,537.61,543.23,536.81,1744689600000,547009,2025-04-15,547.4530000000001,572.1030000000001,584.8276999999999,573.7836500000001,0,0,0,0,41.49181588487311,-12.09789195500366,-12.812705647380128,0.7148136923764667,596.0459577310628,498.8600422689374,539.12,6.420000000000073,22.742942857142847,1121107831.0,1.0,0.1,,-0.0028047904115455,0.082843216242346,0.0527429834036782,104631268.85,0.543746383134873,14826650030564.977,29135758819.0,508.8815473340693,62.63748597081933,59.46159142616568,1,4,0.0099999999999999,0.1168928571428571,539.12,533.94,524.58,548.62,496.48,536.93286966924,549.0307616242436,-12.09789195500366,0,583.0958857142857,492.1241142857143,0.01668821255793461,13.487323539814328,29.312075456081452,33.18386136361494,-25.376156392518823,-3736917.472642581,1.172408764707079,2.48599586179816,-0.041642155551990356,-0.041727567644647245,-0.10064071465613855,1.5706961417280625,0,1,0,0,0,0
83409814.0,527.9408,531.68,525.66,537.8854,520.29,1744776000000,770793,2025-04-16,545.3795,570.5806,584.1813,573.69085,0,0,0,0,39.24155844155842,-12.10101206870354,-12.67036693164481,0.569354862941271,593.9762754940726,496.7827245059274,537.61,17.59540000000004,23.574042857142853,1037698017.0,3.0,0.0666666666666666,,-0.0224787743200886,-0.0418504611570851,0.0253050482027748,105474735.3,0.7908037290898041,14870495233392.217,29219168633.0,508.9294435502023,51.22634898388225,58.16688994064649,2,4,0.1,0.1012261904761904,537.61,539.12,533.94,524.58,548.62,535.1985820278184,547.2995940965219,-12.10101206870354,0,572.8080857142857,478.5119142857143,-0.004536540973263494,13.011829596686802,32.60244469756982,35.54333213803291,-56.31131662783861,-5590951.581569136,1.3853952134215188,2.892677636976973,-0.0688372422589103,-0.07312256449138654,-0.12649140882049925,-1.6538377751091689,0,1,0,0,0,0
79440083.0,527.5642,527.64,526.41,531.165,523.91,1744862400000,633849,2025-04-17,543.4255,569.0244,583.5404,573.5962,0,0,0,0,41.956772809767365,-11.90572427096174,-12.517438399508196,0.6117141285464562,591.7595757970831,495.09142420291704,525.66,7.2549999999999955,23.234399999999997,1117138100.0,1.0,0.0,,0.0014257608848264,0.0034885050897859,0.0151555339847675,106300079.7,0.7473191292442652,14912313287484.244,29298608716.0,508.9768402327109,52.10231254379816,55.322049166166586,3,4,0.0666666666666666,0.0991428571428571,525.66,537.61,539.12,533.94,524.58,533.8464924850771,545.7522167560388,-11.905724270961741,0,572.8788,479.9412,-0.007975767507028997,13.202037864631695,30.044736621129353,37.63449380611487,-53.41669112449008,-5477608.237487406,1.3397360244569954,3.3916295607626217,-0.01917272219116839,-0.06910820704168075,-0.12877759756380136,0.23018013033990192,0,1,0,0,0,0
69359529.0,513.9931,521.16,513.88,521.7,508.46,1745208000000,715705,2025-04-21,540.9205,567.1756,582.7425,573.42055,0,0,0,0,38.06326391438912,-12.6165874006972,-12.537268199745998,-0.0793192009512004,589.9571507291959,491.883849270804,526.41,17.94999999999999,23.527885714285713,1047778571.0,2.0,-0.125,,-0.0240906016277447,-0.037569764393003,0.0149623188585132,105580007.95,0.6569380922271468,14947955762246.764,29367968245.0,508.98842022521274,37.467881336136415,46.93218095460562,0,4,0.0,0.0103333333333333,526.41,525.66,537.61,539.12,533.94,530.7747244104498,543.391311811147,-12.616587400697199,0,560.9357714285715,466.8242285714286,-0.04312742910336163,13.037356279568643,31.870995632177745,39.49182627174249,-87.54491517872934,-7128555.024915449,1.9014911006193662,4.932240891784829,0.0170202659911336,-0.08883293733820352,-0.15246074680036947,-2.5109570006293986,0,1,0,0,0,0
75937717.0,525.0503,520.14,527.25,529.305,519.1925,1745294400000,712399,2025-04-22,538.579,565.7052,582.0599,573.2995,0,0,0,0,41.67078351941507,-11.963199967860987,-12.422454553368995,0.4592545855080097,585.3696760392587,491.7883239607412,513.88,15.424999999999956,23.968242857142847,1123716288.0,3.0,0.2757575757575757,,0.025685044195475,-0.022017361626354,0.0203478627213556,106439897.15,0.7134328295430902,14987993923535.014,29443905962.0,509.03551800764353,53.08339173090402,47.55119520361288,1,4,-0.125,0.0634848484848484,513.88,526.41,525.66,537.61,539.12,530.2324591165344,542.1956590843954,-11.963199967860987,0,575.1864857142857,479.3135142857143,-0.037269227688987744,14.400006675070596,31.285444965830205,41.26119446675007,-46.583348081395705,-5152826.690888047,1.5751099254636522,3.593073141692856,0.0453427970974265,-0.08157399665551845,-0.12237628376916287,-1.0820473436147566,0,1,0,0,0,0
90565658.0,538.5299,540.43,535.42,545.43,533.88,1745380800000,885536,2025-04-23,536.577,564.3166,581.4388,573.2034,0,0,0,0,42.97237248840803,-10.66321608210194,-12.070606859115586,1.4073907770136458,580.0308012873,493.1231987127,527.25,18.17999999999995,24.366099999999985,1214281946.0,1.0,0.0,,0.0153766662780904,-0.0040735849407563,0.0222514951630036,109050393.3,0.8304936393108818,15036484588141.371,29534471620.0,509.1164244143459,80.24543549835371,56.932236188464735,2,4,0.2757575757575757,0.0434848484848484,527.25,513.88,526.41,525.66,537.61,531.0305423293753,541.6937584114772,-10.66321608210194,0,584.1521999999999,486.6878,-0.07213022912629469,17.578579606866594,30.774606639353888,43.202049616711406,7.35293405036955,-3749466.945302476,1.3647501179309058,3.2717275337296194,0.07843216242346096,-0.06957911931324523,-0.11478879060924208,-0.18307008496347627,0,1,0,0,0,0
64149872.0,543.4085,536.715,546.69,547.43,535.4504,1745467200000,580936,2025-04-24,535.482,563.1442000000001,580.8992,573.16045,1,0,0,0,52.62218489159537,-8.624160717679842,-11.381317630828438,2.757156913148595,576.5789742003159,494.38502579968406,535.42,12.009999999999993,23.23681428571427,1278431818.0,2.0,0.4023809523809524,,0.020830428529099,0.0400068485332725,0.0200293772306627,109646442.0,0.5850611367763306,15071554681665.053,29598621492.0,509.1978586144168,97.11164322059273,76.81349014995016,3,4,0.0,0.1106277056277056,535.42,527.25,513.88,526.41,525.66,533.4396896633176,542.0638503809975,-8.624160717679842,0,593.1636285714286,500.2163714285715,-0.029578350424348025,19.04766881558487,26.703316227061404,42.435228456736404,35.42844890884194,-2399182.9487390174,-0.8263502662407098,-0.3356168000449798,-0.0035179176843715965,-0.0385163298686223,-0.09684293998116655,1.9974075128981772,0,1,0,0,0,0
60939590.0,548.3551,546.65,550.64,551.05,543.69,1745553600000,562251,2025-04-25,534.66,562.0898000000001,580.4173000000001,573.13455,1,0,0,0,63.91240338608762,-6.613229469569433,-10.427699998576635,3.814470529007204,573.7021736884126,495.6178263115873,546.69,7.3599999999999,21.50252857142855,1339371408.0,1.0,0.0,,0.0071993239240351,0.0460287608518075,0.0197309526004036,110597129.1,0.5510051707119765,15105110457502.652,29659561082.0,509.2830071133368,99.4079422382672,92.2550069857379,4,4,0.4023809523809524,0.1106277056277056,546.69,535.42,527.25,513.88,526.41,536.0858912535764,542.6991207231458,-6.613229469569433,0,593.6450571428571,507.6349428571429,0.000499529871187313,21.78647428103849,18.346679492898627,39.08282825452226,66.59434631257399,-1958876.0462897418,-0.7867809763020143,-0.41655988190752324,0.04967783750810151,-0.02899061860760399,-0.08737735348713871,2.3328188180168143,0,1,1,0,0,0
47602355.0,549.7273,551.39,550.85,553.55,545.02,1745812800000,472023,2025-04-28,534.4195,560.9122,579.9003,573.0822000000001,1,0,0,0,64.31343559416007,-4.945596959288309,-9.331279390718972,4.385682431430663,572.9732030646913,495.8657969353086,550.64,8.529999999999973,19.156814285714265,1386973763.0,1.0,0.0,,0.0003813016959653,0.0719428660387639,0.0102072616913213,109395799.2,0.4351387836471878,15131332214754.402,29707163437.0,509.34961349788335,95.80680229849366,97.4421292524512,0,4,0.0,0.1356277056277056,550.64,546.69,535.42,527.25,513.88,538.35729259918,543.3028895584683,-4.945596959288309,0,589.1636285714286,512.5363714285714,0.037776951428855794,25.386341450099952,11.920413250491233,37.202745682916586,77.41711326652656,-1940721.7266798262,-0.545831033642072,-0.40670911421825906,0.03167022511892714,-0.008656372601950735,-0.09656733308185594,7.048197423796713,0,1,0,0,0,0
47775121.0,552.8584,548.91,554.32,555.45,548.55,1745899200000,474829,2025-04-29,534.1659999999999,559.8045999999999,579.4072,573.0714,1,0,0,0,68.31538948701711,-3.3058780756288115,-8.126199127700941,4.82032105207213,572.089917963267,496.2420820367329,550.85,6.900000000000091,17.091099999999987,1434748884.0,0.0,0.0,,0.0062795975330518,0.0513418681839734,0.008068617510313,107028144.6,0.4463790452366676,15157814919827.123,29754938558.0,509.4218188446485,98.18910256410255,97.80128236695448,1,4,0.0,0.0804761904761904,550.85,550.64,546.69,535.42,527.25,540.8130937377678,544.1189718133966,-3.3058780756288115,0,588.5022,520.1378000000001,0.017664693047080366,28.492272919468853,13.361172940746888,34.94267020274812,93.24227506013008,-1639769.2534657053,-0.48806182076579097,-0.3697200941938859,0.02819409407924023,-0.009063444108761254,-0.0908315565031983,6.363147650371795,0,1,0,0,0,0
93094138.0,551.0278,547.57,554.54,556.52,541.52,1745985600000,707089,2025-04-30,533.8444999999999,558.6655999999999,578.9135,573.04415,1,0,0,0,52.79297980751084,-1.9659743568001888,-6.894154173520791,4.928179816720602,570.9109839245202,496.7780160754797,554.32,15.0,14.193242857142844,1527843022.0,0.0,0.0,,0.0003968039299578,0.0357102835157445,0.0083553470742098,108954019.45,0.8544350953727021,15209439343113.645,29848032696.0,509.56253961594905,95.88014981273405,96.62535155844346,2,4,0.0,0.0804761904761904,554.32,550.85,550.64,546.69,535.42,542.9249254704189,544.8908998272191,-1.9659743568001886,0,582.9264857142856,526.1535142857143,0.034406544124015975,22.412576607258153,19.62704586691518,32.486918930477295,88.69532243899147,-1602821.8036894244,-0.564382306130671,-0.21993351043984635,0.03149122970182838,-0.0114622885359289,-0.09313316652766201,4.273938647813177,0,1,0,1,0,0
63171646.0,560.0678,560.37,558.47,564.0699,557.86,1746072000000,585864,2025-05-01,533.542,557.5764,578.4216,573.0288499999999,1,1,0,0,69.73331780598579,-0.5802837012302007,-5.631380079062673,5.051096377832472,569.6405170128459,497.44348298715414,554.54,9.529899999999998,12.06680714285713,1591014668.0,0.0,0.0,,0.0070619605085897,0.0215478607620405,0.0035545004684623,108312249.55,0.5832363953519235,15244718812255.262,29911204342.0,509.6658308354805,89.93003044421958,94.66642760701876,3,5,0.0,0.0,554.54,554.32,550.85,550.64,546.69,545.3164753980467,545.8967590992769,-0.5802837012302007,0,582.6036142857142,534.3363857142858,-0.007770916138077952,30.831270904847518,23.0857612338519,30.71822262375198,136.4581735706972,-1155127.1941391584,-0.8794097628312282,2.06913402487688,0.062416771297036266,-0.01071706936866712,-0.08885190804822729,6.062117682090332,0,1,0,0,0,0
60717270.0,565.9279,564.73,566.76,568.38,562.38,1746158400000,571476,2025-05-02,535.045,556.7040000000001,578.0226,573.03835,1,1,0,0,69.3514150943396,1.1732948317802538,-4.270445096894088,5.443739928674342,574.080803538484,496.0091964615159,558.47,9.909999999999968,11.60609285714285,1651731938.0,1.0,0.0,,0.0147350319383525,0.02927502542496,0.0059205141302595,105076793.15,0.5778371054141749,15279130932200.46,29971921612.0,509.7814924913951,97.29639519359144,94.36885848351504,4,5,0.0,0.0,558.47,554.54,554.32,550.85,550.64,548.6154791829625,547.4421843511823,1.1732948317802538,1,589.9721857142857,543.5478142857143,0.06496326636344796,32.90143785112249,24.002171271862597,28.505973468962804,144.8835191281239,-253832.28429619502,-1.1742618513221597,2.434431520971976,0.07665127942098371,0.056008943543879086,-0.07146367836429768,4.944667867383028,0,1,1,0,0,0
38608147.0,564.3937,562.57,563.51,566.65,561.7,1746417600000,414697,2025-05-05,537.9565,555.9754,577.5796,573.0712,1,1,0,0,64.71581995897188,2.2745510062837866,-2.961445876258513,5.2359968825423,576.3253076574316,499.5876923425684,566.76,5.059999999999945,11.223235714285703,1613123791.0,2.0,-0.0621212121212121,,-0.0057508541447311,0.0229826631569391,0.0076875355560585,96112058.95,0.4016993020624494,15300887009116.432,30010529759.0,509.8506135010088,91.87249666221628,93.03297410000911,0,5,0.0,-0.0124242424242424,566.76,558.47,554.54,554.32,550.85,550.9069439240452,548.6323929177614,2.2745510062837866,1,585.9564714285714,541.0635285714286,0.1765879842210855,29.02778864835725,25.25373061975032,26.15662809063536,123.33449535774177,-475224.8980127577,0.24108763824697357,-0.69733432002497,0.09657896785241693,0.11524303356554788,-0.060722738940560794,2.989597003275854,0,1,0,0,0,0
48264708.0,560.063,557.93,558.8,563.3476,556.96,1746504000000,473580,2025-05-06,540.6775,555.2072000000001,577.1208,573.1019,1,1,0,0,62.309747879632816,2.7357112454956223,-1.8220144519076864,4.557725697403308,576.6651557052305,504.6898442947696,563.51,6.5499999999999545,11.232521428571411,1564859083.0,2.0,0.2,,-0.0083934521684881,0.0080819743108671,0.0094566565239728,85722951.6,0.5630313364058267,15327857327946.832,30058794467.0,509.9292103937999,84.01201602136175,91.06030262572315,1,5,-0.0621212121212121,0.0275757575757575,563.51,566.76,558.47,554.54,554.32,552.1212602434229,549.3855489979272,2.7357112454956223,1,581.2650428571428,536.3349571428571,0.17237450812515873,29.003791921226,28.247060669608757,23.61002401980292,96.93042524704269,-878637.037424661,0.041330653648839845,-0.8143617846545459,0.059838786154575496,0.10789484119116532,-0.06431573483364328,0.8546324743903326,0,1,0,0,0,0
55733229.0,560.1667,560.15,561.15,563.82,556.04,1746590400000,531073,2025-05-07,543.9110000000001,554.5454,576.7043,573.1627,1,1,0,0,73.20517850137308,3.253307316154519,-0.8069500982952452,4.060257414449764,574.3753805123339,513.4466194876662,558.8,7.780000000000086,10.531421428571416,1620592312.0,4.0,0.1208333333333333,,0.0041966220794581,0.0119197893749773,0.0094874289325325,80231961.5,0.6946512082968331,15359132029400.182,30114527696.0,510.0240051727684,87.93391188250999,87.93947485536269,2,5,0.2,0.0517424242424242,558.8,563.51,566.76,558.47,554.54,553.5102971290501,550.2569898128955,3.253307316154519,1,582.2128428571428,540.0871571428571,0.25606887600999334,30.934638450586725,19.54694760240975,22.15357240120559,91.36870355195816,-644254.2740925178,0.350639387749161,0.07323998209634094,0.04805573194875046,0.1302570093457942,-0.05568457189014542,1.2563758733776142,0,1,0,0,0,0
65130787.0,566.2262,565.24,565.06,570.31,561.7,1746676800000,601131,2025-05-08,544.733,553.9558000000001,576.2803,573.21475,1,1,0,0,74.26849177445685,3.933665407797207,0.1411730029232452,3.7924924048739617,576.5878174329168,512.8781825670831,561.15,9.159999999999968,10.66749285714284,1685723099.0,3.0,0.0,,0.0069436707361845,0.0118000966927496,0.0094729400183063,71399334.5,0.9122043987678904,15395934831902.402,30179658483.0,510.1427784736142,91.51172190784156,87.81921660390442,3,5,0.1208333333333333,0.0517424242424242,561.15,558.8,563.51,566.76,558.47,555.2871744938116,551.3535090860144,3.933665407797207,1,586.3949857142857,543.7250142857142,0.10841686136671905,34.885690771168896,19.297612438101517,21.426686268622046,105.82411338773787,-190433.76768603863,-0.31195093889938574,0.03275788894620492,0.03360222429530424,0.029966096751850024,-0.04958455276348106,1.2456622984335537,0,1,0,0,0,0
37603427.0,564.8133,566.48,564.34,567.5,562.7637,1746763200000,422432,2025-05-09,546.721,553.5416,575.8803999999999,573.26755,1,1,0,0,87.20141551164855,4.364445503439811,0.9858275030265584,3.378618000413252,578.2411281723319,515.2008718276682,565.06,4.736300000000028,9.72365714285713,1648119672.0,1.0,0.4333333333333333,,-0.0012750134541162,-0.0042698849601241,0.0064674610135378,65164769.6,0.5770514839662688,15417155949895.582,30217261910.0,510.2102234085438,88.3210250892553,89.25555295986896,4,5,0.0,0.1384090909090908,565.06,561.15,558.8,563.51,566.76,556.679916879379,552.3154713759392,4.364445503439811,1,583.7873142857143,544.8926857142858,0.07645858385302241,38.2719023972262,9.821407582551158,22.65660926947859,93.16635982058051,-238348.09083755605,0.08763812101716913,-0.031660483793242884,0.02488013947406653,0.07579396850813991,-0.03539868387317313,-0.660209369502595,0,1,1,0,0,0
78993570.0,579.7482,581.47,582.99,583.0,577.04,1747022400000,733762,2025-05-12,549.1735,553.3178,575.6682,573.4763499999999,1,1,1,1,88.1258549931601,6.139963293433993,2.0166546611080456,4.123308632325948,583.9691562776113,514.3778437223887,564.34,18.659999999999968,9.95472857142856,1727113242.0,1.0,0.1363636363636363,,0.0325131268003885,0.0345690404784297,0.0155242543583765,64271176.4,1.2290668138447207,15463208411269.885,30296255480.0,510.39998726832374,99.9796416938111,93.27079623030266,0,5,0.4333333333333333,0.1781060606060605,564.34,565.06,561.15,558.8,563.51,560.7276219748592,554.5876586814252,6.139963293433993,1,602.8994571428572,563.0805428571429,0.08635061312184879,43.048457944390556,9.59343083117763,24.55603025206284,156.24823728390956,2372188.253387545,1.3608919984787013,2.6902607434172583,0.058346192248343476,0.09186425441060786,-0.018832676966575645,2.2267747881900197,0,1,0,0,0,0
67947225.0,586.9132,583.41,586.84,589.08,582.84,1747108800000,682785,2025-05-13,551.5595000000001,553.3792,575.4686999999999,573.7185000000001,1,1,1,1,87.38005234079681,7.768189900484344,3.1669617089833055,4.601228191501039,589.8240541488556,513.2949458511446,582.99,6.240000000000009,9.10187142857142,1795060467.0,1.0,0.0,,0.0065821767267216,0.0501789549033644,0.0131191900371121,64266838.0,1.0572672798994716,15503082560788.885,30364202705.0,510.5710402281048,95.82320211226634,94.70795629844424,1,5,0.1363636363636363,0.1381060606060605,582.99,564.34,565.06,561.15,558.8,564.7449109018039,556.9767210013196,7.768189900484344,1,605.0437428571429,568.6362571428572,0.10075864809771282,39.199159981291274,10.492347726724004,26.733111801674045,157.72309917088833,2820904.0396789145,1.3504092123510818,2.6628467499852317,0.058666474238706856,0.08851461641193059,0.005258920465251782,3.8248486768565337,0,1,0,0,0,0
66283531.0,587.3875,587.81,587.59,588.98,585.535,1747195200000,676301,2025-05-14,554.0585,553.5938,575.3017000000001,573.93425,1,1,1,1,85.10127016821151,9.015168696315982,4.336603106449841,4.678565589866141,594.9268247696039,513.1901752303961,586.84,3.44500000000005,8.49008571428571,1861343998.0,3.0,0.1916666666666666,,0.0012772155036144,0.0471175265080638,0.0134901999947202,64736370.85,1.023899395806183,15542030100769.172,30430486236.0,510.7388025362071,96.86711522287636,97.5566530096513,2,5,0.0,0.1522727272727272,586.84,582.99,564.34,565.06,561.15,568.2595399938341,559.2443712975181,9.015168696315982,1,604.5701714285715,570.6098285714286,0.14290088445742602,40.34117104317132,11.24841411568718,29.5659260014456,141.80801420347146,2905616.479611435,1.3420473835364635,2.6938072236215143,0.059598946874887426,0.09296702070273999,0.018600700343237575,3.492720018925181,0,1,0,0,0,0
71268145.0,588.6247,585.56,590.46,590.97,585.0969,1747281600000,737359,2025-05-15,557.2985,553.7418,575.3435,574.16275,1,1,1,1,84.81986708639391,10.118355289103532,5.49295354298058,4.625401746122954,598.9541996921453,515.6428003078547,587.59,5.873100000000022,8.383878571428577,1932612143.0,1.0,0.1666666666666666,,0.0048724683638914,0.0449509786571338,0.0136084039277413,64129287.4,1.111319771190846,15584111089665.871,30501754381.0,510.92507319426346,98.9686552072801,97.21965751414092,3,5,0.1916666666666666,0.1856060606060605,587.59,586.84,582.99,564.34,565.06,571.6749953793981,561.5566400902945,10.118355289103533,1,607.2277571428572,573.6922428571429,0.2155068669562907,39.463494134622046,11.390909252588434,32.89670605567545,133.78348202208977,3253715.623827645,1.4149079784924439,2.8726701119158347,0.05728150124447162,0.12327359890423484,0.012691661235550544,3.303175439534465,0,1,0,0,0,0
76052101.0,592.4173,591.25,594.2,594.5,589.28,1747368000000,645314,2025-05-16,560.688,554.1716,575.4245,574.42375,1,1,1,1,85.70252017789497,11.165713955371755,6.627505625458816,4.538208329912941,602.7907173019813,518.5852826980187,590.46,5.220000000000027,8.147450000000008,2008664244.0,4.0,0.16875,,0.0063140688895582,0.0529113654888897,0.0125896872594089,63959888.3,1.18905931547726,15629301248080.07,30577806482.0,511.13219181632434,99.43374858437154,98.42317300484268,4,5,0.1666666666666666,0.1326893939393939,590.46,587.59,586.84,582.99,564.34,575.1403807056445,563.9746667502727,11.165713955371757,1,610.4949,577.9051000000001,0.287999324728703,41.51167367515411,11.721458860333904,34.31575206722813,138.7014642558855,3735433.0267677335,1.7978561304626308,4.7809388691397325,0.048415555085044915,0.12877794874717452,0.03752335387892658,4.20275121781395,0,1,1,0,0,0
68168509.0,593.1807,588.1,594.85,595.54,588.1,1747627200000,662361,2025-05-19,564.7365000000001,554.5502,575.4614999999999,574.64395,1,1,1,1,85.00604594921408,11.910901355378314,7.684184771442715,4.226716583935599,603.3118688934162,526.161131106584,594.2,7.439999999999941,8.186021428571426,2076832753.0,2.0,0.325,,0.0010933098940278,0.0203434021166744,0.0026759240359492,63900337.3,1.066794196718583,15669851285658.72,30645974991.0,511.31841262223134,98.72269529803786,99.0416996965632,0,5,0.16875,0.1704166666666666,594.2,590.46,587.59,586.84,582.99,578.172629827853,566.2617284724747,11.910901355378314,1,611.2220428571429,578.4779571428571,0.34155153603944854,39.65819781285181,12.69585870576442,35.41199644137129,128.32258405623114,3810003.0887838937,1.960478932318632,5.648344127034357,0.055615694486344625,0.15756596870864792,0.03286914849284628,7.602355604949823,0,1,0,0,0,0
60614492.0,592.5641,593.09,592.85,594.05,589.6,1747713600000,632002,2025-05-20,568.0165000000001,555.1956,575.4431000000001,574.89315,1,1,1,1,82.10155857214687,12.1994567103078,8.587239159215732,3.6122175510920673,604.2561812318957,531.7768187681045,594.85,5.25,7.4895928571428545,2016218261.0,2.0,0.275,,-0.0033678570184555,0.0102412923454433,0.003775364170454,63134176.05,0.9600900145112452,15705786587240.92,30706589483.0,511.47935513763485,93.18987341772169,97.1154391000437,1,5,0.325,0.2254166666666666,594.85,594.2,590.46,587.59,586.84,580.430686777414,568.2312300671063,12.1994567103078,1,607.8291857142857,577.8708142857143,0.332113442524412,43.34586182509001,7.171856565999486,40.05346819705452,110.46001012149974,3606205.5196488164,2.4377807729086527,6.932145768827169,0.06093414459556201,0.12441915599810338,0.057565378714902415,2.7126562515555257,0,1,0,0,0,0
95197657.0,587.028,588.44,582.86,592.58,581.82,1747800000000,1066364,2025-05-21,570.3885,555.7344,575.2587,575.1429499999999,1,1,1,1,68.55317206754908,11.489584618468484,9.167708251066284,2.3218763674022007,603.7399423423589,537.0370576576412,592.85,11.029999999999973,7.596742857142853,1921020604.0,1.0,0.0,,-0.0169943956124156,-0.0080498306642387,0.0093793740179188,63365776.0,1.5023513165845237,15761273493599.94,30801787140.0,511.6999679908813,67.89873417721532,86.60376763099163,2,5,0.275,0.1870833333333333,592.85,594.85,594.2,590.46,587.59,580.8044272731966,569.3148426547281,11.489584618468484,1,598.0534857142857,567.6665142857144,0.3227087843922122,35.6356671622767,14.385864617318491,42.0617326805913,71.7370410210782,2002048.3240175452,1.0493442525642869,3.827064171099871,0.038688407734117414,0.08860333943446275,0.04846021010217316,-0.8582472632381763,0,1,0,0,0,0
70860417.0,583.9339,582.66,583.09,586.62,581.405,1747886400000,844277,2025-05-22,572.2085,556.2188,575.0762,575.4715,1,1,1,1,64.15814114791057,10.820829166247108,9.49833243410245,1.3224967321446588,604.0534369850031,540.3635630149968,582.86,5.215000000000032,7.261385714285715,1991881021.0,1.0,0.35,,0.0003945280723588,-0.0124817938556379,0.008800822842173,63701303.25,1.1123856716385154,15802591494148.469,30872647557.0,511.86382589870954,68.48101265822802,76.52320675105501,3,5,0.0,0.2237499999999999,582.86,592.85,594.85,594.2,590.46,581.1560538465509,570.3352246803038,10.820829166247108,1,597.6127714285715,568.5672285714286,0.25720020436919716,33.04170592851792,15.4584819489926,43.534213701256014,55.1435121079994,2030010.2632654016,1.2464036891828338,4.241391313310698,0.031908115952288485,0.06658252391666197,0.043337448780575105,-1.4182514404575421,0,1,0,0,0,0
76029046.0,578.8343,575.98,579.11,581.8101,575.6,1747972800000,877472,2025-05-23,573.6320000000001,556.7726,574.9172,575.7563,1,1,1,1,63.35616438356167,9.856068294378588,9.569879606157675,0.2861886882209106,603.9248809423821,543.3391190576181,583.09,7.490000000000009,7.434957142857148,1915851975.0,0.0,0.0,,-0.0068491061066177,-0.0253954897340963,0.0073497155104765,64455776.05,1.1795536514993217,15846620674977.53,30948676603.0,512.0290239952116,58.40506329113937,64.92827004219426,4,5,0.35,0.1899999999999999,583.09,582.86,592.85,594.85,594.2,580.8412763316969,570.9852080373183,9.856068294378588,1,593.9799142857144,564.2400857142857,0.21987563021324272,32.27033684195784,20.02125096119095,44.71077317166259,27.446396327520976,1511058.4666645299,1.2509428463167824,3.754192999450804,0.026172165715703244,0.051703472323114896,0.05021580646331292,-3.4552977111725975,0,1,1,0,0,0
72588475.0,588.5785,586.07,591.15,591.31,578.43,1748318400000,830952,2025-05-27,575.647,557.3394000000001,574.9465,576.11875,1,1,1,1,74.60824585425229,9.948337488277843,9.645571182581712,0.3027663056961316,604.9028039945623,546.3911960054378,579.11,12.879999999999995,7.887100000000008,1988440450.0,0.0,0.0,,0.0205773500517175,-0.0062200554761705,0.0138099507735684,65705082.05,1.1047619565372722,15889531351973.78,31021265078.0,512.2141638008983,88.88607594936713,71.92405063291152,1,5,0.0,0.1249999999999999,579.11,583.09,582.86,592.85,594.85,582.4272338191281,572.4788963308503,9.948337488277843,1,606.9242,575.3757999999999,0.25626853626014995,39.02384906646605,14.580771131288461,47.873419256680585,60.700528657657884,3020210.853948468,0.07181367837114533,1.7729183108413338,0.0139968095507641,0.07315966234001992,0.05035447131358728,-0.4504035585731269,0,1,0,0,0,0
68445512.0,589.7912,591.56,587.73,592.7688,586.985,1748404800000,731933,2025-05-28,577.3175,557.7510000000001,574.963,576.40415,1,1,1,1,69.8952095808384,9.634436287050562,9.643344203475484,-0.0089079164249206,605.2304525678032,549.4045474321968,591.15,5.783800000000042,7.74451428571429,1919994938.0,4.0,0.05,,-0.0058021335410718,-0.0086362486295015,0.0139456145911472,66738601.6,1.0255760588187093,15929758832741.54,31089710590.0,512.3804155920751,76.92080378250601,74.7373143410042,2,5,0.0,0.0799999999999999,591.15,579.11,583.09,582.86,592.85,583.2430440008008,573.6086077137502,9.634436287050562,1,603.2190285714286,572.2409714285715,0.19016207557151057,41.08779301467872,14.00069357720476,49.774280409015695,66.53310765554328,2624230.7287010713,0.4708799966044907,1.8719506539705273,0.0015165973689590384,0.06027204502814243,0.0362866966411004,-0.6192801601000979,0,1,0,0,0,0
70073758.0,589.7108,593.06,590.05,593.2,586.07,1748491200000,826143,2025-05-29,579.0930000000001,558.3316,575.0171,576.68945,1,1,1,1,69.161171599448,9.463779376834736,9.607431238147331,-0.1436518613125965,605.3754152539057,552.8105847460945,587.73,7.1299999999999955,7.599514285714292,1990068696.0,1.0,-1.0,,0.0039396203037071,0.0123357238444907,0.0110636320291456,65587582.6,1.068399767488915,15971105853649.44,31159784348.0,512.5550830288256,83.25009229229654,83.01899067472324,3,5,0.05,-0.12,587.73,591.15,579.11,583.09,582.86,584.2902680006775,574.8264886238428,9.463779376834736,1,605.2490285714285,574.8509714285714,0.14748446315526081,35.7717410477576,15.12784651508472,50.61634637239799,65.93649415207187,2900839.2369616656,0.36775202543433266,1.6330507534503655,0.004186592692183133,0.06403505608251892,0.051745035827599706,1.11497857685507,0,1,0,0,0,0
90601242.0,588.238,588.93,589.39,591.1299,583.235,1748577600000,884337,2025-05-30,580.639,558.7768,574.9915,576.97005,1,1,1,1,69.22486569455104,9.16957491012056,9.519859972541978,-0.3502850624214186,605.4076269300452,555.8703730699548,590.05,7.894900000000007,7.825128571428577,1899467454.0,1.0,0.5,,-0.0011191753186094,0.0108045070229294,0.0111543468457807,66959062.4,1.3530840897796084,16024505319671.82,31250385590.0,512.7778431252252,69.15747241725178,76.44278949735146,4,5,-1.0,-0.09,590.05,587.73,591.15,579.11,583.09,585.0748421544195,575.9052672442989,9.16957491012056,1,605.0402571428572,573.7397428571428,0.22020263286090483,34.74036939285889,17.279497003492402,48.78841146817793,50.54464759914999,2799497.28336452,0.5976099005788063,2.1052217629321683,-0.0018121464620804995,0.055365552312568234,0.03925026008146282,0.9686355898696538,0,1,1,0,0,0
61630502.0,589.9925,587.76,592.71,592.79,585.06,1748836800000,728812,2025-06-02,581.9365,559.3212,574.965,577.2234,1,1,1,1,59.755118426334846,9.099419559730563,9.435771889979696,-0.3363523302491327,606.3602393360975,557.5127606639026,589.39,7.730000000000018,7.044414285714295,1961097956.0,0.0,0.0,,0.0056171368402752,0.0234843121341368,0.0099705901941053,67004724.0,0.9197933865080916,16061034334512.24,31312016092.0,512.9351711918582,85.80742226680073,79.40499565878304,0,6,0.5,-0.09,589.39,590.05,587.73,591.15,579.11,586.2494818229703,577.1500622632398,9.099419559730563,1,606.7988285714287,578.6211714285714,0.2442485479068851,24.557247989333224,19.194539136459156,45.124484115118904,61.41273642790945,3146658.3594601476,0.6216282208486719,2.247637227642817,-0.002507573207674252,0.04578657632860472,0.04813524553926696,2.355355914082376,0,1,0,0,0,0
63606204.0,595.0725,592.34,596.09,597.08,591.85,1748923200000,690792,2025-06-03,583.5654999999999,559.9634,575.0396000000001,577.4851,1,1,1,1,59.37183383991896,9.210387082248644,9.390694928433486,-0.1803078461848422,607.1459481676916,559.9850518323083,592.71,5.230000000000018,6.972271428571438,2024704160.0,0.0,0.0,,0.00568642178297,0.0083565930812823,0.005011856688207,68254626.85,0.931895857254987,16098949356654.6,31375622296.0,513.1037467488578,95.39106145251392,83.4519853788555,1,6,0.0,-0.09,592.71,589.39,590.05,587.73,591.15,587.7634076963595,578.5530206141109,9.210387082248644,1,610.0345428571429,582.1454571428571,0.2763296014613812,22.977549843054057,19.39314713801058,41.602310518243954,92.095581084576,3509380.3812245885,0.44450121693191075,1.66244079419879,0.0020845591325544532,0.057816187822753884,0.05693464307244933,1.667361404672932,0,1,0,0,0,0
57314199.0,596.8589,596.96,595.93,597.95,595.49,1749009600000,629200,2025-06-04,585.422,560.4004,575.104,577.6994,1,1,1,1,58.552091878588925,9.179602239979316,9.348476390742652,-0.1688741507633349,606.5072770784113,564.3367229215887,596.09,2.4600000000000364,6.901914285714294,1967389961.0,0.0,0.0,,-0.0002684518732252,0.0139519847549043,0.0032533668767414,68707101.4,0.8341815886880071,16133104607264.67,31432936495.0,513.2547705121647,90.96196868008909,90.72015079980126,2,6,0.0,-0.1,596.09,592.71,589.39,590.05,587.73,589.0198065123042,579.8402042723249,9.179602239979317,1,609.7338285714285,582.1261714285714,0.262609349880912,24.11215107774322,19.59083815053468,38.31322852625692,104.70314009503353,3493996.3421700727,0.3433586004097314,1.7667245521815502,0.0051952433161843725,0.06644595561918387,0.038060897435897356,4.288462506341621,0,1,0,0,0,0
92436397.0,595.1416,597.63,593.05,599.0,591.05,1749096000000,944088,2025-06-05,587.017,560.7522,575.2296,577.8931,1,1,1,1,52.655320893992126,8.821128620081936,9.24300683661051,-0.4218782165285741,604.9641341796631,569.069865820337,595.93,7.950000000000045,7.050264285714296,1874953564.0,1.0,0.7,,-0.0048444980278835,0.0050843148885688,0.004569942903558,70542259.8,1.310369093109206,16187924012505.52,31525372892.0,513.4887402589115,74.57264957264935,86.97522656841745,3,6,0.0,0.2399999999999999,595.93,596.09,592.71,589.39,590.05,589.6398362796419,580.81870765956,8.821128620081936,1,607.1505285714286,578.9494714285713,0.21083511601285515,21.588653715961133,23.67692396296419,34.69976404977252,88.51462299904067,3047271.352053785,1.4680425622602646,2.912817454592683,0.017482757437463414,0.056847545219638196,0.030566850867132178,1.1125530165989974,0,1,0,0,0,0
66588743.0,599.078,598.66,599.14,600.83,596.86,1749182400000,768591,2025-06-06,588.721,561.3632,575.4071,578.0907500000001,1,1,1,1,54.83176838810636,8.925559503409204,9.179517369970249,-0.2539578665610449,604.19089048373,573.25110951627,593.05,7.780000000000086,7.233121428571443,1941542307.0,2.0,0.0,,0.0102165812026817,0.0165425270194607,0.0058729933115873,70615157.6,0.9429808735568128,16227819991986.54,31591961635.0,513.6692738322433,93.301625049544,86.27874776742749,4,6,0.7,0.1399999999999999,593.05,595.93,596.09,592.71,589.39,591.1013999289278,582.1758404255186,8.925559503409204,1,613.6062428571429,584.6737571428571,0.22774768447309265,19.364095917948525,23.078358777816852,31.327585443445777,141.866734828554,3731067.7349388716,0.967398024620709,0.9584255511780455,0.027525767891749098,0.060312179237603125,0.05372940079846633,2.816706571035415,0,1,1,0,0,0
53016418.0,599.9965,599.72,599.68,601.25,598.49,1749441600000,637329,2025-06-09,590.488,562.0151999999999,575.582,578.29565,1,1,1,1,54.73436581062529,8.948739716803402,9.13336183933688,-0.1846221225334776,601.7268323049406,579.2491676950596,599.14,2.759999999999991,6.898835714285732,1994558725.0,1.0,-0.25,,0.0009008859320361,0.0117595451401188,0.0057821089612679,71385807.15,0.7426744911435802,16259612877532.78,31644978053.0,513.8133719132518,93.87914230019472,87.25113897412938,0,6,0.0,0.0899999999999999,599.14,593.05,595.93,596.09,592.71,592.4211845552466,583.4724448384432,8.948739716803402,1,613.4776714285714,585.8823285714285,0.2289832301528834,20.737246551878084,22.974891205972135,28.014660193431663,152.45512409914213,3778851.0004861536,1.1103093936784059,1.6387190600888866,0.035520022102881965,0.06262182372328717,0.05748747972067414,2.033777793035959,0,1,0,0,0,0
66246973.0,601.7272,600.22,603.08,603.47,599.09,1749528000000,674474,2025-06-10,591.4925000000001,562.9636,575.685,578.5079499999999,1,1,1,1,59.75958786491128,9.136145984086056,9.133918668286716,0.0022273157993399,603.4761465322597,579.5088534677404,599.68,4.3799999999999955,6.836692857142874,2060805698.0,0.0,0.0,,0.0056536783007151,0.0117264171517723,0.0057773853988765,70748477.3,0.936373128132328,16299565102009.62,31711225026.0,513.9998561596287,98.60064585575893,95.26047106849924,1,6,-0.25,0.0899999999999999,599.68,599.14,593.05,595.93,596.09,594.0610023159778,584.9248563318918,9.136145984086056,1,616.7533857142857,589.4066142857143,0.2138873808022091,23.245157169428726,23.18372395767965,22.90935641213983,159.812218661112,4154450.834064067,-0.1345241310744701,-0.7800853974390708,0.020181003129493558,0.034460282337604564,0.08533995608825551,2.0297065272791746,0,1,0,0,0,0
73658225.0,602.4555,604.19,601.36,605.06,599.27,1749614400000,808639,2025-06-11,592.2185,563.803,575.7822,578.73365,1,1,1,1,70.95604893520611,9.041650655215337,9.11546506567244,-0.0738144104571052,604.7616235511995,579.6753764488004,603.08,5.789999999999964,6.46240714285716,1987147473.0,1.0,0.0,,-0.0028561010415043,0.0091118084338766,0.0061710152585948,71034027.3,1.0369428258504498,16343860212195.62,31784883251.0,514.2023043825847,87.44059742023101,93.30679519206156,2,6,0.0,0.0899999999999999,603.08,599.68,599.14,593.05,595.93,595.1839250365966,586.1422743813813,9.041650655215335,1,614.2848142857143,588.4351857142857,0.18512093246977485,26.348872652898073,15.927280522856163,21.63577925253951,139.08041665217118,3944375.6417181096,0.07674035244511976,-0.7789962830417642,0.023190921001140063,0.02474268965987325,0.07502815566956866,1.476546935403639,0,1,0,0,0,0
64129003.0,602.495,600.01,603.75,603.75,599.52,1749700800000,689902,2025-06-12,593.0264999999999,564.6586,575.8439,578.9417500000001,1,1,1,1,72.31101511879044,9.055232370143244,9.1034185265666,-0.0481861564233572,606.3706290461232,579.6823709538767,601.36,4.230000000000018,6.392050000000016,2051276476.0,0.0,0.0,,0.0039664480975689,0.0180423235814857,0.004926831491608,70926300.9,0.9041639305342652,16382578097756.87,31849012254.0,514.3826115266522,95.55329260013596,93.86484529204198,3,6,0.0,-0.05,601.36,603.08,599.68,599.14,593.05,596.5017827232741,587.4465503531309,9.055232370143244,1,616.5341000000001,590.9658999999999,0.22159042011762647,26.638894069682593,15.63884602015236,20.90467954337338,127.85765940980241,4199245.132821605,0.07483910430367015,-0.7822623674845026,0.023218371324464027,0.027502169880358807,0.07626076260762593,3.6620466910124048,0,1,0,0,0,0
89505996.0,598.3869,598.5,597.0,601.85,595.48,1749787200000,980649,2025-06-13,593.3534999999999,565.3081999999999,575.7834,579.1228,1,1,1,1,68.22906052577946,8.424218245142129,8.967578470281707,-0.5433602251395779,606.7532302015104,579.9537697984895,603.75,8.269999999999982,6.4477642857143,1961770480.0,0.0,0.0,,-0.0112430915741803,-0.0035717862269252,0.0067177401478287,71838193.45,1.2459388481462432,16436013177368.87,31938518250.0,514.614142356741,69.73338340217819,84.24242447418173,4,6,0.0,-0.05,603.75,601.36,603.08,599.68,599.14,596.5784315350782,588.154213289936,8.424218245142129,1,609.8955285714286,584.1044714285714,0.1452225957840695,26.408710879140912,13.54843926925407,21.53043491619344,65.84560124148659,3198556.9787843376,-0.7114906091809644,0.31782078736885616,0.012911654422368857,0.011076110151407415,0.05753560547013392,-0.5316938183656126,0,1,1,0,0,0
79984125.0,602.39,600.4,602.68,604.45,600.22,1750046400000,775607,2025-06-16,593.7774999999999,566.6278000000001,575.7458,579.3284,1,1,1,1,63.498009833762545,8.286936885153864,8.831450153256139,-0.5445132681022748,607.8116476406506,579.7433523593493,597.0,7.450000000000045,6.059907142857161,2041754605.0,1.0,0.0,,0.0094692625404855,0.0050026680896477,0.0081692675824615,72034794.65,1.110354036387886,16484218009823.87,32018502375.0,514.8341361117103,89.09507445589918,84.79391681940444,0,6,0.0,0.0,597.0,603.75,601.36,603.08,599.68,597.5171343758353,589.2301974906815,8.286936885153864,1,614.7998142857143,590.5601857142856,0.10716151478652104,19.966006077419216,14.415590996276965,19.42648756199273,105.56183769640187,3959544.968734078,-0.592715247396161,-0.07414721968988351,0.016821042330988023,0.014271289128239495,0.12293646357369092,0.612375823829007,0,1,0,0,0,0
82209365.0,599.0958,600.21,597.53,601.75,596.76,1750132800000,827346,2025-06-17,593.9114999999999,568.4728,575.6236,579.52455,1,1,1,1,61.02610261026096,7.674116026072966,8.599983327819505,-0.9258673017465392,608.0396283820089,579.783371617991,602.68,5.919999999999959,6.069635714285726,1959545240.0,0.0,0.0,,-0.0085818841828409,-0.0092027591695962,0.0086098409090339,72736837.45,1.1302301266055388,16533340571692.318,32100711740.0,515.0459187822456,65.4982817869416,74.77557988167301,1,6,0.0,0.0,602.68,597.0,603.75,601.36,603.08,597.5191137026299,589.8449976765569,7.674116026072966,1,609.6692714285714,585.3907285714286,0.028888158679330134,18.217261801047414,18.46427591930511,15.962433085959102,56.029173931777954,3257052.386020205,-0.13601984694201188,-0.9975705750176042,0.0024157425892061823,0.004505337480037008,0.1825720392653578,-1.0688639404824292,0,1,0,0,0,0
76605029.0,598.6557,598.44,597.44,601.22,596.47,1750219200000,711298,2025-06-18,594.141,570.3340000000001,575.5183000000001,579.72,1,1,1,1,58.75384979862603,7.099351922507367,8.299857046757078,-1.200505124249711,608.3454409660313,579.9365590339686,597.53,4.75,5.8996357142857265,1882940211.0,0.0,0.0,,-0.0001506313968887,-0.0065185579353465,0.0086157432699471,73536364.3,1.0417298941715565,16579107480218.078,32177316769.0,515.2420756285863,65.08591065292136,73.2264222985874,2,6,0.0,0.0,597.53,602.68,597.0,603.75,601.36,597.5069423637638,590.4075904412564,7.099351922507367,1,609.2392714285716,585.6407285714286,-0.021225407794368555,18.7421983659109,18.23962496252924,13.162497079103229,48.33283390252627,3245514.1325266683,-0.14213051713476163,-0.9946352614759272,0.0025338546473581136,0.007742261954963414,0.18450374717474927,-0.7565859572701673,0,1,0,0,0,0
94051374.0,595.4982,598.38,594.28,599.46,592.86,1750392000000,825556,2025-06-20,594.712,572.29,575.4674,579.8729999999999,0,1,1,1,55.468575262804706,6.316054098659606,7.903096457137584,-1.5870423584779774,607.8879487424142,581.5360512575858,597.44,6.600000000000023,5.80714285714287,1788888837.0,1.0,0.2857142857142857,1.761117,-0.0053032715842057,-0.0156853002070394,0.0081835408562559,73479050.15,1.279975364515514,16635000330758.8,32271368143.0,515.4724230174018,46.100000000000136,58.89473081328771,4,6,0.0,0.0571428571428571,597.44,597.53,602.68,597.0,603.75,597.0104896924155,590.6944355937559,6.316054098659606,1,605.8942857142857,582.6657142857142,-0.0054453842304152565,19.04071340479199,19.483394831551855,10.84702031229573,12.232004392436473,2748054.401273304,-0.1303739314027952,-1.0464900676399895,0.0020740241126380177,0.01959304121058225,0.19698678698034144,-1.9166863483287087,0,1,1,0,0,0
87426039.0,597.1593,595.04,600.15,600.54,591.89,1750651200000,920372,2025-06-23,595.5649999999999,573.3206,575.4237,580.11335,1,1,1,1,57.871349978840385,6.098643506201483,7.542205866950364,-1.4435623607488806,607.7441495684255,583.3858504315743,594.28,8.649999999999977,5.8728571428571525,1876314876.0,1.0,-0.2,,0.0098290352022014,0.0052763819095476,0.0084043765085479,74307331.25,1.1765466143019367,16687469068064.648,32358794182.0,515.7012024059682,64.9536045681658,58.71317174036244,0,6,0.2857142857142857,0.0171428571428571,594.28,597.44,597.53,602.68,597.0,597.4934912781977,591.3948477719962,6.098643506201483,1,611.8957142857142,588.4042857142857,0.06500678009320467,18.122111406212287,19.265385548617694,10.189933559627708,31.208706873088065,3611604.9985170206,-0.1545778080352519,-1.0614944303477674,0.0016857495743900497,0.029257919017647183,0.09392657941744731,0.6278128575097205,0,1,0,0,0,0
67735293.0,605.9159,604.33,606.78,607.8499,603.41,1750737600000,682502,2025-06-24,596.9485,574.9646,575.4734000000001,580.3925,1,1,1,1,60.58206295783005,6.387696249931537,7.311303943546599,-0.923607693615062,607.4245705268601,586.4724294731399,600.15,7.699900000000071,6.0492785714285855,1944050169.0,0.0,0.0,,0.0109866631707802,0.0068029468374593,0.0088022635849401,73892643.6,0.9166716698710724,16728569489151.188,32426529475.0,515.891455545635,93.63150971136692,68.22837142651098,1,6,-0.2,0.0171428571428571,600.15,594.28,597.44,597.53,602.68,598.9221849277058,592.5344886777742,6.387696249931537,1,618.8785571428572,594.6814428571428,0.08240642837422407,21.15942987048515,18.70352899003263,10.025735916304397,143.876095314242,4359892.914188095,-0.24666925193204361,-1.4232785885480734,0.01183964781216651,0.04778021446702696,0.15669678600022863,0.7728624623868238,0,1,0,0,0,0
62114767.0,607.1031,607.91,607.12,608.61,605.54,1750824000000,645731,2025-06-25,597.7470000000001,576.4282,575.4942,580.6800499999999,1,1,1,1,61.03768001578225,6.568490322655293,7.162741219368338,-0.5942508967130449,608.781758671892,586.7122413281081,606.78,3.07000000000005,6.0928500000000145,2006164936.0,1.0,-0.1125,,0.0005601779535233,0.0160494033772362,0.0069834810847651,73368958.2,0.8466082730884408,16766280606492.229,32488644242.0,516.0658746362047,91.51480637813208,83.36664021922162,2,6,0.0,-0.0053571428571428,606.78,600.15,594.28,597.44,597.53,600.1833872465203,593.614896923865,6.568490322655293,1,619.3057,594.9343,0.035996487884036504,20.879274181929844,18.569775577864707,9.704938572835568,150.11560954978694,4394697.984856214,-0.043831557562854014,-1.27525542633748,0.0066989454135437665,0.027015139981392267,0.13705659811963877,2.298192004891211,0,1,0,0,0,0
78548361.0,610.4559,608.99,611.87,612.31,608.37,1750910400000,630338,2025-06-26,598.954,577.8832,575.5947,581.0376,1,1,1,1,67.90334855403351,7.014200888776145,7.1330331532499,-0.1188322644737551,610.6372753157996,587.2707246842003,607.12,5.189999999999941,5.89570714285715,2084713297.0,1.0,-0.5,,0.0077933765520524,0.0241530530262452,0.0069385678443639,73874100.65,1.0632733300151518,16814341992137.297,32567192603.0,516.2969432799192,97.8452497551423,94.3305219482138,3,6,-0.1125,-0.1053571428571428,607.12,606.78,600.15,594.28,597.44,601.9813276701326,594.9671267813565,7.014200888776145,1,623.6614142857143,600.0785857142857,0.11143141209874506,26.060123646132162,13.811502071869258,11.569708013196747,187.47337686083137,5009246.533330976,-0.4323421863926026,-1.2740990249941164,0.017477052015431704,0.04107328194919435,0.1349421279121532,3.4809803345889323,0,1,0,0,0,0
86258398.0,613.9506,612.88,614.91,616.39,610.83,1750996800000,806398,2025-06-27,600.1969999999999,579.4292,575.7661,581.3801,1,1,1,1,65.92607554029487,7.525977533015748,7.21162202920307,0.3143555038126777,613.1160322270555,587.2779677729443,611.87,5.559999999999945,5.737135714285712,2170971695.0,1.0,0.0,,0.0049560739864365,0.0347142760988086,0.0041839664400687,74683332.65,1.1549886024000295,16867383143651.477,32653451001.0,516.5574426768834,93.95918367346933,94.43974660224792,4,6,-0.5,-0.1625,611.87,607.12,606.78,600.15,594.28,603.9703541824199,596.4443766494041,7.525977533015748,1,626.3842714285714,603.4357285714285,0.13176789738373682,29.58171013290818,14.19324476073882,13.455586033014365,198.56486298389282,5437810.656298271,-0.46655549973038185,-1.2907873210336172,0.018484472049689282,0.042132022709939765,0.1437845278175629,8.29695783330907,0,1,1,0,0,0
92502541.0,617.0305,617.38,617.85,619.22,615.04,1751256000000,858415,2025-06-30,601.62,581.273,575.9268,581.7254,1,1,1,1,67.50144480832213,8.075705929123615,7.38443880918718,0.6912671199364349,615.7406843430218,587.4993156569782,614.91,4.310000000000059,5.847850000000002,2263474236.0,0.0,0.0,,0.0047697939160529,0.0294926268432893,0.0038763198473283,74778397.6,1.2370222413003409,16924535838608.326,32745953542.0,516.8435793723611,94.98719356019026,95.5972089962673,0,6,0.0,-0.1225,614.91,611.87,607.12,606.78,600.15,606.1056843082015,598.0299783790779,8.075705929123615,1,629.5457,606.1543,0.11902961884005565,31.96534989880703,13.924531480565532,15.898031416964585,206.15988487293197,5880082.648199526,-0.6905768202194555,-0.622242395680289,0.03492462311557798,0.048287212202446694,0.1753795228855155,7.6083893798709195,0,1,0,1,1,0
70030140.0,617.4604,616.36,617.65,618.83,615.52,1751342400000,746886,2025-07-01,602.867,583.0978,576.0611,582.04155,1,1,1,1,64.95586121946204,8.398419562209483,7.587234959791641,0.8111846024178417,618.0403340887187,587.6936659112812,617.85,3.310000000000059,5.771421428571435,2193444096.0,0.0,0.0,,-0.0003237555673767,0.0179142358021029,0.0033695770305131,75198379.5,0.9312719298691804,16967789954579.326,32815983682.0,517.0587028261591,94.25539699963392,94.40059141109786,1,7,0.0,-0.1225,617.85,614.91,611.87,607.12,606.78,607.8817328761705,599.483313313961,8.398419562209483,1,629.1928428571429,606.1071571428571,0.09159860277291007,29.64112578980394,14.1089283508879,18.424446047565656,172.6887679159649,5857413.670292262,-0.34806976609381046,-0.7096266973624665,0.024839052233357695,0.042077913313424586,0.1733249748295056,5.316448466794766,0,1,0,0,0,0
66510374.0,619.1415,617.24,620.45,620.49,616.61,1751428800000,679099,2025-07-02,604.085,585.2292,576.2024,582.34835,1,1,1,1,69.1705161679052,8.778911217052155,7.825570211243744,0.9533410058084106,620.800303419935,587.3696965800651,617.65,3.879999999999995,5.6349928571428665,2259954470.0,1.0,0.0,,0.0045230672378059,0.0219561207010146,0.0029272060192762,75343588.0,0.8827609059446438,17009056316127.629,32882494056.0,517.2678291117647,99.86013986013998,96.36757680665472,2,7,0.0,-0.1,617.65,617.85,614.91,611.87,607.12,609.8153124336827,601.0364012166306,8.778911217052155,1,631.7199857142858,609.1800142857143,0.10841965221802659,30.447497077515873,14.45051901264282,19.208614398501883,157.84833755559004,6158925.929986266,-0.2516579286271644,-0.5131952423858758,0.03835790671598094,0.04086631213407377,0.20738304662567142,7.5006834331425924,0,1,0,0,0,0
